arch,strategy,dataset,scale,degradation,deg_level,epoch,total_steps,train_loss,train_psnr,val_loss,val_psnr,subset_size,epoch_time,total_time
srcnn,baseline,div2k,4,noise,0.5,0,45,0.17709096984730827,15.28937865363227,0.0864217419642955,19.36669579744339,720,41.90580201148987,41.90580201148987
srcnn,baseline,div2k,4,noise,0.5,1,90,0.07749076460798582,19.94018211364746,0.054050851985812186,22.42496175765991,720,43.236701250076294,85.14250326156616
srcnn,baseline,div2k,4,noise,0.5,2,135,0.06313531754745377,21.195780902438692,0.04793592244386673,23.266441917419435,720,43.38614296913147,128.52864623069763
srcnn,baseline,div2k,4,noise,0.5,3,180,0.05502150927980741,22.332333458794487,0.0443623976316303,23.8462455034256,720,43.447484254837036,171.97613048553467
srcnn,baseline,div2k,4,noise,0.5,4,225,0.05012151019440757,23.275647905137802,0.04407789674587548,23.945612120628358,720,43.378718852996826,215.3548493385315
srcnn,baseline,div2k,4,noise,0.5,5,270,0.050225979006952706,23.53848097059462,0.043431974248960614,24.062201499938965,720,43.152759075164795,258.5076084136963
srcnn,baseline,div2k,4,noise,0.5,6,315,0.04808270517322752,24.030052439371744,0.04303209390491247,24.137148475646974,720,43.08870601654053,301.5963144302368
srcnn,baseline,div2k,4,noise,0.5,7,360,0.04822570814026727,24.06501668294271,0.04281336944550276,24.19242148399353,720,43.05191707611084,344.64823150634766
srcnn,baseline,div2k,4,noise,0.5,8,405,0.04675476708345943,24.493961630927192,0.04237391178030521,24.271583843231202,720,43.17386078834534,387.822092294693
srcnn,baseline,div2k,4,noise,0.5,9,450,0.0459559549887975,24.82653685675727,0.04214110288303345,24.32557146549225,720,44.58814311027527,432.41023540496826
srcnn,baseline,div2k,4,noise,0.5,10,495,0.046833295623461405,24.766804885864257,0.042407089238986374,24.3087806224823,720,43.96001887321472,476.370254278183
srcnn,baseline,div2k,4,noise,0.5,11,540,0.04481955120960871,25.249402533637152,0.043553880113177,24.194076275825502,720,43.54363298416138,519.9138872623444
srcnn,baseline,div2k,4,noise,0.5,12,585,0.045583126197258635,25.05027020772298,0.04174100621603429,24.421790528297425,720,43.40377616882324,563.3176634311676
srcnn,baseline,div2k,4,noise,0.5,13,630,0.044261882536941105,25.31025161743164,0.04164085395168513,24.440780019760133,720,43.44007587432861,606.7577393054962
srcnn,baseline,div2k,4,noise,0.5,14,675,0.04425462045603328,25.372872628106013,0.04266675063408911,24.3418625831604,720,43.35102295875549,650.1087622642517
srcnn,baseline,div2k,4,noise,0.5,15,720,0.045005590551429324,25.19554320441352,0.044256540248170495,24.128322958946228,720,43.26052904129028,693.369291305542
srcnn,baseline,div2k,4,noise,0.5,16,765,0.04496363542146153,25.34846789042155,0.04138218655716628,24.50275776386261,720,43.28347897529602,736.652770280838
srcnn,baseline,div2k,4,noise,0.5,17,810,0.043200919114881095,25.619329282972547,0.04125425310339779,24.54680986404419,720,43.46513795852661,780.1179082393646
srcnn,baseline,div2k,4,noise,0.5,18,855,0.04369591789113151,25.636098225911457,0.041254513524472715,24.544990563392638,720,43.41664505004883,823.5345532894135
srcnn,baseline,div2k,4,noise,0.5,19,900,0.0438496068947845,25.529018444485136,0.040903851366601886,24.594290328025817,720,43.49193596839905,867.0264892578125
srcnn,baseline,div2k,4,noise,0.5,20,945,0.0427978053689003,25.806970681084525,0.04094442583154887,24.608837151527403,720,43.578871965408325,910.6053612232208
srcnn,baseline,div2k,4,noise,0.5,21,990,0.04146660094459852,26.035726928710936,0.041100784111768006,24.5886198759079,720,43.70038199424744,954.3057432174683
srcnn,baseline,div2k,4,noise,0.5,22,1035,0.04377070234881507,25.444333436754015,0.04439124674536288,24.159251546859743,720,43.69381499290466,997.9995582103729
srcnn,baseline,div2k,4,noise,0.5,23,1080,0.04304533733261956,25.66065868801541,0.040649843658320604,24.654802322387695,720,43.818039894104004,1041.817598104477
srcnn,baseline,div2k,4,noise,0.5,24,1125,0.043241471383306716,25.689958657158744,0.04103116975165903,24.610070610046385,720,43.66021108627319,1085.4778091907501
srcnn,baseline,div2k,4,noise,0.5,25,1170,0.0432752647333675,25.64254052903917,0.04037950977217406,24.709373593330383,720,43.741355895996094,1129.2191650867462
srcnn,baseline,div2k,4,noise,0.5,26,1215,0.04228044690357314,25.865060509575738,0.04153223496396095,24.54821934700012,720,43.73147988319397,1172.9506449699402
srcnn,baseline,div2k,4,noise,0.5,27,1260,0.04182060849335459,25.926772774590386,0.0410031242063269,24.605160427093505,720,43.70431900024414,1216.6549639701843
srcnn,baseline,div2k,4,noise,0.5,28,1305,0.042877449591954546,25.72201156616211,0.04069157547783107,24.652823829650877,720,43.4721360206604,1260.1270999908447
srcnn,baseline,div2k,4,noise,0.5,29,1350,0.041802945194972886,25.853070873684352,0.04103152337484062,24.613046002388,720,43.044981956481934,1303.1720819473267
srcnn,baseline,div2k,4,noise,0.5,30,1395,0.04308275431394577,25.68880950080024,0.040273730247281495,24.725706362724303,720,43.09466505050659,1346.2667469978333
srcnn,baseline,div2k,4,noise,0.5,31,1440,0.040903906275828676,26.095087093777128,0.04074733064044267,24.66427674293518,720,43.23935413360596,1389.5061011314392
srcnn,baseline,div2k,4,noise,0.5,32,1485,0.043258473111523525,25.730771085951062,0.040089847054332495,24.75344862937927,720,43.638208866119385,1433.1443099975586
srcnn,baseline,div2k,4,noise,0.5,33,1530,0.04157180918587579,25.866710578070748,0.04136899576988071,24.593721985816956,720,44.96199417114258,1478.1063041687012
srcnn,baseline,div2k,4,noise,0.5,34,1575,0.04161393799715572,25.92161110772027,0.040155127714388075,24.74841845035553,720,45.221688985824585,1523.3279931545258
srcnn,baseline,div2k,4,noise,0.5,35,1620,0.04254684820771217,25.743003802829318,0.0400377115001902,24.769250202178956,720,46.10498380661011,1569.4329769611359
srcnn,baseline,div2k,4,noise,0.5,36,1665,0.043573554853598276,25.506033113267687,0.04226517737843096,24.499697184562685,720,48.93158411979675,1618.3645610809326
srcnn,baseline,div2k,4,noise,0.5,37,1710,0.04258453788028823,25.80271182590061,0.04028672457206994,24.734413027763367,720,46.795961141586304,1665.160522222519
srcnn,baseline,div2k,4,noise,0.5,38,1755,0.04095238546530406,26.036821111043295,0.039949336438439786,24.75018835067749,720,50.13379192352295,1715.2943141460419
srcnn,baseline,div2k,4,noise,0.5,39,1800,0.04283758931689792,25.75965381198459,0.03991241294424981,24.779598975181578,720,48.12305283546448,1763.4173669815063
srcnn,baseline,div2k,4,noise,0.5,40,1845,0.04320593459738625,25.78051291571723,0.040415616193786266,24.724724054336548,720,47.75014615058899,1811.1675131320953
srcnn,baseline,div2k,4,noise,0.5,41,1890,0.04274684608810478,25.75163353814019,0.04022153483238071,24.734932947158814,720,49.52171182632446,1860.6892249584198
srcnn,baseline,div2k,4,noise,0.5,42,1935,0.042727805881036654,25.773126729329427,0.040558462915942076,24.690271162986754,720,45.90753388404846,1906.5967588424683
srcnn,baseline,div2k,4,noise,0.5,43,1980,0.04190162205033832,26.00962668524848,0.04011460868641734,24.754142189025877,720,49.89914917945862,1956.4959080219269
srcnn,baseline,div2k,4,noise,0.5,44,2025,0.04184403514696492,26.001861657036674,0.039626691164448856,24.827764534950255,720,46.35840678215027,2002.8543148040771
srcnn,baseline,div2k,4,noise,0.5,45,2070,0.04090855465167099,26.106342273288302,0.03990744699258357,24.781796622276307,720,48.29174590110779,2051.146060705185
srcnn,baseline,div2k,4,noise,0.5,46,2115,0.04234185537530316,25.930945714314777,0.039704828942194584,24.82777681350708,720,48.46531891822815,2099.611379623413
srcnn,baseline,div2k,4,noise,0.5,47,2160,0.04149641489817037,26.003421571519638,0.039471344323828816,24.858536505699156,720,45.98004508018494,2145.591424703598
srcnn,baseline,div2k,4,noise,0.5,48,2205,0.041122315658463374,26.024593310885958,0.0395315496949479,24.836077189445497,720,49.98154282569885,2195.572967529297
srcnn,baseline,div2k,4,noise,0.5,49,2250,0.041512003996305995,26.09852015177409,0.039578488608822224,24.82998502254486,720,47.14119291305542,2242.7141604423523
srcnn,baseline,div2k,4,noise,0.5,50,2295,0.04220231005714999,25.945380655924478,0.039788098982535304,24.823671221733093,720,47.84252905845642,2290.5566895008087
srcnn,baseline,div2k,4,noise,0.5,51,2340,0.04265556906660398,25.766495429144964,0.03947698343545199,24.865784025192262,720,48.679832220077515,2339.2365217208862
srcnn,baseline,div2k,4,noise,0.5,52,2385,0.04271272197365761,25.863464864095054,0.03955321924295276,24.862833786010743,720,46.97432494163513,2386.2108466625214
srcnn,baseline,div2k,4,noise,0.5,53,2430,0.04124842422703902,26.111862013075086,0.03944289565552026,24.85832586288452,720,49.73311400413513,2435.9439606666565
srcnn,baseline,div2k,4,noise,0.5,54,2475,0.0415470858828889,26.03082338968913,0.04004915074910968,24.748735237121583,720,45.845948219299316,2481.789908885956
srcnn,baseline,div2k,4,noise,0.5,55,2520,0.040190947966443166,26.311387295193143,0.039869202952831986,24.782346725463867,720,48.865607261657715,2530.6555161476135
srcnn,baseline,div2k,4,noise,0.5,56,2565,0.041578925566540824,26.08681844075521,0.039850183948874476,24.819814705848692,720,47.422003984451294,2578.077520132065
srcnn,baseline,div2k,4,noise,0.5,57,2610,0.04165961696869797,26.06035410563151,0.03951781343203038,24.863663387298583,720,47.15872383117676,2625.2362439632416
srcnn,baseline,div2k,4,noise,0.5,58,2655,0.04102232381701469,26.18758642408583,0.03924464741721749,24.90446639060974,720,49.392102003097534,2674.628345966339
srcnn,baseline,div2k,4,noise,0.5,59,2700,0.04144684804810418,26.022922473483614,0.039344187313690784,24.875726795196535,720,46.113786935806274,2720.7421329021454
srcnn,baseline,div2k,4,noise,0.5,60,2745,0.041465953240791956,26.045888307359483,0.03946413211524487,24.872280263900755,720,50.742180824279785,2771.484313726425
srcnn,baseline,div2k,4,noise,0.5,61,2790,0.04120754889316029,26.080487738715277,0.04075402836315334,24.708761167526244,720,45.75964713096619,2817.2439608573914
srcnn,baseline,div2k,4,noise,0.5,62,2835,0.042443390728698835,25.893805270724826,0.03949027468916029,24.878468894958495,720,44.38182616233826,2861.6257870197296
srcnn,baseline,div2k,4,noise,0.5,63,2880,0.041279747461279236,26.08912722269694,0.03974662879481912,24.84504430294037,720,44.15615797042847,2905.781944990158
srcnn,baseline,div2k,4,noise,0.5,64,2925,0.04227450204392274,25.975765482584634,0.03938025957904756,24.895227336883544,720,43.7374370098114,2949.5193819999695
srcnn,baseline,div2k,4,noise,0.5,65,2970,0.04098316381374995,26.198292541503907,0.0392144835088402,24.907520914077757,720,43.704346895217896,2993.2237288951874
srcnn,baseline,div2k,4,noise,0.5,66,3015,0.04055705049799548,26.236277601453992,0.039373688772320746,24.888366222381592,720,43.871721267700195,3037.0954501628876
srcnn,baseline,div2k,4,noise,0.5,67,3060,0.041722257890635064,26.130522452460394,0.03951617181301117,24.86759297847748,720,43.8196542263031,3080.9151043891907
srcnn,baseline,div2k,4,noise,0.5,68,3105,0.04084763824939728,26.179541058010525,0.03900193870067596,24.930362701416016,720,43.80464315414429,3124.719747543335
srcnn,baseline,div2k,4,noise,0.5,69,3150,0.041442942536539504,26.131229231092664,0.03999867788515985,24.799927043914796,720,43.8049840927124,3168.5247316360474
srcnn,baseline,div2k,4,noise,0.5,70,3195,0.04084112126794126,26.184167438083225,0.039804939669556914,24.834752249717713,720,44.18759512901306,3212.7123267650604
srcnn,baseline,div2k,4,noise,0.5,71,3240,0.04268388541208373,25.982004801432293,0.039739546552300456,24.845997500419617,720,44.00566291809082,3256.7179896831512
srcnn,baseline,div2k,4,noise,0.5,72,3285,0.04138296362426546,26.23350435892741,0.03927071604412049,24.9171110868454,720,43.94730997085571,3300.665299654007
srcnn,baseline,div2k,4,noise,0.5,73,3330,0.04135175512896644,26.24212523566352,0.0392073722789064,24.927174258232117,720,43.90584707260132,3344.5711467266083
srcnn,baseline,div2k,4,noise,0.5,74,3375,0.04179609268903732,26.136710272894966,0.039202055591158566,24.917769598960877,720,43.90261912345886,3388.473765850067
srcnn,baseline,div2k,4,noise,0.5,75,3420,0.04059327157835166,26.247691769070094,0.039010682213120165,24.956299304962158,720,43.935575008392334,3432.4093408584595
srcnn,baseline,div2k,4,noise,0.5,76,3465,0.040800513161553274,26.203453742133245,0.03903761464171111,24.936543536186218,720,43.9120078086853,3476.321348667145
srcnn,baseline,div2k,4,noise,0.5,77,3510,0.043485312743319404,25.717772420247396,0.04181406234856695,24.602666473388673,720,43.95776891708374,3520.2791175842285
srcnn,baseline,div2k,4,noise,0.5,78,3555,0.04156587322552999,26.064778815375433,0.03898468744009733,24.950641560554505,720,43.93842816352844,3564.217545747757
srcnn,baseline,div2k,4,noise,0.5,79,3600,0.041554216254088616,26.13086840311686,0.03945834338665009,24.858068561553956,720,43.96383500099182,3608.181380748749
srcnn,baseline,div2k,4,noise,0.5,80,3645,0.04195842883653111,25.97071050008138,0.03921686946414411,24.933339142799376,720,43.985284090042114,3652.166664838791
srcnn,baseline,div2k,4,noise,0.5,81,3690,0.04034458440211084,26.301247957017686,0.039843888860195874,24.848570656776428,720,44.09821081161499,3696.264875650406
srcnn,baseline,div2k,4,noise,0.5,82,3735,0.04201597819725673,26.079702123006186,0.04003685251809656,24.82608644962311,720,43.953372955322266,3740.218248605728
srcnn,baseline,div2k,4,noise,0.5,83,3780,0.04018417956928412,26.376382700602214,0.03884943050798029,24.98251941204071,720,43.87336087226868,3784.091609477997
srcnn,baseline,div2k,4,noise,0.5,84,3825,0.0407101155569156,26.257263649834528,0.038872240181081,24.967768144607543,720,43.93847918510437,3828.030088663101
srcnn,baseline,div2k,4,noise,0.5,85,3870,0.04067748329705662,26.220318222045897,0.0395487652393058,24.89297194480896,720,44.02827525138855,3872.0583639144897
srcnn,baseline,div2k,4,noise,0.5,86,3915,0.04116887048714691,26.147725168863932,0.03910619311500341,24.916920137405395,720,43.82665395736694,3915.8850178718567
srcnn,baseline,div2k,4,noise,0.5,87,3960,0.041251748593317136,26.211879814995658,0.038964737812057136,24.954672837257384,720,43.86830401420593,3959.7533218860626
srcnn,baseline,div2k,4,noise,0.5,88,4005,0.041930139478709966,26.057125600179038,0.03918442188296467,24.908839654922485,720,43.993025064468384,4003.746346950531
srcnn,baseline,div2k,4,noise,0.5,89,4050,0.039878525502151915,26.401171663072375,0.03887675034347922,24.967878937721252,720,43.866775035858154,4047.613121986389
srcnn,baseline,div2k,4,noise,0.5,90,4095,0.040628339929713146,26.31663284301758,0.03894589690025896,24.97314496040344,720,43.91412830352783,4091.527250289917
srcnn,baseline,div2k,4,noise,0.5,91,4140,0.040989309011234175,26.198242484198676,0.0398910541087389,24.84440681934357,720,44.01141405105591,4135.538664340973
srcnn,baseline,div2k,4,noise,0.5,92,4185,0.04224548877941237,25.901252661810982,0.03898969586007297,24.961714339256286,720,43.98729419708252,4179.525958538055
srcnn,baseline,div2k,4,noise,0.5,93,4230,0.042187480049000844,25.993107520209417,0.03880648007616401,24.991407990455627,720,43.883809089660645,4223.409767627716
srcnn,baseline,div2k,4,noise,0.5,94,4275,0.040505646624498896,26.348655870225695,0.039302195352502164,24.92968876361847,720,43.792052030563354,4267.201819658279
srcnn,baseline,div2k,4,noise,0.5,95,4320,0.03961007441911432,26.534575737847224,0.039192105457186696,24.927020287513734,720,43.898091077804565,4311.099910736084
srcnn,baseline,div2k,4,noise,0.5,96,4365,0.04071913075943788,26.248081588745116,0.039231596724130215,24.92901680469513,720,43.80190992355347,4354.901820659637
srcnn,baseline,div2k,4,noise,0.5,97,4410,0.042095822468400004,26.116023720635308,0.03898820774629712,24.975118350982665,720,43.94891881942749,4398.850739479065
srcnn,baseline,div2k,4,noise,0.5,98,4455,0.04044954197274314,26.44870482550727,0.0386266860878095,25.003618144989012,720,43.8580961227417,4442.708835601807
srcnn,baseline,div2k,4,noise,0.5,99,4500,0.04024360411696964,26.33713158501519,0.03893089615739882,24.963270950317384,720,43.999788999557495,4486.708624601364
srcnn,baseline,div2k,4,noise,0.5,100,4545,0.04115912098851469,26.168718761867947,0.03925919677130878,24.92622354030609,720,43.90425682067871,4530.612881422043
srcnn,baseline,div2k,4,noise,0.5,101,4590,0.04028498741487662,26.347866990831164,0.03864856953732669,25.006127405166627,720,43.94275522232056,4574.555636644363
srcnn,baseline,div2k,4,noise,0.5,102,4635,0.04116517570283678,26.242086325751412,0.039012674777768555,24.967842721939085,720,44.00515389442444,4618.560790538788
srcnn,baseline,div2k,4,noise,0.5,103,4680,0.04118446591827604,26.106849755181205,0.03925992611330002,24.91147584915161,720,43.87713313102722,4662.437923669815
srcnn,baseline,div2k,4,noise,0.5,104,4725,0.040600996216138205,26.309931225246853,0.0392900233855471,24.8861713886261,720,43.98297309875488,4706.42089676857
srcnn,baseline,div2k,4,noise,0.5,105,4770,0.04016650000380145,26.53198437160916,0.0389083428774029,24.959733724594116,720,44.062772035598755,4750.483668804169
srcnn,baseline,div2k,4,noise,0.5,106,4815,0.04110169783234596,26.20088865492079,0.0408379819476977,24.73913428783417,720,43.86264395713806,4794.346312761307
srcnn,baseline,div2k,4,noise,0.5,107,4860,0.04165219598346286,26.128577592637804,0.0391366159543395,24.942788577079774,720,43.92387294769287,4838.270185709
srcnn,baseline,div2k,4,noise,0.5,108,4905,0.0407266349842151,26.259125094943577,0.038889694563113156,24.9711754322052,720,43.871195793151855,4882.1413815021515
srcnn,baseline,div2k,4,noise,0.5,109,4950,0.03991597609387504,26.375966178046333,0.03889075363986194,24.968110299110414,720,43.87177300453186,4926.013154506683
srcnn,baseline,div2k,4,noise,0.5,110,4995,0.04070874423616462,26.35200267367893,0.038916580844670534,24.96042094230652,720,44.671762228012085,4970.684916734695
srcnn,baseline,div2k,4,noise,0.5,111,5040,0.042333718182312116,25.950660069783527,0.03870454505085945,25.00574471950531,720,44.07830286026001,5014.763219594955
srcnn,stagewise,div2k,4,noise,0.5,0,14,0.3461303346686893,9.874224839387116,0.20849577230401337,11.8247465133667,216,24.341270923614502,24.341270923614502
srcnn,stagewise,div2k,4,noise,0.5,1,28,0.152997229386259,15.408585018581814,0.10892106601968407,17.702787280082703,216,25.96269989013672,50.30397081375122
srcnn,stagewise,div2k,4,noise,0.5,2,42,0.1153926509949896,17.272457052160192,0.09391111768782139,18.767001342773437,216,26.999807834625244,77.30377864837646
srcnn,stagewise,div2k,4,noise,0.5,3,56,0.09560209236763141,18.546118277090567,0.08658936696592719,19.197674882411956,216,27.25024104118347,104.55401968955994
srcnn,stagewise,div2k,4,noise,0.5,4,70,0.08128530007821543,19.855764318395543,0.08042101203463972,19.684481012821198,216,26.88940119743347,131.4434208869934
srcnn,stagewise,div2k,4,noise,0.5,5,84,0.07923575380334148,19.823928833007812,0.0758928848663345,20.127524197101593,216,26.84960675239563,158.29302763938904
srcnn,stagewise,div2k,4,noise,0.5,6,98,0.07589735173516804,20.128537072075737,0.07109319928567856,20.595030975341796,216,26.728102207183838,185.02112984657288
srcnn,stagewise,div2k,4,noise,0.5,7,112,0.06581587234029064,21.202007152416087,0.06320570916868747,21.501060676574706,216,26.70561981201172,211.7267496585846
srcnn,stagewise,div2k,4,noise,0.5,8,126,0.05956389741213233,21.934358526159215,0.05359739931300282,22.59042422771454,216,26.664244890213013,238.3909945487976
srcnn,stagewise,div2k,4,noise,0.5,9,140,0.05785941139415458,21.98957739935981,0.05224763290025294,22.81106116771698,216,26.58544111251831,264.9764356613159
srcnn,stagewise,div2k,4,noise,0.5,10,154,0.05759423929784033,22.201711018880207,0.051818574941717085,22.952355599403383,216,26.650136947631836,291.62657260894775
srcnn,stagewise,div2k,4,noise,0.5,11,168,0.05529503689871894,22.477021111382378,0.04971327995881438,23.19008572101593,216,26.62647771835327,318.253050327301
srcnn,stagewise,div2k,4,noise,0.5,12,182,0.051743513732044784,23.08028214066117,0.04884133266750723,23.333602094650267,216,26.69817590713501,344.95122623443604
srcnn,stagewise,div2k,4,noise,0.5,13,196,0.051430690619680614,23.142906188964844,0.047524242266081276,23.50695734024048,216,26.7070529460907,371.65827918052673
srcnn,stagewise,div2k,4,noise,0.5,14,210,0.0489889336404977,23.54630039356373,0.04714655166026205,23.592320346832274,216,26.968925952911377,398.6272051334381
srcnn,stagewise,div2k,4,noise,0.5,15,224,0.050481746870058554,23.48576729385941,0.04572620077524334,23.774356603622437,216,26.67640781402588,425.303612947464
srcnn,stagewise,div2k,4,noise,0.5,16,238,0.04963226726761571,23.69933827718099,0.04517378162126988,23.853750562667848,216,26.66862416267395,451.97223711013794
srcnn,stagewise,div2k,4,noise,0.5,17,252,0.046997841309618066,24.291838398686163,0.044867677194997665,23.91281216144562,216,26.883671045303345,478.8559081554413
srcnn,stagewise,div2k,4,noise,0.5,18,266,0.04765695540441407,24.066678718284326,0.045681908214464786,23.81849684715271,216,26.985969305038452,505.84187746047974
srcnn,stagewise,div2k,4,noise,0.5,19,280,0.04851822472280926,23.948952145046658,0.04422847339883447,24.00791687965393,216,26.726694107055664,532.5685715675354
srcnn,stagewise,div2k,4,noise,0.5,20,294,0.04625131079444179,24.48812385841652,0.044017306272871794,24.03222541809082,216,26.87781000137329,559.4463815689087
srcnn,stagewise,div2k,4,noise,0.5,21,308,0.04605261981487274,24.61573318198875,0.04381572999991477,24.0660551071167,216,26.9250271320343,586.371408700943
srcnn,stagewise,div2k,4,noise,0.5,22,322,0.04636547521308616,24.71060336077655,0.04434159146621823,24.023631167411803,216,26.668708086013794,613.0401167869568
srcnn,stagewise,div2k,4,noise,0.5,23,336,0.04552650237800898,24.667851907235605,0.04615926353726536,23.812552428245546,216,26.7045841217041,639.7447009086609
srcnn,stagewise,div2k,4,noise,0.5,24,350,0.046336972879038915,24.611616911711515,0.04371684140060097,24.111478185653688,216,27.250575065612793,666.9952759742737
srcnn,stagewise,div2k,4,noise,0.5,25,364,0.04561297623095689,24.819194157918293,0.043940591835416855,24.090223455429076,216,26.859199047088623,693.8544750213623
srcnn,stagewise,div2k,4,noise,0.5,26,378,0.04607022829629757,24.80618950172707,0.043218734627589586,24.20916082859039,216,27.54168200492859,721.3961570262909
srcnn,stagewise,div2k,4,noise,0.5,27,392,0.04279394268437668,25.24584134419759,0.0430391950532794,24.241941928863525,216,26.9460391998291,748.34219622612
srcnn,stagewise,div2k,4,noise,0.5,28,406,0.04438303479993785,25.155246946546768,0.04277006681077182,24.269970178604126,216,26.962243795394897,775.3044400215149
srcnn,stagewise,div2k,4,noise,0.5,29,420,0.0462011591427856,24.913580859148944,0.042627628240734336,24.30372898578644,216,26.897314071655273,802.2017540931702
srcnn,stagewise,div2k,4,noise,0.5,30,434,0.04325428163563764,25.41847836529767,0.04265312631614506,24.32319304943085,216,26.851271867752075,829.0530259609222
srcnn,stagewise,div2k,4,noise,0.5,31,448,0.044179802001626405,25.10442352294922,0.042583356122486295,24.322515988349913,216,26.684519290924072,855.7375452518463
srcnn,stagewise,div2k,4,noise,0.5,32,462,0.04407019913196564,25.158502366807724,0.04277746498119086,24.295811772346497,216,26.816067934036255,882.5536131858826
srcnn,stagewise,div2k,4,noise,0.5,33,476,0.045533196793662176,24.890176984998917,0.04454977954737842,24.076767373085023,216,26.7900128364563,909.3436260223389
srcnn,stagewise,div2k,4,noise,0.5,34,490,0.04192040695084466,25.69469748602973,0.04248292571865022,24.3357314825058,216,26.618839979171753,935.9624660015106
srcnn,stagewise,div2k,4,noise,0.5,35,504,0.04334232831994692,25.44505288865831,0.04285763569641858,24.309032225608824,216,26.79352617263794,962.7559921741486
srcnn,stagewise,div2k,4,noise,0.5,36,518,0.04176074294028459,25.680702138830114,0.042658800003118814,24.32868731021881,216,26.735473155975342,989.4914653301239
srcnn,stagewise,div2k,4,noise,0.5,37,532,0.0420191177615413,25.649990364357276,0.0424330422654748,24.358043217658995,216,26.67414927482605,1016.16561460495
srcnn,stagewise,div2k,4,noise,0.5,38,546,0.041921668858439835,25.659981480351203,0.042432880005799235,24.361733865737914,216,26.623164176940918,1042.7887787818909
srcnn,stagewise,div2k,4,noise,0.5,39,560,0.04221938233132715,25.515291567201967,0.042142519657500085,24.39778323173523,216,26.705386877059937,1069.4941656589508
srcnn,stagewise,div2k,4,noise,0.5,40,574,0.042687107567433956,25.508146780508536,0.04200088051147759,24.424680185317992,216,26.757221698760986,1096.2513873577118
srcnn,stagewise,div2k,4,noise,0.5,41,588,0.04339159280061722,25.31821526421441,0.04269415328744799,24.315596723556517,216,26.694007635116577,1122.9453949928284
srcnn,stagewise,div2k,4,noise,0.5,42,602,0.042857860387475404,25.329136036060476,0.04195075887255371,24.44013831615448,216,26.637807846069336,1149.5832028388977
srcnn,stagewise,div2k,4,noise,0.5,43,616,0.04085403377259219,25.886845412077726,0.042053972370922565,24.42238030433655,216,26.732279062271118,1176.3154819011688
srcnn,stagewise,div2k,4,noise,0.5,44,630,0.04384251987492597,25.333954281277126,0.04331473016645759,24.272853636741637,216,26.963480949401855,1203.2789628505707
srcnn,stagewise,div2k,4,noise,0.5,45,644,0.0441152963925291,25.24686128121835,0.04178279007319361,24.455009841918944,216,26.68631887435913,1229.9652817249298
srcnn,stagewise,div2k,4,noise,0.5,46,658,0.04144962511404797,25.88157018025716,0.04215476126410067,24.394133710861205,216,26.70406413078308,1256.669345855713
srcnn,stagewise,div2k,4,noise,0.5,47,672,0.04203630335353039,25.55040811609339,0.04206113512627781,24.43339099884033,216,26.649431943893433,1283.3187777996063
srcnn,stagewise,div2k,4,noise,0.5,48,686,0.04298257303458673,25.505483627319336,0.042172834649682044,24.42204957008362,216,26.743333101272583,1310.062110900879
srcnn,stagewise,div2k,4,noise,0.5,49,700,0.03972618723357165,25.997661308006005,0.042086736182682216,24.427464652061463,216,26.789306163787842,1336.8514170646667
srcnn,stagewise,div2k,4,noise,0.5,50,714,0.04240319822673445,25.572572425559716,0.041850418271496895,24.46897280216217,216,26.34004282951355,1363.1914598941803
srcnn,stagewise,div2k,4,noise,0.5,51,728,0.04101739775527407,25.808285819159615,0.04275265282485634,24.364631843566894,216,25.546430110931396,1388.7378900051117
srcnn,stagewise,div2k,4,noise,0.5,52,742,0.044873198977223146,24.92866078129521,0.04173307206947356,24.48550045490265,216,25.39859890937805,1414.1364889144897
srcnn,stagewise,div2k,4,noise,0.5,53,756,0.04063712819306939,25.900104875917787,0.041758474381640556,24.4922655582428,216,25.3642098903656,1439.5006988048553
srcnn,stagewise,div2k,4,noise,0.5,54,770,0.04207931045028898,25.692569026240594,0.04188747862353921,24.465861320495605,216,25.410884857177734,1464.911583662033
srcnn,stagewise,div2k,4,noise,0.5,55,784,0.04161666168106927,25.593369095413774,0.04248599514830857,24.408575701713563,216,26.44554305076599,1491.357126712799
srcnn,stagewise,div2k,4,noise,0.5,56,798,0.04258490905717567,25.429905361599392,0.04158898559398949,24.508600330352785,216,29.25393581390381,1520.6110625267029
srcnn,stagewise,div2k,4,noise,0.5,57,812,0.04243502269188563,25.548411899142796,0.042029096442274747,24.452363681793212,216,27.752336978912354,1548.3633995056152
srcnn,stagewise,div2k,4,noise,0.5,58,826,0.03995837795513647,26.075415081448025,0.04193055797368288,24.46939883232117,216,30.72140598297119,1579.0848054885864
srcnn,stagewise,div2k,4,noise,0.5,59,840,0.04305734954498432,25.4094787173801,0.04366989654954523,24.261959528923036,216,29.364331007003784,1608.4491364955902
srcnn,stagewise,div2k,4,noise,0.5,60,854,0.04331914556247217,25.55725309583876,0.04358948410954326,24.279988360404968,216,27.62134313583374,1636.070479631424
srcnn,stagewise,div2k,4,noise,0.5,61,868,0.0410568585826291,25.72624044065122,0.04327836048323661,24.296057534217834,216,27.56818675994873,1663.6386663913727
srcnn,stagewise,div2k,4,noise,0.5,62,882,0.041494071345638345,25.841025882297092,0.04129961845465004,24.544041752815247,216,29.06158685684204,1692.7002532482147
srcnn,stagewise,div2k,4,noise,0.5,63,896,0.0405322810014089,25.665343390570747,0.041328194085508585,24.559779596328735,216,29.87102699279785,1722.5712802410126
srcnn,stagewise,div2k,4,noise,0.5,64,910,0.04029514019687971,26.243459065755207,0.042724871449172495,24.365369153022765,216,28.818467140197754,1751.3897473812103
srcnn,stagewise,div2k,4,noise,0.5,65,924,0.04249249923008459,25.48940842239945,0.04223865419626236,24.409364652633666,216,27.812035083770752,1779.201782464981
srcnn,stagewise,div2k,4,noise,0.5,66,938,0.04183985568858959,25.583468260588468,0.041675836453214286,24.52564995288849,216,27.894129037857056,1807.0959115028381
srcnn,stagewise,div2k,4,noise,0.5,67,952,0.04002886831208512,26.110073584097403,0.04527809645514935,24.03576865196228,216,30.51606297492981,1837.611974477768
srcnn,stagewise,div2k,4,noise,0.5,68,966,0.042870437933339015,25.578646059389467,0.042186372657306494,24.42887737751007,216,29.64362597465515,1867.255600452423
srcnn,stagewise,div2k,4,noise,0.5,69,980,0.04147535231378344,25.806639353434246,0.041401676298119125,24.54021112918854,216,27.642369985580444,1894.8979704380035
srcnn,stagewise,div2k,4,noise,0.5,70,994,0.03907631654982214,26.37742261533384,0.042144191544502975,24.468688869476317,216,27.907224893569946,1922.8051953315735
srcnn,stagewise,div2k,4,noise,0.5,71,1008,0.04169116307187964,25.731948993824147,0.0412576406262815,24.561827182769775,216,30.27400779724121,1953.0792031288147
srcnn,stagewise,div2k,4,noise,0.5,72,1022,0.04179821963663454,25.615913814968533,0.04104698682203889,24.60783658027649,216,29.62807011604309,1982.7072732448578
srcnn,stagewise,div2k,4,noise,0.5,73,1036,0.04130785898477943,25.757140548140914,0.041425610543228686,24.564923024177553,216,27.71580481529236,2010.4230780601501
srcnn,stagewise,div2k,4,noise,0.5,74,1050,0.04125364524898706,25.802763903582537,0.04108116792049259,24.590295028686523,216,27.72618317604065,2038.1492612361908
srcnn,stagewise,div2k,4,noise,0.5,75,1064,0.04165276002000879,25.69384115713614,0.040930473757907745,24.62236316204071,216,29.821606159210205,2067.970867395401
srcnn,stagewise,div2k,4,noise,0.5,76,1078,0.04163527019597866,25.794471316867405,0.04156088698655367,24.54896342754364,216,29.952558040618896,2097.92342543602
srcnn,stagewise,div2k,4,noise,0.5,77,1092,0.040954967891728436,25.951842414008247,0.04143921460490674,24.553261637687683,216,27.99226689338684,2125.9156923294067
srcnn,stagewise,div2k,4,noise,0.5,78,1106,0.03909199795237294,26.111784758391202,0.041108123934827746,24.598476195335387,216,27.57219886779785,2153.4878911972046
srcnn,stagewise,div2k,4,noise,0.5,79,1120,0.03998747619765776,26.070600933498806,0.04105978491716087,24.600403165817262,216,28.571392059326172,2182.0592832565308
srcnn,stagewise,div2k,4,noise,0.5,80,1134,0.041796911507844925,25.556151425396955,0.04096260054502636,24.616619515419007,216,30.42303705215454,2212.4823203086853
srcnn,stagewise,div2k,4,noise,0.5,81,1148,0.040886008077197604,25.854263305664062,0.04088701652362943,24.630968236923216,216,29.280568838119507,2241.762889146805
srcnn,stagewise,div2k,4,noise,0.5,82,1162,0.03948135384254985,26.173351499769424,0.04119589696638286,24.588070344924926,216,27.777345895767212,2269.540235042572
srcnn,stagewise,div2k,4,noise,0.5,83,1176,0.04117885742474486,25.91789295055248,0.04094429013784975,24.615656542778016,216,28.035485982894897,2297.575721025467
srcnn,stagewise,div2k,4,noise,0.5,84,1190,0.040531432187115704,25.900754010235822,0.04098923453129828,24.621662545204163,216,30.82113218307495,2328.396853208542
srcnn,stagewise,div2k,4,noise,0.5,85,1204,0.041681877302902716,25.78063752916124,0.04105546239297837,24.61569502353668,216,29.23395013809204,2357.630803346634
srcnn,stagewise,div2k,4,noise,0.5,86,1218,0.042472159696949854,25.622196621365017,0.040824656700715424,24.645798444747925,216,27.562232971191406,2385.1930363178253
srcnn,stagewise,div2k,4,noise,0.5,87,1232,0.0417029932141304,25.84735142743146,0.040777900628745554,24.649650669097902,216,28.13393998146057,2413.326976299286
srcnn,stagewise,div2k,4,noise,0.5,88,1246,0.0401481533492053,26.02872657775879,0.040758035122416915,24.65342574119568,216,30.80904197692871,2444.1360182762146
srcnn,stagewise,div2k,4,noise,0.5,89,1260,0.041798583059399215,25.54790171870479,0.040706323087215425,24.658913230895998,216,29.59886598587036,2473.734884262085
srcnn,stagewise,div2k,4,noise,0.5,90,1274,0.0386018922759427,26.381161795722115,0.041676286794245246,24.53529098033905,216,27.632256031036377,2501.3671402931213
srcnn,stagewise,div2k,4,noise,0.5,91,1288,0.040531102981832295,26.104310212311923,0.040704820211976765,24.661117100715636,216,27.593766927719116,2528.9609072208405
srcnn,stagewise,div2k,4,noise,0.5,92,1302,0.040128902428679995,26.090263225414134,0.04134462045039981,24.578025341033936,216,29.663384914398193,2558.6242921352386
srcnn,stagewise,div2k,4,noise,0.5,93,1316,0.03876021449212675,26.295985610396773,0.04158447391819209,24.542271900177003,216,30.605666875839233,2589.229959011078
srcnn,stagewise,div2k,4,noise,0.5,94,1330,0.04108570502312095,25.9315756338614,0.04180893930606544,24.530862951278685,216,27.76027202606201,2616.99023103714
srcnn,stagewise,div2k,4,noise,0.5,95,1344,0.04129473492503166,25.942471892745406,0.040964927803725,24.626368713378906,216,27.762487173080444,2644.7527182102203
srcnn,stagewise,div2k,4,noise,0.5,96,1358,0.039127345093422465,26.319459985803675,0.04068236241582781,24.666789960861205,216,29.162505865097046,2673.9152240753174
srcnn,stagewise,div2k,4,noise,0.5,97,1372,0.042440235062881755,25.658096172191478,0.04132820162922144,24.58469169139862,216,30.797321319580078,2704.7125453948975
srcnn,stagewise,div2k,4,noise,0.5,98,1386,0.040905784953523566,25.895649168226456,0.04055020411033183,24.679374289512634,216,28.04521894454956,2732.757764339447
srcnn,stagewise,div2k,4,noise,0.5,99,1400,0.039961117009321846,26.122549268934463,0.04106569299474359,24.606075239181518,216,27.701478242874146,2760.459242582321
srcnn,stagewise,div2k,4,noise,0.5,100,1414,0.042262761681168166,25.570008171929253,0.040731560555286705,24.660384249687194,216,28.907357215881348,2789.3665997982025
srcnn,stagewise,div2k,4,noise,0.5,101,1428,0.04010695467392603,26.142067591349285,0.040554894134402275,24.68648030757904,216,30.251663208007812,2819.6182630062103
srcnn,stagewise,div2k,4,noise,0.5,102,1442,0.039400530220181855,26.122421405933522,0.0409388710744679,24.64187424182892,216,28.715854167938232,2848.3341171741486
srcnn,stagewise,div2k,4,noise,0.5,103,1456,0.03949465285296793,26.161855626989293,0.0407093966845423,24.66793692111969,216,27.50538420677185,2875.8395013809204
srcnn,stagewise,div2k,4,noise,0.5,104,1470,0.03830267461361708,26.621890174018013,0.0406084896530956,24.68214168548584,216,27.7226459980011,2903.5621473789215
srcnn,stagewise,div2k,4,noise,0.5,105,1484,0.04140581425141405,25.54966997217249,0.04062856738455593,24.68997073173523,216,30.269919872283936,2933.8320672512054
srcnn,stagewise,div2k,4,noise,0.5,106,1498,0.040409719502484356,25.85091350696705,0.0404943497851491,24.70508179664612,216,29.604317903518677,2963.436385154724
srcnn,stagewise,div2k,4,noise,0.5,107,1512,0.038516429287415964,26.62348704867893,0.04043350622523576,24.706786036491394,216,25.481561183929443,2988.9179463386536
srcnn,stagewise,div2k,4,noise,0.5,108,1526,0.041825592793800215,25.68749675044307,0.042328650248236954,24.466282463073732,216,25.172123193740845,3014.0900695323944
srcnn,stagewise,div2k,4,noise,0.5,109,1540,0.040160037025257396,26.075754518862123,0.040631624916568396,24.685765647888182,216,26.78259015083313,3040.8726596832275
srcnn,stagewise,div2k,4,noise,0.5,110,1554,0.038486519621478185,26.337149302164715,0.04044413275551051,24.712367606163024,216,26.947947025299072,3067.8206067085266
srcnn,stagewise,div2k,4,noise,0.5,111,1568,0.03962656855583191,26.26650252165618,0.04081221006345004,24.668994760513307,216,26.995233058929443,3094.815839767456
srcnn,stagewise,div2k,4,noise,0.5,112,1582,0.04230009612661821,25.612566206190323,0.04101280188187957,24.658832550048828,216,26.959238290786743,3121.775078058243
srcnn,stagewise,div2k,4,noise,0.5,113,1596,0.041441906381536414,25.748049983271844,0.041798189654946326,24.531321907043456,216,26.788790941238403,3148.563868999481
srcnn,stagewise,div2k,4,noise,0.5,114,1610,0.040444231419651595,26.033213014955873,0.04041644027456641,24.69211313724518,216,26.845330953598022,3175.409199953079
srcnn,stagewise,div2k,4,noise,0.5,115,1624,0.04085019092868875,25.82340975160952,0.04081226212438196,24.663121128082274,216,26.75228214263916,3202.1614820957184
srcnn,stagewise,div2k,4,noise,0.5,116,1638,0.038742797518218006,26.448663075764973,0.04103558366186917,24.61820170879364,216,26.732269763946533,3228.893751859665
srcnn,stagewise,div2k,4,noise,0.5,117,1652,0.042560506888009886,25.39732403225369,0.04087165384553373,24.655480599403383,216,26.828216791152954,3255.721968650818
srcnn,stagewise,div2k,4,noise,0.5,118,1666,0.04193786200549868,25.814058233190465,0.04065269844140858,24.686230111122132,216,27.021124124526978,3282.743092775345
srcnn,stagewise,div2k,4,noise,0.5,119,1680,0.05082504009758985,24.22094006008572,0.04051075710449368,24.717159700393676,216,26.802276134490967,3309.545368909836
srcnn,stagewise,div2k,4,noise,0.5,120,1694,0.05201803313361274,24.003972512704355,0.04064694850239903,24.700770926475524,216,26.947625160217285,3336.492994070053
srcnn,stagewise,div2k,4,noise,0.5,121,1708,0.05151358053640083,23.817388746473526,0.040546852792613206,24.714035296440123,216,27.013463973999023,3363.506458044052
srcnn,stagewise,div2k,4,noise,0.5,122,1722,0.049384073112849834,24.039149390326607,0.04111405375879258,24.63741879463196,216,27.04712224006653,3390.5535802841187
srcnn,stagewise,div2k,4,noise,0.5,123,1736,0.050345459332068764,23.921328509295428,0.041581847425550225,24.599386143684388,216,27.08610200881958,3417.6396822929382
srcnn,stagewise,div2k,4,noise,0.5,124,1750,0.05079356263633127,23.943783936677157,0.04095385987311602,24.650013256073,216,27.176778078079224,3444.8164603710175
srcnn,stagewise,div2k,4,noise,0.5,125,1764,0.04973093392672362,24.19791136847602,0.04071515102405101,24.687734270095824,216,27.105570077896118,3471.9220304489136
srcnn,stagewise,div2k,4,noise,0.5,126,1778,0.04876567230180458,24.306782333939164,0.040790519397705796,24.679779052734375,216,27.076507091522217,3498.998537540436
srcnn,stagewise,div2k,4,noise,0.5,127,1792,0.04964898995779179,24.26437208387587,0.04020285189617425,24.767996644973756,216,27.042624711990356,3526.041162252426
srcnn,stagewise,div2k,4,noise,0.5,128,1806,0.049492430631761196,24.383759392632378,0.040197328524664046,24.767762613296508,216,27.08038306236267,3553.121545314789
srcnn,stagewise,div2k,4,noise,0.5,129,1820,0.04853831286783571,24.263466446487993,0.04030102384276688,24.76217875480652,216,26.9937801361084,3580.115325450897
srcnn,stagewise,div2k,4,noise,0.5,130,1834,0.05104543737791203,23.846802605523003,0.04013566521462053,24.780905079841613,216,27.20066785812378,3607.315993309021
srcnn,stagewise,div2k,4,noise,0.5,131,1848,0.04897712584998873,24.127797020806206,0.040367635991424324,24.755416131019594,216,27.168001890182495,3634.4839951992035
srcnn,stagewise,div2k,4,noise,0.5,132,1862,0.051925495818809224,23.711382265444154,0.04012650777585804,24.78727297782898,216,27.033389806747437,3661.517385005951
srcnn,stagewise,div2k,4,noise,0.5,133,1876,0.04953817567891545,24.141539538348162,0.04022986718919128,24.7741797208786,216,27.273383140563965,3688.790768146515
srcnn,stagewise,div2k,4,noise,0.5,134,1890,0.050452438493569694,23.964085755524813,0.04043638398870826,24.752741241455077,216,27.066240072250366,3715.8570082187653
srcnn,stagewise,div2k,4,noise,0.5,135,1904,0.050217696362071566,24.147428159360533,0.040340925403870645,24.764618396759033,216,27.132725954055786,3742.989734172821
srcnn,stagewise,div2k,4,noise,0.5,136,1918,0.04817349505093363,24.3980835808648,0.04007215367164463,24.798252296447753,216,27.133473873138428,3770.1232080459595
srcnn,stagewise,div2k,4,noise,0.5,137,1932,0.04849653994595563,24.555416884245695,0.03997339487541467,24.80576310157776,216,27.13218402862549,3797.255392074585
srcnn,stagewise,div2k,4,noise,0.5,138,1946,0.04982882751910775,24.04733756736473,0.04009455365594476,24.802285718917847,216,27.220922231674194,3824.476314306259
srcnn,stagewise,div2k,4,noise,0.5,139,1960,0.04944466302792231,24.089555528428818,0.04036114604678005,24.76821336746216,216,26.96825909614563,3851.444573402405
srcnn,stagewise,div2k,4,noise,0.5,140,1974,0.04782275469214828,24.52704500269007,0.040401565725915134,24.757491302490234,216,26.945822954177856,3878.3903963565826
srcnn,stagewise,div2k,4,noise,0.5,141,1988,0.04602100258624112,24.770847885696977,0.04004521023016423,24.80050230026245,216,27.035902976989746,3905.4262993335724
srcnn,stagewise,div2k,4,noise,0.5,142,2002,0.04901945177051756,24.377485063340927,0.0405198480701074,24.750921082496642,216,27.107775449752808,3932.534074783325
srcnn,stagewise,div2k,4,noise,0.5,143,2016,0.04837383619613118,24.240640498973704,0.04012194403912872,24.791841173171996,216,27.17188811302185,3959.705962896347
srcnn,stagewise,div2k,4,noise,0.5,144,2030,0.04975119039968208,23.88294099878382,0.040017482521943745,24.805356907844544,216,26.9704430103302,3986.6764059066772
srcnn,stagewise,div2k,4,noise,0.5,145,2044,0.049009181283138414,24.187008327907986,0.04002892356365919,24.81125690937042,216,27.006297826766968,4013.682703733444
srcnn,stagewise,div2k,4,noise,0.5,146,2058,0.05017463766314365,24.151659294410987,0.04011290657799691,24.80951428413391,216,27.046233892440796,4040.728937625885
srcnn,stagewise,div2k,4,noise,0.5,147,2072,0.04651950713660982,24.74648991337529,0.04010023882146925,24.810613465309142,216,27.089003086090088,4067.817940711975
srcnn,stagewise,div2k,4,noise,0.5,148,2086,0.04754812256605537,24.47585395530418,0.04038463288452476,24.780193042755126,216,27.060424089431763,4094.878364801407
srcnn,stagewise,div2k,4,noise,0.5,149,2100,0.05005316877806628,24.05698952851472,0.0402039997978136,24.78464047908783,216,27.08935809135437,4121.967722892761
srcnn,stagewise,div2k,4,noise,0.5,150,2114,0.04799474444654253,24.55241521199544,0.0399772331584245,24.830462431907655,216,27.148459672927856,4149.116182565689
srcnn,stagewise,div2k,4,noise,0.5,151,2128,0.04790271791043105,24.48793969330964,0.040222398051992056,24.78903200626373,216,27.01824116706848,4176.134423732758
srcnn,stagewise,div2k,4,noise,0.5,152,2142,0.048202922498738324,24.548301272922092,0.04010504139587283,24.813421988487242,216,26.99158239364624,4203.126006126404
srcnn,stagewise,div2k,4,noise,0.5,153,2156,0.049107182770967484,24.32822531240958,0.04002485033124685,24.832858777046205,216,27.07030200958252,4230.196308135986
srcnn,stagewise,div2k,4,noise,0.5,154,2170,0.04676672540329121,24.668041370533132,0.03983269205782562,24.84291567802429,216,27.07237410545349,4257.26868224144
srcnn,stagewise,div2k,4,noise,0.5,155,2184,0.0487911883327696,24.183054040979457,0.0399425984127447,24.83377923965454,216,27.064926385879517,4284.333608627319
srcnn,stagewise,div2k,4,noise,0.5,156,2198,0.0481563334663709,24.516895364831996,0.04023198466747999,24.79363329410553,216,27.107800006866455,4311.441408634186
srcnn,stagewise,div2k,4,noise,0.5,157,2212,0.04909000159413726,24.213714175754124,0.0405690431362018,24.75628619194031,216,27.913994789123535,4339.355403423309
srcnn,stagewise,div2k,4,noise,0.5,158,2226,0.04875937352577845,24.39045644689489,0.04100984246470034,24.66821620464325,216,27.342094898223877,4366.697498321533
srcnn,stagewise,div2k,4,noise,0.5,159,2240,0.04588366037717572,24.824426297788268,0.039785120426677166,24.843227767944335,216,27.16265296936035,4393.860151290894
srcnn,stagewise,div2k,4,noise,0.5,160,2254,0.04917895862901652,24.171602178502965,0.039967485307715836,24.834267354011537,216,27.386736154556274,4421.24688744545
srcnn,stagewise,div2k,4,noise,0.5,161,2268,0.04930020261693884,24.312796698676216,0.03986434645485133,24.84792294502258,216,27.077565908432007,4448.324453353882
srcnn,stagewise,div2k,4,noise,0.5,162,2282,0.050159170395798154,23.998652988009983,0.040149410045705734,24.808858156204224,216,27.166895151138306,4475.49134850502
srcnn,stagewise,div2k,4,noise,0.5,163,2296,0.04893292845399291,24.214610205756294,0.03984689717181027,24.855952668190003,216,27.05935788154602,4502.550706386566
srcnn,stagewise,div2k,4,noise,0.5,164,2310,0.04734624342785941,24.55421730324074,0.03979826061986387,24.856772303581238,216,27.23421597480774,4529.784922361374
srcnn,stagewise,div2k,4,noise,0.5,165,2324,0.04790727187086035,24.536058355260778,0.03988368371501565,24.840955305099488,216,27.088129997253418,4556.873052358627
srcnn,stagewise,div2k,4,noise,0.5,166,2338,0.047380814535750285,24.55808985674823,0.03977941875346005,24.855236077308653,216,27.025299072265625,4583.898351430893
srcnn,stagewise,div2k,4,noise,0.5,167,2352,0.048284251932744625,24.60598444055628,0.03971702312119305,24.869294810295106,216,27.1403648853302,4611.038716316223
srcnn,stagewise,div2k,4,noise,0.5,168,2366,0.046609382386560795,24.61310789320204,0.039796538604423407,24.846862506866454,216,27.008291244506836,4638.04700756073
srcnn,stagewise,div2k,4,noise,0.5,169,2380,0.04756918991053546,24.54357401529948,0.03988618541043252,24.839920663833617,216,26.97904396057129,4665.026051521301
srcnn,stagewise,div2k,4,noise,0.5,170,2394,0.0467726424060486,24.639038227222585,0.039765829942189156,24.853311777114868,216,27.034837007522583,4692.060888528824
srcnn,stagewise,div2k,4,noise,0.5,171,2408,0.0464779030945566,24.641294620655202,0.04022152989637107,24.81816565990448,216,26.99348473548889,4719.054373264313
srcnn,stagewise,div2k,4,noise,0.5,172,2422,0.04964271325756003,24.229201281512225,0.04021619146224111,24.79872922897339,216,27.01249599456787,4746.066869258881
srcnn,stagewise,div2k,4,noise,0.5,173,2436,0.04762129899528292,24.473986590350115,0.04097524774260819,24.686043787002564,216,27.139105081558228,4773.205974340439
srcnn,stagewise,div2k,4,noise,0.5,174,2450,0.04803134556169863,24.51674341272425,0.0397963363211602,24.855137515068055,216,27.188549280166626,4800.3945236206055
srcnn,stagewise,div2k,4,noise,0.5,175,2464,0.047218964883574736,24.42868642453794,0.0400476114358753,24.82624912261963,216,27.124735355377197,4827.519258975983
srcnn,stagewise,div2k,4,noise,0.5,176,2478,0.04864242410770169,24.31523245352286,0.0403598019387573,24.778777480125427,216,27.07688808441162,4854.596147060394
srcnn,stagewise,div2k,4,noise,0.5,177,2492,0.04792096038107519,24.39606405187536,0.040086923935450616,24.827904748916627,216,26.976731061935425,4881.57287812233
srcnn,stagewise,div2k,4,noise,0.5,178,2506,0.046502421575563925,24.707873309100115,0.03966962774284184,24.87562210559845,216,27.170795679092407,4908.743673801422
srcnn,stagewise,div2k,4,noise,0.5,179,2520,0.04913954726523823,24.285364786783855,0.040266466909088194,24.785166478157045,216,27.162578105926514,4935.906251907349
srcnn,stagewise,div2k,4,noise,0.5,180,2534,0.04775313550123462,24.550031873914932,0.039770072093233466,24.87245798110962,216,27.067195892333984,4962.973447799683
srcnn,stagewise,div2k,4,noise,0.5,181,2548,0.049759350027199147,24.15363410667137,0.039699351973831655,24.87723331451416,216,27.111608028411865,4990.0850558280945
srcnn,stagewise,div2k,4,noise,0.5,182,2562,0.047287127210034266,24.517091185958297,0.03974298525135964,24.870696711540223,216,27.097109079360962,5017.182164907455
srcnn,stagewise,div2k,4,noise,0.5,183,2576,0.04719486667050256,24.67240121629503,0.039847027976065874,24.858041071891783,216,27.05124592781067,5044.233410835266
srcnn,stagewise,div2k,4,noise,0.5,184,2590,0.04609426980217298,24.833430678756148,0.039667365071363744,24.870827674865723,216,27.300723791122437,5071.534134626389
srcnn,stagewise,div2k,4,noise,0.5,185,2604,0.04881295561790466,24.25475565592448,0.0398931322619319,24.84737355709076,216,27.38829779624939,5098.922432422638
srcnn,stagewise,div2k,4,noise,0.5,186,2618,0.04978560601119642,24.24568211590802,0.03974636325147003,24.88039207458496,216,26.90417790412903,5125.826610326767
srcnn,stagewise,div2k,4,noise,0.5,187,2632,0.04779474216478842,24.47173563639323,0.04040665365755558,24.782299423217772,216,27.192073822021484,5153.018684148788
srcnn,stagewise,div2k,4,noise,0.5,188,2646,0.04755404453586649,24.6252252790663,0.03992842922452837,24.84493112564087,216,27.168824672698975,5180.187508821487
srcnn,stagewise,div2k,4,noise,0.5,189,2660,0.0507191069148205,23.938516546178747,0.04006565089803189,24.834801030158996,216,27.18141484260559,5207.368923664093
srcnn,stagewise,div2k,4,noise,0.5,190,2674,0.04744996861727149,24.49593409785518,0.040254596550948915,24.816886806488036,216,27.285338878631592,5234.654262542725
srcnn,stagewise,div2k,4,noise,0.5,191,2688,0.04774332087900904,24.32037848013419,0.039724289812147616,24.879530835151673,216,27.0869460105896,5261.741208553314
srcnn,stagewise,div2k,4,noise,0.5,192,2702,0.046335673442593324,24.690972787362558,0.03972938877996057,24.86332173347473,216,27.299898147583008,5289.041106700897
srcnn,stagewise,div2k,4,noise,0.5,193,2716,0.04942373434702555,24.116092681884766,0.03950803955085576,24.899844431877135,216,27.113024950027466,5316.154131650925
srcnn,stagewise,div2k,4,noise,0.5,194,2730,0.04720204985804028,24.494351281060112,0.03986611636355519,24.862339353561403,216,26.984239101409912,5343.138370752335
srcnn,stagewise,div2k,4,noise,0.5,195,2744,0.04705014176390789,24.612167358398438,0.039676514989696446,24.878084421157837,216,27.210981130599976,5370.349351882935
srcnn,stagewise,div2k,4,noise,0.5,196,2758,0.04652561150767185,24.80993143717448,0.03965781601145864,24.88132174015045,216,27.20174479484558,5397.55109667778
srcnn,stagewise,div2k,4,noise,0.5,197,2772,0.047943101850924666,24.61187814783167,0.039625245984643696,24.892523646354675,216,27.131608963012695,5424.682705640793
srcnn,stagewise,div2k,4,noise,0.5,198,2786,0.0461491870659369,24.622467676798504,0.039870075951330367,24.87230005264282,216,27.106614112854004,5451.789319753647
srcnn,stagewise,div2k,4,noise,0.5,199,2800,0.04883440059644205,24.398494014033563,0.03969201927538961,24.895693492889404,216,27.023365259170532,5478.812685012817
srcnn,stagewise,div2k,4,noise,0.5,200,2814,0.04685100609505618,24.63718725133825,0.039690584107302126,24.87618193626404,216,26.986671209335327,5505.799356222153
srcnn,stagewise,div2k,4,noise,0.5,201,2828,0.05120999145287054,23.980106141832138,0.04067825840320438,24.733564496040344,216,27.133042812347412,5532.9323990345
srcnn,stagewise,div2k,4,noise,0.5,202,2842,0.04904897786952831,24.189143851951318,0.0414873014902696,24.63955557346344,216,27.118026971817017,5560.050426006317
srcnn,stagewise,div2k,4,noise,0.5,203,2856,0.04918777570128441,24.293883429633247,0.04142870716750622,24.647469568252564,216,27.03823733329773,5587.088663339615
srcnn,stagewise,div2k,4,noise,0.5,204,2870,0.04810996588181566,24.44311339766891,0.040999897522851825,24.713466215133668,216,27.10808491706848,5614.196748256683
srcnn,stagewise,div2k,4,noise,0.5,205,2884,0.048479057020611234,24.40461660314489,0.041978144296444954,24.563447427749633,216,27.016844987869263,5641.213593244553
srcnn,stagewise,div2k,4,noise,0.5,206,2898,0.04951503141610711,24.210274449101203,0.04134433802682906,24.672749853134157,216,27.147552013397217,5668.36114525795
srcnn,stagewise,div2k,4,noise,0.5,207,2912,0.0494056516499431,24.23237313164605,0.0402251690858975,24.821972465515138,216,27.103914737701416,5695.465059995651
srcnn,stagewise,div2k,4,noise,0.5,208,2926,0.04724441634284125,24.588335249159073,0.040313523076474664,24.802561736106874,216,26.90255308151245,5722.367613077164
srcnn,static,div2k,4,noise,0.5,0,60,0.07276711612939835,20.40677375793457,0.06675829999148845,20.9394691824913,240,26.39824891090393,26.39824891090393
srcnn,static,div2k,4,noise,0.5,1,75,0.06204016531507174,21.207188924153645,0.05753350157756358,21.880858635902406,240,25.503451108932495,51.901700019836426
srcnn,static,div2k,4,noise,0.5,2,90,0.05961597313483556,21.805829366048176,0.05650230220053345,22.010058319568635,240,26.17347288131714,78.07517290115356
srcnn,static,div2k,4,noise,0.5,3,105,0.05790216897924741,21.590636444091796,0.055199942807666956,22.193219625949858,240,26.918334007263184,104.99350690841675
srcnn,static,div2k,4,noise,0.5,4,120,0.056691002349058786,22.016549428304035,0.05502096025738865,22.2405886054039,240,27.51775813102722,132.51126503944397
srcnn,static,div2k,4,noise,0.5,5,135,0.05688223019242287,22.092074712117512,0.05339062288403511,22.44851369857788,240,27.589046955108643,160.1003119945526
srcnn,static,div2k,4,noise,0.5,6,150,0.05433116033673287,22.677913029988606,0.05215843617916107,22.574785804748537,240,27.534024953842163,187.63433694839478
srcnn,static,div2k,4,noise,0.5,7,165,0.05507092426220576,22.440016555786134,0.0510503452969715,22.7383939743042,240,27.473844051361084,215.10818099975586
srcnn,static,div2k,4,noise,0.5,8,180,0.050534251828988394,23.1591921488444,0.05019848025403917,22.919383668899535,240,27.460931062698364,242.56911206245422
srcnn,static,div2k,4,noise,0.5,9,195,0.05034378444155057,23.311037445068358,0.0485384157858789,23.14717564582825,240,27.363608837127686,269.9327208995819
srcnn,static,div2k,4,noise,0.5,10,210,0.04773511315385501,23.86124610900879,0.04773447981569916,23.282008290290833,240,27.462559938430786,297.3952808380127
srcnn,static,div2k,4,noise,0.5,11,225,0.04808685009678205,24.160181935628255,0.0471201958367601,23.402582240104675,240,27.547730922698975,324.94301176071167
srcnn,static,div2k,4,noise,0.5,12,240,0.046469384680191676,24.39646110534668,0.04588509520981461,23.571710228919983,240,27.602504014968872,352.54551577568054
srcnn,static,div2k,4,noise,0.5,13,255,0.04612395117680232,24.33514773050944,0.04726059676613659,23.46859483718872,240,27.466552257537842,380.0120680332184
srcnn,static,div2k,4,noise,0.5,14,270,0.04527469078699748,24.51517130533854,0.0451078609097749,23.678681588172914,240,27.507773876190186,407.51984190940857
srcnn,static,div2k,4,noise,0.5,15,285,0.04475588152805964,24.699670791625977,0.04581315349787474,23.62727909088135,240,27.616025924682617,435.1358678340912
srcnn,static,div2k,4,noise,0.5,16,300,0.04501020113627116,24.717848332722983,0.04470178936608136,23.731174063682555,240,27.552650451660156,462.68851828575134
srcnn,static,div2k,4,noise,0.5,17,315,0.0442817988495032,24.940551249186196,0.04444397429469973,23.783210587501525,240,27.5134699344635,490.20198822021484
srcnn,static,div2k,4,noise,0.5,18,330,0.04316227063536644,25.276231892903645,0.04578709560446441,23.679411745071413,240,27.464348077774048,517.6663362979889
srcnn,static,div2k,4,noise,0.5,19,345,0.04246554896235466,25.429595947265625,0.04421101594343781,23.831896138191222,240,27.565130949020386,545.2314672470093
srcnn,static,div2k,4,noise,0.5,20,360,0.04220127711693446,25.47187067667643,0.044362327503040436,23.816249656677247,240,27.53249192237854,572.7639591693878
srcnn,static,div2k,4,noise,0.5,21,375,0.04162583922346433,25.665425745646157,0.04420036897063255,23.854775834083558,240,27.494967699050903,600.2589268684387
srcnn,static,div2k,4,noise,0.5,22,390,0.04079165731867154,25.89204279581706,0.04402833231724799,23.89682891368866,240,27.45011615753174,627.7090430259705
srcnn,static,div2k,4,noise,0.5,23,405,0.0430963156123956,25.51063232421875,0.04388015521690249,23.93882324695587,240,27.40518093109131,655.1142239570618
srcnn,static,div2k,4,noise,0.5,24,420,0.04122976263364156,25.871694056193032,0.04353602095507085,23.98985743522644,240,27.593629121780396,682.7078530788422
srcnn,static,div2k,4,noise,0.5,25,435,0.04056470828751723,26.213166173299154,0.04345825091004372,24.010585331916808,240,27.638087272644043,710.3459403514862
srcnn,static,div2k,4,noise,0.5,26,450,0.0409253624578317,26.097212727864584,0.043181928363628684,24.05900032520294,240,27.540838956832886,737.8867793083191
srcnn,static,div2k,4,noise,0.5,27,465,0.04347665011882782,25.666464869181315,0.044969496806152164,23.880530619621275,240,27.607380867004395,765.4941601753235
srcnn,static,div2k,4,noise,0.5,28,480,0.04214026679595311,25.99516181945801,0.04300612134393304,24.120212173461915,240,27.462161779403687,792.9563219547272
srcnn,static,div2k,4,noise,0.5,29,495,0.03923128147919973,26.25982093811035,0.04274280094541609,24.157929444313048,240,27.57539987564087,820.531721830368
srcnn,static,div2k,4,noise,0.5,30,510,0.03958207269509633,26.38915252685547,0.04267371038440615,24.181247210502626,240,27.47357988357544,848.0053017139435
srcnn,static,div2k,4,noise,0.5,31,525,0.0412126824259758,26.04922726949056,0.045131868217140436,23.898269987106325,240,26.23201894760132,874.2373206615448
srcnn,static,div2k,4,noise,0.5,32,540,0.0407723077883323,26.053216298421223,0.043626333097927274,24.097473430633546,240,26.18562626838684,900.4229469299316
srcnn,static,div2k,4,noise,0.5,33,555,0.0421808668722709,25.829110844930014,0.04215145327616483,24.269886660575867,240,26.015217781066895,926.4381647109985
srcnn,static,div2k,4,noise,0.5,34,570,0.04127704029281934,26.092178090413412,0.042393630393780767,24.25054862499237,240,26.114259004592896,952.5524237155914
srcnn,static,div2k,4,noise,0.5,35,585,0.03781911333401998,26.632592519124348,0.0424207994248718,24.250741815567018,240,26.230233907699585,978.782657623291
srcnn,static,div2k,4,noise,0.5,36,600,0.038774590194225314,26.541657384236654,0.041913754073902965,24.314560437202452,240,26.880079984664917,1005.6627376079559
srcnn,static,div2k,4,noise,0.5,37,615,0.04031586634616057,26.133170700073244,0.04259780414868146,24.24981427192688,240,28.515809059143066,1034.178546667099
srcnn,static,div2k,4,noise,0.5,38,630,0.03914851148923238,26.444854100545246,0.041979118483141065,24.32611632347107,240,28.61800503730774,1062.7965517044067
srcnn,static,div2k,4,noise,0.5,39,645,0.038035393506288526,26.581965255737305,0.042024187720380725,24.316253852844238,240,31.83319616317749,1094.6297478675842
srcnn,static,div2k,4,noise,0.5,40,660,0.03966076970100403,26.103022893269856,0.04237254671752453,24.27408504486084,240,30.483421802520752,1125.113169670105
srcnn,static,div2k,4,noise,0.5,41,675,0.03940436380604903,26.52355817159017,0.043395946151576936,24.146767497062683,240,28.388293743133545,1153.5014634132385
srcnn,static,div2k,4,noise,0.5,42,690,0.041473161925872165,26.182233556111655,0.041923607839271425,24.331338310241698,240,28.51330876350403,1182.0147721767426
srcnn,static,div2k,4,noise,0.5,43,705,0.04072409545381864,26.22423973083496,0.04244644311256707,24.268695306777953,240,31.60431218147278,1213.6190843582153
srcnn,static,div2k,4,noise,0.5,44,720,0.04010429146389167,26.513564682006837,0.04265011425595731,24.242657923698424,240,30.98151993751526,1244.6006042957306
srcnn,static,div2k,4,noise,0.5,45,735,0.04038973686595758,26.32003313700358,0.041789832152426244,24.36022126674652,240,28.663706064224243,1273.2643103599548
srcnn,static,div2k,4,noise,0.5,46,750,0.03766858701904615,26.72647933959961,0.04153664819896221,24.3936203956604,240,28.481971979141235,1301.746282339096
srcnn,static,div2k,4,noise,0.5,47,765,0.04033698712786039,26.35912806193034,0.04245260099414736,24.279302334785463,240,31.087542057037354,1332.8338243961334
srcnn,static,div2k,4,noise,0.5,48,780,0.0391840785741806,26.397951634724937,0.04292785674333573,24.23577950000763,240,31.29481029510498,1364.1286346912384
srcnn,static,div2k,4,noise,0.5,49,795,0.039381261666615805,26.36544532775879,0.04312413011211902,24.22025032043457,240,28.617496967315674,1392.746131658554
srcnn,static,div2k,4,noise,0.5,50,810,0.03857064644495646,26.480610529581707,0.04188831008505076,24.37676661014557,240,28.455885887145996,1421.2020175457
srcnn,static,div2k,4,noise,0.5,51,825,0.03962208057443301,26.36332893371582,0.042418033443391324,24.289853048324584,240,31.096246242523193,1452.2982637882233
srcnn,static,div2k,4,noise,0.5,52,840,0.04027755856513977,26.189848073323567,0.044857856701128185,23.988340854644775,240,31.44864010810852,1483.7469038963318
srcnn,static,div2k,4,noise,0.5,53,855,0.04106550638874372,26.170744069417317,0.04564989123027772,23.952048301696777,240,28.58375334739685,1512.3306572437286
srcnn,static,div2k,4,noise,0.5,54,870,0.04069306030869484,26.016053517659504,0.041906100255437194,24.35333709716797,240,28.451685190200806,1540.7823424339294
srcnn,static,div2k,4,noise,0.5,55,885,0.0421004148821036,25.758429590861002,0.04389803756494075,24.10882112979889,240,30.11736011505127,1570.8997025489807
srcnn,static,div2k,4,noise,0.5,56,900,0.04447432408730189,25.516608810424806,0.04176760658156127,24.39512026309967,240,32.140440940856934,1603.0401434898376
srcnn,static,div2k,4,noise,0.5,57,915,0.04138801321387291,26.321473948160808,0.04177495294716209,24.37662627696991,240,29.27418613433838,1632.314329624176
srcnn,static,div2k,4,noise,0.5,58,930,0.03842971834043662,26.713030115763345,0.04204766065813601,24.34723346233368,240,28.85865092277527,1661.1729805469513
srcnn,static,div2k,4,noise,0.5,59,945,0.03999479090174039,26.279538726806642,0.042157132248394194,24.345443105697633,240,30.406757831573486,1691.5797383785248
srcnn,static,div2k,4,noise,0.5,60,960,0.03848552219569683,26.7670290629069,0.04172933653462678,24.40503795146942,240,31.61490774154663,1723.1946461200714
srcnn,static,div2k,4,noise,0.5,61,975,0.037884559109807016,26.682990392049152,0.041922477050684394,24.369141101837158,240,29.191370010375977,1752.3860161304474
srcnn,static,div2k,4,noise,0.5,62,990,0.038226627310117084,26.715251413981118,0.04182095879223198,24.385822558403014,240,28.52189588546753,1780.907912015915
srcnn,static,div2k,4,noise,0.5,63,1005,0.03948950121800105,26.239502461751304,0.04141852976754308,24.45049147605896,240,28.84964084625244,1809.7575528621674
srcnn,static,div2k,4,noise,0.5,64,1020,0.03933556253711382,26.582565943400066,0.0412118453765288,24.478830528259277,240,31.581506967544556,1841.339059829712
srcnn,static,div2k,4,noise,0.5,65,1035,0.03826978281140327,26.580404663085936,0.04136623397935182,24.448612689971924,240,30.824679136276245,1872.1637389659882
srcnn,static,div2k,4,noise,0.5,66,1050,0.03838300344844659,26.745712661743163,0.04138633932452649,24.44899137020111,240,28.35105609893799,1900.5147950649261
srcnn,static,div2k,4,noise,0.5,67,1065,0.04081933734317621,26.2386297861735,0.04144515926018357,24.449390625953676,240,28.469467163085938,1928.984262228012
srcnn,static,div2k,4,noise,0.5,68,1080,0.037916858494281766,26.72837142944336,0.04122501262463629,24.472288179397584,240,31.237823009490967,1960.222085237503
srcnn,static,div2k,4,noise,0.5,69,1095,0.03884787745773792,26.543575541178384,0.041214910917915404,24.478446650505067,240,31.311409950256348,1991.5334951877594
srcnn,static,div2k,4,noise,0.5,70,1110,0.040153374522924425,26.29342549641927,0.04097597631625831,24.513439774513245,240,28.666484117507935,2020.1999793052673
srcnn,static,div2k,4,noise,0.5,71,1125,0.03731367799142996,26.89299227396647,0.041122524975799025,24.50079140663147,240,28.453391075134277,2048.6533703804016
srcnn,static,div2k,4,noise,0.5,72,1140,0.03889675512909889,26.869298044840495,0.041011866205371915,24.505881094932555,240,31.222633361816406,2079.876003742218
srcnn,static,div2k,4,noise,0.5,73,1155,0.040610477328300476,26.278183619181316,0.04129766612313688,24.496940588951112,240,30.709720134735107,2110.585723876953
srcnn,static,div2k,4,noise,0.5,74,1170,0.041001087178786595,26.508635330200196,0.04212613212876022,24.362948513031007,240,28.55864715576172,2139.144371032715
srcnn,static,div2k,4,noise,0.5,75,1185,0.03735328676799933,26.651494598388673,0.04314954720903188,24.24029266834259,240,28.64395499229431,2167.788326025009
srcnn,static,div2k,4,noise,0.5,76,1200,0.03909139384826024,26.576055653889973,0.04141070859041065,24.47808587551117,240,30.886584043502808,2198.674910068512
srcnn,static,div2k,4,noise,0.5,77,1215,0.03996507376432419,26.511921564737957,0.04103087342809886,24.517927956581115,240,30.815913200378418,2229.4908232688904
srcnn,static,div2k,4,noise,0.5,78,1230,0.035700192923347154,27.21578178405762,0.04091320598963648,24.532422733306884,240,28.50385880470276,2257.994682073593
srcnn,static,div2k,4,noise,0.5,79,1245,0.038474533086021744,26.810985819498697,0.040858248225413264,24.54536826610565,240,28.472680807113647,2286.467362880707
srcnn,static,div2k,4,noise,0.5,80,1260,0.039105561251441635,26.548099772135416,0.040801736828871074,24.551378536224366,240,29.819641828536987,2316.287004709244
srcnn,static,div2k,4,noise,0.5,81,1275,0.039400210479895274,26.470217259724937,0.040863209892995654,24.550696444511413,240,31.699471950531006,2347.986476659775
srcnn,static,div2k,4,noise,0.5,82,1290,0.03963950475056966,26.333666356404624,0.04155594927724451,24.461662387847902,240,30.027639150619507,2378.0141158103943
srcnn,static,div2k,4,noise,0.5,83,1305,0.03771212001641591,26.947203318277996,0.04139269378501922,24.49063458442688,240,29.112229108810425,2407.1263449192047
srcnn,static,div2k,4,noise,0.5,84,1320,0.040471856171886124,26.370435333251955,0.0444400732871145,24.14558849334717,240,29.997570037841797,2437.1239149570465
srcnn,static,div2k,4,noise,0.5,85,1335,0.041692274063825606,25.992764027913413,0.040780332707799974,24.560709714889526,240,31.736682653427124,2468.8605976104736
srcnn,static,div2k,4,noise,0.5,86,1350,0.03916093011697133,26.38037198384603,0.04086473907809705,24.563290786743163,240,26.90594220161438,2495.766539812088
srcnn,static,div2k,4,noise,0.5,87,1365,0.03656450696289539,27.046436309814453,0.040952371619641784,24.5513867855072,240,27.201523780822754,2522.9680635929108
srcnn,static,div2k,4,noise,0.5,88,1380,0.03828372669716676,26.65213737487793,0.04126470168121159,24.51182222366333,240,27.44470191001892,2550.4127655029297
srcnn,static,div2k,4,noise,0.5,89,1395,0.03730926464001338,26.881643295288086,0.040927582141011956,24.55517876148224,240,27.390415906906128,2577.803181409836
srcnn,static,div2k,4,noise,0.5,90,1410,0.03867256330947081,26.46214828491211,0.041080976161174475,24.538832044601442,240,27.779271841049194,2605.582453250885
srcnn,static,div2k,4,noise,0.5,91,1425,0.03835520247618358,26.633189264933268,0.04119444449897856,24.521564602851868,240,27.478940963745117,2633.06139421463
srcnn,static,div2k,4,noise,0.5,92,1440,0.040305454780658084,26.44463831583659,0.04101009119767696,24.555237078666686,240,27.390273094177246,2660.4516673088074
srcnn,static,div2k,4,noise,0.5,93,1455,0.03878858958681424,26.682552973429363,0.040515268524177375,24.626374912261962,240,27.420588970184326,2687.8722562789917
srcnn,static,div2k,4,noise,0.5,94,1470,0.03642774745821953,27.06168835957845,0.040851884451694784,24.60506675243378,240,27.640841245651245,2715.513097524643
srcnn,static,div2k,4,noise,0.5,95,1485,0.03960459108153979,26.582483927408855,0.04042569452431053,24.680961298942567,240,27.736073970794678,2743.2491714954376
srcnn,static,div2k,4,noise,0.5,96,1500,0.039049250384171806,26.441750717163085,0.04136174020823091,24.552352356910706,240,27.60040020942688,2770.8495717048645
srcnn,static,div2k,4,noise,0.5,97,1515,0.03900258243083954,26.52420883178711,0.04055392479058355,24.65007860660553,240,27.499178171157837,2798.3487498760223
srcnn,static,div2k,4,noise,0.5,98,1530,0.038866873582204184,26.59566459655762,0.04033540072850883,24.678458094596863,240,27.444036960601807,2825.792786836624
srcnn,static,div2k,4,noise,0.5,99,1545,0.039708513269821805,26.571093877156574,0.040985255129635335,24.602485918998717,240,27.609045028686523,2853.4018318653107
srcnn,static,div2k,4,noise,0.5,100,1560,0.040219104910890265,26.317787170410156,0.04028655029833317,24.687308382987975,240,27.645671367645264,2881.047503232956
srcnn,static,div2k,4,noise,0.5,101,1575,0.03923325538635254,26.46651471455892,0.04160938814748079,24.505607652664185,240,27.46949577331543,2908.5169990062714
srcnn,static,div2k,4,noise,0.5,102,1590,0.0382586279263099,26.70006586710612,0.041418774821795526,24.53448691368103,240,27.794135093688965,2936.3111340999603
srcnn,static,div2k,4,noise,0.5,103,1605,0.03779766857624054,26.650710805257162,0.04023181211668998,24.702122974395753,240,27.427565097808838,2963.738699197769
srcnn,static,div2k,4,noise,0.5,104,1620,0.036781535297632215,26.98657658894857,0.04021016275510192,24.71252636909485,240,27.604695081710815,2991.34339427948
srcnn,static,div2k,4,noise,0.5,105,1635,0.03823616144557794,26.548246256510417,0.04035094121936709,24.68057906627655,240,27.621958017349243,3018.965352296829
srcnn,static,div2k,4,noise,0.5,106,1650,0.03764003490408262,26.951427459716797,0.04038731704931706,24.6635240316391,240,27.46665596961975,3046.432008266449
srcnn,static,div2k,4,noise,0.5,107,1665,0.038453907271226245,26.903440348307292,0.0401372529566288,24.716813135147095,240,27.48569917678833,3073.9177074432373
srcnn,static,div2k,4,noise,0.5,108,1680,0.03767021323243777,26.84048500061035,0.0404845773242414,24.668197321891785,240,28.710314989089966,3102.6280224323273
srcnn,static,div2k,4,noise,0.5,109,1695,0.04457761272788048,25.301895523071288,0.04044089580420405,24.665761375427245,240,28.07275414466858,3130.700776576996
srcnn,static,div2k,4,noise,0.5,110,1710,0.045901379982630414,24.90150286356608,0.0404874975560233,24.67717206478119,240,27.861894130706787,3158.5626707077026
srcnn,static,div2k,4,noise,0.5,111,1725,0.04420805101593336,25.134540303548178,0.04011211923789233,24.7213077545166,240,27.77979016304016,3186.342460870743
srcnn,static,div2k,4,noise,0.5,112,1740,0.04568505883216858,25.15650266011556,0.040310022048652173,24.703346276283263,240,27.668895959854126,3214.011356830597
srcnn,static,div2k,4,noise,0.5,113,1755,0.044413962463537855,25.498705927530924,0.04071551274973899,24.64173820018768,240,27.805080890655518,3241.8164377212524
srcnn,static,div2k,4,noise,0.5,114,1770,0.04677854801217715,24.824024836222332,0.04166233504656702,24.528627777099608,240,27.79163908958435,3269.608076810837
srcnn,static,div2k,4,noise,0.5,115,1785,0.0447907621661822,25.366622543334962,0.040584946633316576,24.676145029067992,240,27.663903951644897,3297.2719807624817
srcnn,static,div2k,4,noise,0.5,116,1800,0.04419475520650546,25.31167017618815,0.040158053510822356,24.73914716243744,240,27.783530950546265,3325.055511713028
srcnn,static,div2k,4,noise,0.5,117,1815,0.04302444954713185,25.86782086690267,0.0407971554202959,24.651793789863586,240,27.7549409866333,3352.8104526996613
srcnn,static,div2k,4,noise,0.5,118,1830,0.04330846965312958,25.80848439534505,0.040247586485929784,24.714087033271788,240,27.613770008087158,3380.4242227077484
srcnn,static,div2k,4,noise,0.5,119,1845,0.043650413304567336,25.775396474202473,0.040299814636819066,24.727898693084718,240,27.83720111846924,3408.2614238262177
srcnn,static,div2k,4,noise,0.5,120,1860,0.04429929951826731,25.598704020182293,0.039952063001692295,24.748810410499573,240,27.555754899978638,3435.8171787261963
srcnn,static,div2k,4,noise,0.5,121,1875,0.04549022416273753,25.088062032063803,0.040714251808822155,24.660802602767944,240,27.713993310928345,3463.5311720371246
srcnn,static,div2k,4,noise,0.5,122,1890,0.044838714351256685,25.430515416463216,0.04020351523067802,24.729709482192995,240,27.628276109695435,3491.15944814682
srcnn,static,div2k,4,noise,0.5,123,1905,0.04515004356702169,25.237067286173502,0.04040693356655538,24.70876774787903,240,27.698633909225464,3518.8580820560455
srcnn,static,div2k,4,noise,0.5,124,1920,0.04668164998292923,25.029120508829752,0.039918796089477834,24.7736554145813,240,27.684781074523926,3546.5428631305695
srcnn,static,div2k,4,noise,0.5,125,1935,0.04635779882470767,24.95523872375488,0.03991680566687137,24.761288619041444,240,27.55555295944214,3574.0984160900116
srcnn,static,div2k,4,noise,0.5,126,1950,0.046870443224906924,24.9832155863444,0.04001150184776634,24.751627802848816,240,27.706786155700684,3601.8052022457123
srcnn,static,div2k,4,noise,0.5,127,1965,0.04352031275629997,25.705009587605794,0.04002684799488634,24.76203806400299,240,27.438268184661865,3629.243470430374
srcnn,static,div2k,4,noise,0.5,128,1980,0.04458424722154935,25.335345840454103,0.04074680944904685,24.654959058761598,240,27.655368328094482,3656.8988387584686
srcnn,static,div2k,4,noise,0.5,129,1995,0.044192377974589664,25.622222646077475,0.041361019993200895,24.588101935386657,240,27.69960594177246,3684.598444700241
srcnn,static,div2k,4,noise,0.5,130,2010,0.04494801883896192,25.386821619669597,0.03997174275573343,24.76466941833496,240,27.718771934509277,3712.3172166347504
srcnn,static,div2k,4,noise,0.5,131,2025,0.04570010999838511,25.30783805847168,0.04061598593834788,24.689214944839478,240,27.612787008285522,3739.930003643036
srcnn,static,div2k,4,noise,0.5,132,2040,0.04800919319192568,24.866256968180338,0.040777505422011015,24.658173632621764,240,27.557396173477173,3767.487399816513
srcnn,static,div2k,4,noise,0.5,133,2055,0.04614274427294731,24.931130981445314,0.041513001453131436,24.57532458305359,240,27.51862597465515,3795.006025791168
srcnn,static,div2k,4,noise,0.5,134,2070,0.04587175200382868,25.11830228169759,0.04059632497373968,24.696387219429017,240,27.544764280319214,3822.5507900714874
srcnn,static,div2k,4,noise,0.5,135,2085,0.044626948734124504,25.39393539428711,0.039909094315953554,24.782285261154176,240,27.62683415412903,3850.1776242256165
srcnn,static,div2k,4,noise,0.5,136,2100,0.04410353849331538,25.45563481648763,0.04026701119728386,24.721693181991576,240,28.736160039901733,3878.913784265518
srcnn,static,div2k,4,noise,0.5,137,2115,0.044926097492376964,25.384960556030272,0.04063591386657208,24.68847050666809,240,27.86573576927185,3906.77952003479
srcnn,static,div2k,4,noise,0.5,138,2130,0.04501314883430799,25.523662567138672,0.04009580216370523,24.757713079452515,240,27.839283227920532,3934.6188032627106
srcnn,static,div2k,4,noise,0.5,139,2145,0.04610396151741346,25.194730631510417,0.040404032170772555,24.710853719711302,240,27.551021099090576,3962.169824361801
srcnn,static,div2k,4,noise,0.5,140,2160,0.04375267053643862,25.715019098917644,0.040156088396906854,24.756419920921324,240,27.657653093338013,3989.827477455139
srcnn,static,div2k,4,noise,0.5,141,2175,0.04671237741907438,25.253469212849936,0.03980455959681421,24.80013723373413,240,27.61227536201477,4017.439752817154
srcnn,static,div2k,4,noise,0.5,142,2190,0.04499889314174652,25.44311434427897,0.03975388668477535,24.812606048583984,240,27.920877933502197,4045.360630750656
srcnn,static,div2k,4,noise,0.5,143,2205,0.044535043835639956,25.56500384012858,0.04009447079151869,24.769934916496275,240,27.667213201522827,4073.027843952179
srcnn,static,div2k,4,noise,0.5,144,2220,0.04562441085775693,25.275850550333658,0.04028580898884684,24.72645969390869,240,27.534795999526978,4100.562639951706
srcnn,static,div2k,4,noise,0.5,145,2235,0.04572759096821149,25.359315236409504,0.039735974208451805,24.817481350898742,240,27.666028261184692,4128.228668212891
srcnn,static,div2k,4,noise,0.5,146,2250,0.044102730602025984,25.488768513997396,0.0397598086623475,24.803473949432373,240,27.745689153671265,4155.974357366562
srcnn,static,div2k,4,noise,0.5,147,2265,0.04336973217626413,25.58472226460775,0.039687698660418394,24.82997646331787,240,27.59631085395813,4183.57066822052
srcnn,static,div2k,4,noise,0.5,148,2280,0.044156359136104585,25.5769775390625,0.041411041654646395,24.614061999320985,240,27.570269107818604,4211.140937328339
srcnn,static,div2k,4,noise,0.5,149,2295,0.046095239371061324,25.000364685058592,0.039818005007691684,24.782738900184633,240,27.77346396446228,4238.914401292801
srcnn,static,div2k,4,noise,0.5,150,2310,0.04341825147469838,25.437807464599608,0.04070345282088965,24.679738640785217,240,27.566434860229492,4266.48083615303
srcnn,static,div2k,4,noise,0.5,151,2325,0.044020941108465196,25.5764897664388,0.03972817747853696,24.819629311561584,240,27.538239002227783,4294.019075155258
srcnn,static,div2k,4,noise,0.5,152,2340,0.04565315395593643,25.179514439900718,0.03982442256528884,24.802867102622987,240,27.64167308807373,4321.660748243332
srcnn,static,div2k,4,noise,0.5,153,2355,0.045582656065622965,25.297879791259767,0.039898134162649514,24.799465584754945,240,27.54498600959778,4349.20573425293
srcnn,static,div2k,4,noise,0.5,154,2370,0.045174897213776904,25.56263173421224,0.039787813159637156,24.818738317489625,240,27.84432888031006,4377.05006313324
srcnn,static,div2k,4,noise,0.5,155,2385,0.04473354915777842,25.271772130330405,0.03985894967336208,24.803723883628845,240,27.637474060058594,4404.687537193298
srcnn,static,div2k,4,noise,0.5,156,2400,0.04575006763140361,25.03378588358561,0.04011705855373293,24.774611020088194,240,27.61559796333313,4432.3031351566315
srcnn,static,div2k,4,noise,0.5,157,2415,0.04411304046710332,25.527713775634766,0.039767603110522035,24.82112636566162,240,27.536431074142456,4459.839566230774
srcnn,static,div2k,4,noise,0.5,158,2430,0.043601078043381376,25.43326187133789,0.03961240949574858,24.83631012439728,240,27.686357021331787,4487.525923252106
srcnn,static,div2k,4,noise,0.5,159,2445,0.04311498887836933,25.629605611165363,0.03984908605925739,24.813261651992796,240,27.60567617416382,4515.1315994262695
srcnn,static,div2k,4,noise,0.5,160,2460,0.04195596476395925,25.901085789998373,0.03969587704632431,24.835516214370728,240,28.57549023628235,4543.707089662552
srcnn,static,div2k,4,noise,0.5,161,2475,0.043859962622324625,25.48618507385254,0.039525675331242384,24.86050295829773,240,27.713132858276367,4571.420222520828
srcnn,static,div2k,4,noise,0.5,162,2490,0.0424468449006478,25.897563552856447,0.03959240794647485,24.841985273361207,240,27.65208911895752,4599.072311639786
srcnn,static,div2k,4,noise,0.5,163,2505,0.04556758229931195,25.199250666300454,0.0396324927918613,24.857067346572876,240,27.745622158050537,4626.817933797836
srcnn,static,div2k,4,noise,0.5,164,2520,0.04276683703064919,25.885308583577473,0.039766755397431554,24.81439664363861,240,27.72617220878601,4654.544106006622
srcnn,static,div2k,4,noise,0.5,165,2535,0.045316204180320105,25.41699612935384,0.04012872967869043,24.767631244659423,240,27.82796597480774,4682.37207198143
srcnn,static,div2k,4,noise,0.5,166,2550,0.04738436192274094,24.99546610514323,0.0404896572465077,24.722178530693053,240,27.610661029815674,4709.982733011246
srcnn,static,div2k,4,noise,0.5,167,2565,0.04339046229918798,25.50123736063639,0.03949503703042865,24.851221013069154,240,27.7486469745636,4737.731379985809
srcnn,static,div2k,4,noise,0.5,168,2580,0.0470488595465819,25.037254969278973,0.03966933081392199,24.849747085571288,240,27.533635139465332,4765.265015125275
srcnn,static,div2k,4,noise,0.5,169,2595,0.046153197934230165,25.207695770263673,0.03960629256907851,24.8430392742157,240,27.723790884017944,4792.988806009293
srcnn,static,div2k,4,noise,0.5,170,2610,0.04429479837417603,25.72683982849121,0.039572027721442284,24.84602909088135,240,27.694471836090088,4820.683277845383
srcnn,static,div2k,4,noise,0.5,171,2625,0.04236943746606509,25.963118235270183,0.0397078771609813,24.83219301700592,240,27.603196144104004,4848.286473989487
srcnn,static,div2k,4,noise,0.5,172,2640,0.04560399676362673,25.438865915934244,0.03975474915932864,24.834569215774536,240,27.624152183532715,4875.910626173019
srcnn,static,div2k,4,noise,0.5,173,2655,0.042398450026909514,25.768938318888345,0.040056581050157546,24.786162900924683,240,27.58677101135254,4903.497397184372
srcnn,static,div2k,4,noise,0.5,174,2670,0.04597146362066269,25.085529708862303,0.039777662325650456,24.8237051486969,240,27.598478078842163,4931.095875263214
srcnn,static,div2k,4,noise,0.5,175,2685,0.04417768195271492,25.586435953776043,0.039640404586680236,24.83838517665863,240,27.484580039978027,4958.580455303192
srcnn,static,div2k,4,noise,0.5,176,2700,0.044746900101502736,25.421859486897787,0.03945528992917389,24.869279193878175,240,27.61046075820923,4986.190916061401
srcnn,static,div2k,4,noise,0.5,177,2715,0.04339253157377243,25.63985481262207,0.03937674483750016,24.885117506980897,240,27.569631099700928,5013.760547161102
srcnn,static,div2k,4,noise,0.5,178,2730,0.042928119252125425,25.553024546305338,0.040331631479784844,24.76267304420471,240,27.68390989303589,5041.444457054138
srcnn,static,div2k,4,noise,0.5,179,2745,0.0453032207985719,25.3365535736084,0.04042662272695452,24.7323947429657,240,27.561792135238647,5069.006249189377
srcnn,static,div2k,4,noise,0.5,180,2760,0.0449934499959151,25.09437370300293,0.04009880889207125,24.77964222431183,240,27.63283395767212,5096.639083147049
srcnn,static,div2k,4,noise,0.5,181,2775,0.04487620989481608,25.28036053975423,0.039856903604231775,24.806921458244325,240,27.427666902542114,5124.066750049591
srcnn,static,div2k,4,noise,0.5,182,2790,0.044826346635818484,25.578384526570638,0.03967968469951302,24.837857604026794,240,27.649775981903076,5151.716526031494
srcnn,static,div2k,4,noise,0.5,183,2805,0.04333257923523585,25.702030817667644,0.039371797582134604,24.87750060558319,240,27.503062963485718,5179.21958899498
srcnn,static,div2k,4,noise,0.5,184,2820,0.04325563485423724,25.715854008992512,0.03940206882543862,24.872569346427916,240,27.510292053222656,5206.7298810482025
srcnn,static,div2k,4,noise,0.5,185,2835,0.04388868610064189,25.571990966796875,0.039427467877976595,24.871995592117308,240,27.482113122940063,5234.211994171143
srcnn,static,div2k,4,noise,0.5,186,2850,0.044686146825551984,25.241264979044598,0.04149681460112333,24.579882383346558,240,27.450947046279907,5261.6629412174225
srcnn,static,div2k,4,noise,0.5,187,2865,0.04424659535288811,25.626298650105795,0.03987437125761062,24.83156888484955,240,27.617672204971313,5289.280613422394
srcnn,static,div2k,4,noise,0.5,188,2880,0.04568458596865336,25.196482213338218,0.040221454785205425,24.776607155799866,240,27.4163339138031,5316.696947336197
srcnn,static,div2k,4,noise,0.5,189,2895,0.046964196612437566,25.374557240804037,0.03972360596526414,24.85821690559387,240,27.662352085113525,5344.35929942131
srcnn,static,div2k,4,noise,0.5,190,2910,0.044412497679392496,25.414508819580078,0.039423609245568515,24.881449365615843,240,27.45222020149231,5371.811519622803
srcnn,static,div2k,4,noise,0.5,191,2925,0.04345835323135058,25.72432607014974,0.03962431859690696,24.852923464775085,240,27.653449058532715,5399.464968681335
srcnn,static,div2k,4,noise,0.5,192,2940,0.04482891360918681,25.382892608642578,0.039612300042062995,24.862055516242982,240,27.649191856384277,5427.11416053772
srcnn,online,div2k,4,noise,0.5,0,14,0.34046370729252146,10.031522397641782,0.15601036185398698,14.32538789510727,216,26.39806890487671,26.39806890487671
srcnn,online,div2k,4,noise,0.5,1,28,0.12507052609214075,16.86130142211914,0.09346077158115804,18.79091167449951,216,26.358351707458496,52.756420612335205
srcnn,online,div2k,4,noise,0.5,2,42,0.09648105888455002,18.556928987856264,0.08530544468667359,19.35958367586136,216,26.549901962280273,79.30632257461548
srcnn,online,div2k,4,noise,0.5,3,56,0.0866412843267123,19.16243143434878,0.07580712316557765,20.13968299627304,216,26.39902901649475,105.70535159111023
srcnn,online,div2k,4,noise,0.5,4,70,0.07514512856249456,20.22923688535337,0.06502057407051325,21.26140966415405,216,26.414459943771362,132.1198115348816
srcnn,online,div2k,4,noise,0.5,5,84,0.06950262050937724,20.455193554913556,0.056123033096082506,22.184744572639467,216,26.468150854110718,158.5879623889923
srcnn,online,div2k,4,noise,0.5,6,98,0.06532008587210267,20.85621487652814,0.05429375653620809,22.421527695655822,216,26.6352059841156,185.2231683731079
srcnn,online,div2k,4,noise,0.5,7,112,0.06051406002155057,21.336448245578342,0.05364347884897143,22.515107727050783,216,26.65568518638611,211.87885355949402
srcnn,online,div2k,4,noise,0.5,8,126,0.05913548074938633,21.521070550989222,0.05214975564740598,22.665232753753664,216,26.534456729888916,238.41331028938293
srcnn,online,div2k,4,noise,0.5,9,140,0.05976799213223987,21.74573870058413,0.05094854014459997,22.81084809303284,216,26.555671215057373,264.9689815044403
srcnn,online,div2k,4,noise,0.5,10,154,0.057432771694880945,21.930556261980975,0.050208567269146444,22.960076546669008,216,26.667016983032227,291.63599848747253
srcnn,online,div2k,4,noise,0.5,11,168,0.05724314600229263,22.06951367413556,0.04936887482181192,23.075491309165955,216,26.61568307876587,318.2516815662384
srcnn,online,div2k,4,noise,0.5,12,182,0.05531189756260978,22.381174935234917,0.04834127377253026,23.215272307395935,216,26.58798098564148,344.8396625518799
srcnn,online,div2k,4,noise,0.5,13,196,0.05598189667971046,22.301548710575812,0.0475414180662483,23.35451707839966,216,26.637917041778564,371.47757959365845
srcnn,online,div2k,4,noise,0.5,14,210,0.051771939214732915,22.875817616780598,0.047665981110185385,23.42776701450348,216,26.68470025062561,398.16227984428406
srcnn,online,div2k,4,noise,0.5,15,224,0.055665584488047495,22.61147152936017,0.046270785364322366,23.587476873397826,216,26.661782026290894,424.82406187057495
srcnn,online,div2k,4,noise,0.5,16,238,0.0517462943163183,23.199305922896773,0.04587007076479495,23.691786646842957,216,26.608427047729492,451.43248891830444
srcnn,online,div2k,4,noise,0.5,17,252,0.04960510148494332,23.634263921667028,0.045859811920672656,23.731626915931702,216,26.514667987823486,477.94715690612793
srcnn,online,div2k,4,noise,0.5,18,266,0.05019839190774494,23.606254506994176,0.04568804944865405,23.736264014244078,216,26.54474186897278,504.4918987751007
srcnn,online,div2k,4,noise,0.5,19,280,0.047018032521009445,24.15731903358742,0.04498650026507676,23.86560914516449,216,26.465465784072876,530.9573645591736
srcnn,online,div2k,4,noise,0.5,20,294,0.05038935732510355,23.542508867051865,0.045007753069512546,23.884636068344115,216,26.47097682952881,557.4283413887024
srcnn,online,div2k,4,noise,0.5,21,308,0.04736449417692644,24.153405648690683,0.04406250522006303,23.997291469573973,216,26.592573165893555,584.020914554596
srcnn,online,div2k,4,noise,0.5,22,322,0.047624327380348136,24.17167522289135,0.04388187529984862,24.021450304985045,216,26.556713104248047,610.577627658844
srcnn,online,div2k,4,noise,0.5,23,336,0.047992442079164366,24.14870325724284,0.04375202904921025,24.054005217552184,216,26.65005111694336,637.2276787757874
srcnn,online,div2k,4,noise,0.5,24,350,0.046021545926729836,24.552054864388925,0.043456493271514775,24.104316306114196,216,26.66114902496338,663.8888278007507
srcnn,online,div2k,4,noise,0.5,25,364,0.04721727870680668,24.366346429895472,0.04382534532342106,24.085194802284242,216,25.177305936813354,689.0661337375641
srcnn,online,div2k,4,noise,0.5,26,378,0.04855469724646321,24.141803317599827,0.043629541504196824,24.116444516181947,216,25.068047046661377,714.1341807842255
srcnn,online,div2k,4,noise,0.5,27,392,0.04565252142923849,24.77402807165075,0.04300286145880818,24.20257451534271,216,25.054052114486694,739.1882328987122
srcnn,online,div2k,4,noise,0.5,28,406,0.04736963245603773,24.549029032389324,0.04273275169543922,24.23907172679901,216,25.14728593826294,764.3355188369751
srcnn,online,div2k,4,noise,0.5,29,420,0.04623375391518628,24.780510513870805,0.04871620945632458,23.543238615989686,216,25.17278480529785,789.508303642273
srcnn,online,div2k,4,noise,0.5,30,434,0.04961532478531202,24.19085905287001,0.04334361385554075,24.14736533164978,216,25.401553869247437,814.9098575115204
srcnn,online,div2k,4,noise,0.5,31,448,0.04560508027120873,24.8757974130136,0.04353132967371494,24.129467940330507,216,26.64807891845703,841.5579364299774
srcnn,online,div2k,4,noise,0.5,32,462,0.044763438403606415,25.160201249299227,0.043417205265723166,24.17727336883545,216,26.669097900390625,868.227034330368
srcnn,online,div2k,4,noise,0.5,33,476,0.047295278421154725,24.656820721096462,0.04334272835403681,24.19511122703552,216,26.557443141937256,894.7844774723053
srcnn,online,div2k,4,noise,0.5,34,490,0.04638072393006749,24.683197233412002,0.04230873351916671,24.338490700721742,216,26.473206758499146,921.2576842308044
srcnn,online,div2k,4,noise,0.5,35,504,0.04526555096661603,25.01256744949906,0.04298960000742227,24.22676103115082,216,26.457645654678345,947.7153298854828
srcnn,online,div2k,4,noise,0.5,36,518,0.04607993571294679,24.8517820570204,0.042589479871094224,24.303552627563477,216,26.391513109207153,974.1068429946899
srcnn,online,div2k,4,noise,0.5,37,532,0.04529311094019148,24.97341318483706,0.04288871423341334,24.274034285545348,216,26.6051127910614,1000.7119557857513
srcnn,online,div2k,4,noise,0.5,38,546,0.046882531571167486,24.792593638102215,0.045391498133540154,23.94801607131958,216,26.621208906173706,1027.333164691925
srcnn,online,div2k,4,noise,0.5,39,560,0.046890707203635466,24.665950068721063,0.0428066125838086,24.27893171310425,216,26.74520707130432,1054.0783717632294
srcnn,online,div2k,4,noise,0.5,40,574,0.046760026503492286,24.843793091950594,0.04243620301131159,24.33667607307434,216,26.975208044052124,1081.0535798072815
srcnn,online,div2k,4,noise,0.5,41,588,0.04660209820226387,24.944470864755136,0.042242839885875585,24.378798413276673,216,26.63552498817444,1107.689104795456
srcnn,online,div2k,4,noise,0.5,42,602,0.044979296900607924,24.92497479474103,0.042112045804969966,24.404968905448914,216,26.710509061813354,1134.3996138572693
srcnn,online,div2k,4,noise,0.5,43,616,0.0455876101774198,25.006512253372758,0.041843971330672504,24.431218433380128,216,26.65389585494995,1161.0535097122192
srcnn,online,div2k,4,noise,0.5,44,630,0.04657864694794019,25.067230012681748,0.041810447815805674,24.4509015083313,216,26.700510263442993,1187.7540199756622
srcnn,online,div2k,4,noise,0.5,45,644,0.04436213109228346,25.13505349335847,0.04249985690694302,24.362904214859007,216,26.626258850097656,1214.38027882576
srcnn,online,div2k,4,noise,0.5,46,658,0.043916745456280534,25.16875641434281,0.04269998848903924,24.31695177555084,216,26.636241912841797,1241.0165207386017
srcnn,online,div2k,4,noise,0.5,47,672,0.04696739989298361,24.82968012491862,0.04189025778323412,24.441785430908205,216,26.51105785369873,1267.5275785923004
srcnn,online,div2k,4,noise,0.5,48,686,0.04415412026422995,25.131381705955224,0.042436393047682944,24.372000956535338,216,26.402960777282715,1293.9305393695831
srcnn,online,div2k,4,noise,0.5,49,700,0.0464008967909548,24.87708791097005,0.04186202802229673,24.45900204181671,216,26.498515844345093,1320.4290552139282
srcnn,online,div2k,4,noise,0.5,50,714,0.04411103052121622,25.202861644603587,0.04160911049693823,24.490127515792846,216,26.662108898162842,1347.091164112091
srcnn,online,div2k,4,noise,0.5,51,728,0.045667064617629406,24.974895971792716,0.0415876516373828,24.492534828186034,216,26.708669900894165,1373.7998340129852
srcnn,online,div2k,4,noise,0.5,52,742,0.04528727410016237,25.141170077853733,0.041733641922473905,24.480274939537047,216,26.67841410636902,1400.4782481193542
srcnn,online,div2k,4,noise,0.5,53,756,0.04564677068480739,24.98414463467068,0.04156606753822416,24.50164911746979,216,26.562522888183594,1427.0407710075378
srcnn,online,div2k,4,noise,0.5,54,770,0.04329981158177058,25.41622769391095,0.04159285705536604,24.49241449832916,216,26.641691207885742,1453.6824622154236
srcnn,online,div2k,4,noise,0.5,55,784,0.044074438926246434,25.19942205923575,0.04154835112858564,24.508648347854614,216,26.611863136291504,1480.294325351715
srcnn,online,div2k,4,noise,0.5,56,798,0.04483176464283908,25.12999993783456,0.04155337540432811,24.505171942710877,216,26.733665943145752,1507.0279912948608
srcnn,online,div2k,4,noise,0.5,57,812,0.044739130332514095,25.271837022569443,0.04156066530849785,24.509791493415833,216,26.442272186279297,1533.4702634811401
srcnn,online,div2k,4,noise,0.5,58,826,0.043572850387405465,25.489933013916016,0.041963927051983776,24.468511152267457,216,26.5120050907135,1559.9822685718536
srcnn,online,div2k,4,noise,0.5,59,840,0.044063009321689606,25.267048376577872,0.04165321311447769,24.506156420707704,216,26.518813848495483,1586.5010824203491
srcnn,online,div2k,4,noise,0.5,60,854,0.042764750481755646,25.391578674316406,0.04133758065290749,24.537961745262145,216,26.49683690071106,1612.9979193210602
srcnn,online,div2k,4,noise,0.5,61,868,0.048050648636288114,24.6946371572989,0.04179945334326476,24.490630292892455,216,26.732025146484375,1639.7299444675446
srcnn,online,div2k,4,noise,0.5,62,882,0.04170811203894792,25.81397748876501,0.04146279615815729,24.51130828857422,216,26.644813060760498,1666.374757528305
srcnn,online,div2k,4,noise,0.5,63,896,0.04504068554551513,25.314917811640985,0.041874343529343605,24.479964232444765,216,26.763940811157227,1693.1386983394623
srcnn,online,div2k,4,noise,0.5,64,910,0.044893558930467675,25.305905165495695,0.04143291029613465,24.540691637992857,216,26.616992950439453,1719.7556912899017
srcnn,online,div2k,4,noise,0.5,65,924,0.043828430551069754,25.3395837854456,0.041785259870812295,24.491640400886535,216,26.694000959396362,1746.449692249298
srcnn,online,div2k,4,noise,0.5,66,938,0.043923506030329955,25.2866557792381,0.04146562372334302,24.52091109752655,216,26.579832792282104,1773.0295250415802
srcnn,online,div2k,4,noise,0.5,67,952,0.04530535114032251,24.988698464852792,0.041431870637461544,24.535620355606078,216,26.557451009750366,1799.5869760513306
srcnn,online,div2k,4,noise,0.5,68,966,0.04359821809662713,25.34768987584997,0.04121023777406663,24.57319493293762,216,26.631916046142578,1826.2188920974731
srcnn,online,div2k,4,noise,0.5,69,980,0.044365406726245525,25.302848957203054,0.04120541759766638,24.56187312602997,216,26.680252075195312,1852.8991441726685
srcnn,online,div2k,4,noise,0.5,70,994,0.04376107054176154,25.40016675878454,0.04129310832358897,24.56469597816467,216,26.553017139434814,1879.4521613121033
srcnn,online,div2k,4,noise,0.5,71,1008,0.04195939583910836,26.02130091631854,0.041178239556029436,24.570766711235045,216,26.545858144760132,1905.9980194568634
srcnn,online,div2k,4,noise,0.5,72,1022,0.0432374340792497,25.480108755606192,0.041443659202195705,24.53994565010071,216,26.578214168548584,1932.576233625412
srcnn,online,div2k,4,noise,0.5,73,1036,0.04360386122156073,25.399747283370406,0.04254901639651507,24.407668542861938,216,26.51557207107544,1959.0918056964874
srcnn,online,div2k,4,noise,0.5,74,1050,0.04349232823760421,25.465392642551,0.041331432829611006,24.55649721622467,216,26.56127619743347,1985.653081893921
srcnn,online,div2k,4,noise,0.5,75,1064,0.044314208819910335,25.246909035576714,0.041081429459154606,24.586088371276855,216,26.514968156814575,2012.1680500507355
srcnn,online,div2k,4,noise,0.5,76,1078,0.04455623941289054,25.11017100016276,0.0410390465054661,24.59304769039154,216,26.787044048309326,2038.9550940990448
srcnn,online,div2k,4,noise,0.5,77,1092,0.043453533478357176,25.38889298615632,0.04118308357428759,24.57933189868927,216,26.55863094329834,2065.513725042343
srcnn,online,div2k,4,noise,0.5,78,1106,0.043555283574042494,25.48377263104474,0.041220336616970596,24.574300003051757,216,26.627953052520752,2092.141678094864
srcnn,online,div2k,4,noise,0.5,79,1120,0.04264283594157961,25.6707605432581,0.041015041433274745,24.596755480766298,216,26.71399998664856,2118.8556780815125
srcnn,online,div2k,4,noise,0.5,80,1134,0.04462285960714022,25.24104944864909,0.040997556992806494,24.60113205909729,216,26.653385162353516,2145.509063243866
srcnn,online,div2k,4,noise,0.5,81,1148,0.04420245549193135,25.341607411702473,0.041246168711222705,24.564815616607667,216,26.781803607940674,2172.2908668518066
srcnn,online,div2k,4,noise,0.5,82,1162,0.04470532966984643,25.239339687206126,0.041005575587041675,24.6054878950119,216,26.6824209690094,2198.973287820816
srcnn,online,div2k,4,noise,0.5,83,1176,0.042610186531587886,25.637626082808882,0.04090111618861556,24.621140599250793,216,26.640252113342285,2225.6135399341583
srcnn,online,div2k,4,noise,0.5,84,1190,0.043848402384254664,25.39304252907082,0.04183933886233717,24.489470291137696,216,26.631893157958984,2252.2454330921173
srcnn,online,div2k,4,noise,0.5,85,1204,0.044370921811571824,25.34895381221065,0.04148207535035908,24.54677298069,216,26.576716899871826,2278.822149991989
srcnn,online,div2k,4,noise,0.5,86,1218,0.041797093909095834,25.741748385959202,0.04144473422784358,24.551482486724854,216,26.574164867401123,2305.3963148593903
srcnn,online,div2k,4,noise,0.5,87,1232,0.04301215556484682,25.63202808521412,0.04177881432697177,24.511184978485108,216,26.5515398979187,2331.947854757309
srcnn,online,div2k,4,noise,0.5,88,1246,0.04280666855198366,25.58282795658818,0.04137924737296998,24.547312760353087,216,26.63598918914795,2358.583843946457
srcnn,online,div2k,4,noise,0.5,89,1260,0.04671685480409198,24.784345556188512,0.04111284755636006,24.60351667404175,216,26.623228788375854,2385.2070727348328
srcnn,online,div2k,4,noise,0.5,90,1274,0.04525064539026331,25.192675555193865,0.04086914896033704,24.62883892059326,216,26.565979957580566,2411.7730526924133
srcnn,online,div2k,4,noise,0.5,91,1288,0.043130601169886415,25.54522775720667,0.04103987403213978,24.597425007820128,216,26.607579946517944,2438.3806326389313
srcnn,online,div2k,4,noise,0.5,92,1302,0.04427206157534211,25.395260704888237,0.04117825587745756,24.569590830802916,216,26.698916912078857,2465.07954955101
srcnn,online,div2k,4,noise,0.5,93,1316,0.0427746265022843,25.445419170238353,0.04100169860757887,24.611492562294007,216,26.579378843307495,2491.6589283943176
srcnn,online,div2k,4,noise,0.5,94,1330,0.04361504688858986,25.46487553914388,0.04139204828534275,24.552941274642944,216,26.6837477684021,2518.3426761627197
srcnn,online,div2k,4,noise,0.5,95,1344,0.044875970041310345,25.0035523308648,0.04133785625454038,24.577012276649477,216,26.56921696662903,2544.9118931293488
srcnn,online,div2k,4,noise,0.5,96,1358,0.0441253738546813,25.44577958848741,0.04087226996198297,24.625945734977723,216,26.711915969848633,2571.6238090991974
srcnn,online,div2k,4,noise,0.5,97,1372,0.04457502881133998,25.218921096236617,0.040973590267822144,24.617494559288026,216,26.628445863723755,2598.252254962921
srcnn,online,div2k,4,noise,0.5,98,1386,0.0441801283094618,25.39968123259368,0.04080133936367929,24.638557386398315,216,26.64730715751648,2624.8995621204376
srcnn,online,div2k,4,noise,0.5,99,1400,0.04543373319837782,25.14371433964482,0.04070408961270004,24.65461230278015,216,26.727545976638794,2651.6271080970764
srcnn,online,div2k,4,noise,0.5,100,1414,0.04376552667882708,25.348510600902415,0.04182793535292149,24.49274377822876,216,26.743140935897827,2678.3702490329742
srcnn,online,div2k,4,noise,0.5,101,1428,0.04432592803129443,25.29598264341001,0.04085182293783873,24.6374671459198,216,26.632887840270996,2705.0031368732452
srcnn,online,div2k,4,noise,0.5,102,1442,0.044072330411937505,25.251662925437646,0.04097232322674245,24.629090785980225,216,26.65906286239624,2731.6621997356415
srcnn,online,div2k,4,noise,0.5,103,1456,0.04237695259076578,25.603149696632666,0.040676464606076476,24.65429005622864,216,26.612121105194092,2758.2743208408356
srcnn,online,div2k,4,noise,0.5,104,1470,0.04357008829160973,25.35924925627532,0.04071820890530944,24.658603382110595,216,26.725261211395264,2784.999582052231
srcnn,online,div2k,4,noise,0.5,105,1484,0.043454168571366206,25.472142608077437,0.04059097031131387,24.665891695022584,216,26.763178825378418,2811.7627608776093
srcnn,online,div2k,4,noise,0.5,106,1498,0.042852230508018424,25.65106017501266,0.04122357205487788,24.597454714775086,216,26.63407301902771,2838.396833896637
srcnn,online,div2k,4,noise,0.5,107,1512,0.04348740726709366,25.315929695411963,0.04092829038854688,24.631163144111632,216,26.68771195411682,2865.084545850754
srcnn,online,div2k,4,noise,0.5,108,1526,0.042713194533630656,25.720302157931858,0.040940983407199386,24.640341901779173,216,26.640560150146484,2891.7251060009003
srcnn,online,div2k,4,noise,0.5,109,1540,0.04236502007201866,25.766932876021773,0.04422210925258696,24.17956397533417,216,26.753724098205566,2918.478830099106
srcnn,online,div2k,4,noise,0.5,110,1554,0.04431721016212746,25.37114002086498,0.04234310104511678,24.459129953384398,216,26.7844500541687,2945.2632801532745
srcnn,online,div2k,4,noise,0.5,111,1568,0.04334661833665989,25.535923145435476,0.040697030466981234,24.656315207481384,216,26.684083938598633,2971.947364091873
srcnn,online,div2k,4,noise,0.5,112,1582,0.045059822499752045,25.190891831009477,0.04171259775757789,24.546898579597475,216,26.7461519241333,2998.6935160160065
srcnn,online,div2k,4,noise,0.5,113,1596,0.044517937357778904,25.291490060311776,0.04077363715041429,24.656423115730284,216,26.799299001693726,3025.4928150177
srcnn,online,div2k,4,noise,0.5,114,1610,0.04205104073992482,25.71496659738046,0.04102922717574984,24.617484831809996,216,26.776124954223633,3052.268939971924
srcnn,online,div2k,4,noise,0.5,115,1624,0.04177894995168403,25.854345109727646,0.04091475673485547,24.635220956802367,216,26.760242223739624,3079.0291821956635
srcnn,online,div2k,4,noise,0.5,116,1638,0.04207458567840082,25.695998368439852,0.04119053026661277,24.59110908508301,216,26.667737007141113,3105.6969192028046
srcnn,online,div2k,4,noise,0.5,117,1652,0.04257572856214312,25.671071229157626,0.04074108712375164,24.654432821273804,216,26.679818153381348,3132.376737356186
srcnn,online,div2k,4,noise,0.5,118,1666,0.04393204549948374,25.314111921522354,0.0429649903671816,24.348382592201233,216,26.73169493675232,3159.1084322929382
srcnn,online,div2k,4,noise,0.5,119,1680,0.045893564682315896,25.05135663350423,0.04339996909257025,24.293442034721373,216,26.812583923339844,3185.921016216278
srcnn,online,div2k,4,noise,0.5,120,1694,0.04635141072449861,25.079630251283998,0.04194515896961093,24.514910674095155,216,26.682374000549316,3212.6033902168274
