arch,strategy,dataset,scale,degradation,deg_level,epoch,total_steps,train_loss,train_psnr,val_loss,val_psnr,subset_size,epoch_time,total_time
espcn,baseline,div2k,4,original,0.0,0,45,0.20811951061089834,13.222597524854873,0.09824182479642332,17.78177466392517,720,33.79725909233093,33.79725909233093
espcn,baseline,div2k,4,original,0.0,1,90,0.1006974168949657,18.00914980570475,0.0700410109711811,20.464820897579195,720,31.08007287979126,64.87733197212219
espcn,baseline,div2k,4,original,0.0,2,135,0.0805926306380166,19.49374465942383,0.06185911954380572,21.476783049106597,720,31.66514015197754,96.54247212409973
espcn,baseline,div2k,4,original,0.0,3,180,0.06929036006331443,20.768061362372503,0.05305686423089355,22.469361209869383,720,32.25651693344116,128.7989890575409
espcn,baseline,div2k,4,original,0.0,4,225,0.0657760980228583,21.408238220214844,0.049179895967245105,23.022406220436096,720,31.858952045440674,160.65794110298157
espcn,baseline,div2k,4,original,0.0,5,270,0.062010396189159815,21.90584602355957,0.04808506912086159,23.278256154060365,720,31.755090951919556,192.41303205490112
espcn,baseline,div2k,4,original,0.0,6,315,0.05812754639320904,22.571927939520943,0.04485859120031819,23.72560136318207,720,31.86085605621338,224.2738881111145
espcn,baseline,div2k,4,original,0.0,7,360,0.05546534690592024,23.030234824286566,0.04874625958036631,23.396994256973265,720,31.607586145401,255.8814742565155
espcn,baseline,div2k,4,original,0.0,8,405,0.05225505588783158,23.552742767333985,0.041811898234300315,24.24062325954437,720,31.855053901672363,287.73652815818787
espcn,baseline,div2k,4,original,0.0,9,450,0.05552920566664802,23.153816646999783,0.04464793188963086,23.98424072265625,720,31.942977905273438,319.6795060634613
espcn,baseline,div2k,4,original,0.0,10,495,0.05331810141603152,23.582047017415366,0.04079287288477644,24.468059611320495,720,31.827783823013306,351.5072898864746
espcn,baseline,div2k,4,original,0.0,11,540,0.05100198288758596,23.950217649671767,0.04101981741841883,24.501415610313416,720,31.64597511291504,383.15326499938965
espcn,baseline,div2k,4,original,0.0,12,585,0.048380649752087064,24.33731795416938,0.03953856057487428,24.729139184951784,720,31.915085792541504,415.06835079193115
espcn,baseline,div2k,4,original,0.0,13,630,0.04804605253868633,24.385579130384656,0.04098081424599513,24.542857933044434,720,32.18731880187988,447.25566959381104
espcn,baseline,div2k,4,original,0.0,14,675,0.04826710936095979,24.414988327026368,0.04216264067217708,24.47388391494751,720,32.91919994354248,480.1748695373535
espcn,baseline,div2k,4,original,0.0,15,720,0.047960664166344535,24.562280146280923,0.03977067802334204,24.788937616348267,720,32.92983889579773,513.1047084331512
espcn,baseline,div2k,4,original,0.0,16,765,0.04744242827097575,24.71562016805013,0.03847145905019715,24.99270815849304,720,32.90318989753723,546.0078983306885
espcn,baseline,div2k,4,original,0.0,17,810,0.04811253456605805,24.579255210028755,0.041031428566202524,24.762389826774598,720,32.50159311294556,578.509491443634
espcn,baseline,div2k,4,original,0.0,18,855,0.044186491105291575,25.264835400051542,0.04546169762033969,24.157933259010314,720,32.74838924407959,611.2578806877136
espcn,baseline,div2k,4,original,0.0,19,900,0.04605327149232229,25.09513053894043,0.04100373216206208,24.765296578407288,720,32.69415807723999,643.9520387649536
espcn,baseline,div2k,4,original,0.0,20,945,0.04663012524445852,24.9659065246582,0.03684475249610841,25.287628173828125,720,32.54205799102783,676.4940967559814
espcn,baseline,div2k,4,original,0.0,21,990,0.04566926024854183,25.104718695746527,0.03897992598358542,25.050149893760683,720,32.77001762390137,709.2641143798828
espcn,baseline,div2k,4,original,0.0,22,1035,0.0424744441277451,25.604303487141927,0.040212385216727854,24.92236168384552,720,32.517528772354126,741.7816431522369
espcn,baseline,div2k,4,original,0.0,23,1080,0.043332692194316125,25.469027837117512,0.035438857704866676,25.55563051700592,720,32.403703927993774,774.1853470802307
espcn,baseline,div2k,4,original,0.0,24,1125,0.041911975377135806,25.737762535942924,0.03825908669969067,25.24806935787201,720,32.504014015197754,806.6893610954285
espcn,baseline,div2k,4,original,0.0,25,1170,0.04216329637500975,25.786699930826824,0.03685022802092135,25.40152072906494,720,32.48424196243286,839.1736030578613
espcn,baseline,div2k,4,original,0.0,26,1215,0.044106989436679414,25.332509824964735,0.03895578566007316,25.174527096748353,720,32.425477266311646,871.599080324173
espcn,baseline,div2k,4,original,0.0,27,1260,0.04264155071642664,25.70163196987576,0.03504770742729306,25.686446928977965,720,32.37061882019043,903.9696991443634
espcn,baseline,div2k,4,original,0.0,28,1305,0.04086826095978419,25.971370654635958,0.034882828569971026,25.702418947219847,720,32.391902923583984,936.3616020679474
espcn,baseline,div2k,4,original,0.0,29,1350,0.042318514817290834,25.861420271131728,0.03780886868480593,25.314144611358643,720,32.302298069000244,968.6639001369476
espcn,baseline,div2k,4,original,0.0,30,1395,0.03976331601540248,26.261714935302734,0.034670286334585396,25.750430870056153,720,32.30769634246826,1000.9715964794159
espcn,baseline,div2k,4,original,0.0,31,1440,0.04035196552673976,26.159651692708334,0.03530367056373507,25.658971500396728,720,32.39028024673462,1033.3618767261505
espcn,baseline,div2k,4,original,0.0,32,1485,0.04121010841594802,25.98951687282986,0.03462717555230484,25.794847393035887,720,32.44767880439758,1065.809555530548
espcn,baseline,div2k,4,original,0.0,33,1530,0.040487364679574964,26.05227207607693,0.03590840639080852,25.65923833847046,720,32.31988596916199,1098.12944149971
espcn,baseline,div2k,4,original,0.0,34,1575,0.04210080529252688,25.932865609063043,0.03766175620257854,25.434068298339845,720,32.428832054138184,1130.5582735538483
espcn,baseline,div2k,4,original,0.0,35,1620,0.040630596917536524,26.12787937588162,0.03500581450061872,25.750401401519774,720,32.44473600387573,1163.003009557724
espcn,baseline,div2k,4,original,0.0,36,1665,0.04266767241060734,25.82910940382216,0.03368938870262354,26.001656341552735,720,32.43524193763733,1195.4382514953613
espcn,baseline,div2k,4,original,0.0,37,1710,0.03913456164300442,26.46718054877387,0.033254094060976055,26.064051604270936,720,32.34362268447876,1227.78187417984
espcn,baseline,div2k,4,original,0.0,38,1755,0.03896106407046318,26.60629458957248,0.032773129013367,26.123284530639648,720,32.48036313056946,1260.2622373104095
espcn,baseline,div2k,4,original,0.0,39,1800,0.040017002034518454,26.2107056511773,0.03366749520646408,26.00835108757019,720,32.2979462146759,1292.5601835250854
espcn,baseline,div2k,4,original,0.0,40,1845,0.03913154734505547,26.629493798149955,0.0355124874971807,25.76627721786499,720,32.368180990219116,1324.9283645153046
espcn,baseline,div2k,4,original,0.0,41,1890,0.03740095330609216,26.863220596313475,0.03274615317350253,26.14923288822174,720,32.490092039108276,1357.4184565544128
espcn,baseline,div2k,4,original,0.0,42,1935,0.03829276996354262,26.55447752210829,0.03286557351239026,26.159358024597168,720,32.47184205055237,1389.8902986049652
espcn,baseline,div2k,4,original,0.0,43,1980,0.03854253304501375,26.601685587565104,0.03597233109176159,25.701269602775575,720,32.40666127204895,1422.2969598770142
espcn,baseline,div2k,4,original,0.0,44,2025,0.03672665423817105,26.981990771823458,0.03695068060187623,25.689267325401307,720,32.38969016075134,1454.6866500377655
espcn,baseline,div2k,4,original,0.0,45,2070,0.039062413821617764,26.669806798299152,0.03548394360113889,25.855167174339293,720,32.36379814147949,1487.050448179245
espcn,baseline,div2k,4,original,0.0,46,2115,0.03857517081002394,26.67868406507704,0.03684325233334675,25.68896107673645,720,32.367985248565674,1519.4184334278107
espcn,baseline,div2k,4,original,0.0,47,2160,0.03990761459701591,26.536586973402237,0.0335941698984243,26.104763174057005,720,32.46490502357483,1551.8833384513855
espcn,baseline,div2k,4,original,0.0,48,2205,0.03761953305866983,26.878457853529188,0.034733342076651755,25.874773573875427,720,32.54789090156555,1584.431229352951
espcn,baseline,div2k,4,original,0.0,49,2250,0.03819330483675003,26.861150487264,0.0326789551123511,26.247684288024903,720,32.46695399284363,1616.8981833457947
espcn,baseline,div2k,4,original,0.0,50,2295,0.037609222448534436,26.818203311496312,0.03611535052768886,25.79683048725128,720,32.52876400947571,1649.4269473552704
espcn,baseline,div2k,4,original,0.0,51,2340,0.038666548993852405,26.668780348036023,0.03268041557166725,26.266142463684083,720,32.519707918167114,1681.9466552734375
espcn,baseline,div2k,4,original,0.0,52,2385,0.03877822454604837,26.610257212320963,0.03246813828591257,26.27591481208801,720,32.95464491844177,1714.9013001918793
espcn,baseline,div2k,4,original,0.0,53,2430,0.037297179715500936,27.093575753106013,0.032764083484653386,26.255821418762206,720,33.85594606399536,1748.7572462558746
espcn,baseline,div2k,4,original,0.0,54,2475,0.037956289367543326,26.924055311414932,0.035447229782585056,25.8456041097641,720,38.394957065582275,1787.152203321457
espcn,baseline,div2k,4,original,0.0,55,2520,0.03734906270272202,27.06772609286838,0.0332405524328351,26.164122939109802,720,38.18145513534546,1825.3336584568024
espcn,baseline,div2k,4,original,0.0,56,2565,0.03560519454379876,27.38721398247613,0.03137698580394499,26.430251955986023,720,37.6519718170166,1862.985630273819
espcn,baseline,div2k,4,original,0.0,57,2610,0.03815524524284734,26.87506807115343,0.03295871356967837,26.249249863624573,720,39.81390404701233,1902.7995343208313
espcn,baseline,div2k,4,original,0.0,58,2655,0.03796048656933838,26.920058949788412,0.042353198758792135,25.006751275062562,720,36.59903883934021,1939.3985731601715
espcn,baseline,div2k,4,original,0.0,59,2700,0.038785630919867094,26.879819488525392,0.0318598969723098,26.424106192588805,720,37.59214901924133,1976.9907221794128
espcn,baseline,div2k,4,original,0.0,60,2745,0.036509864032268524,27.215750037299262,0.031646578176878395,26.445862793922423,720,39.64632701873779,2016.6370491981506
espcn,baseline,div2k,4,original,0.0,61,2790,0.03632803075015545,27.519700876871745,0.033809937618207185,26.11594638824463,720,36.82267379760742,2053.459722995758
espcn,baseline,div2k,4,original,0.0,62,2835,0.035223584953281616,27.53836161295573,0.03129793792031706,26.53037085533142,720,37.83437180519104,2091.294094800949
espcn,baseline,div2k,4,original,0.0,63,2880,0.03591794090138541,27.4290342119005,0.03200925049604848,26.42833113670349,720,39.41351509094238,2130.7076098918915
espcn,baseline,div2k,4,original,0.0,64,2925,0.03888810276985168,26.67949367099338,0.04089852262986824,25.14611213207245,720,36.860711097717285,2167.5683209896088
espcn,baseline,div2k,4,original,0.0,65,2970,0.03632255088951852,27.273954730563695,0.031062376365298405,26.545599818229675,720,39.67129707336426,2207.239618062973
espcn,baseline,div2k,4,original,0.0,66,3015,0.036969681208332376,27.312909020317925,0.031429403310175984,26.494011759757996,720,38.01654887199402,2245.256166934967
espcn,baseline,div2k,4,original,0.0,67,3060,0.03504199203517702,27.655712127685547,0.0314581340062432,26.503430438041686,720,37.91085982322693,2283.167026758194
espcn,baseline,div2k,4,original,0.0,68,3105,0.034365023051699,27.863048383924696,0.031828898086678235,26.493542408943178,720,39.4067919254303,2322.5738186836243
espcn,baseline,div2k,4,original,0.0,69,3150,0.034578036268552145,27.756223678588867,0.03113692131009884,26.53574275970459,720,37.48205828666687,2360.055876970291
espcn,baseline,div2k,4,original,0.0,70,3195,0.0378667376935482,27.104948891533745,0.03221470568678342,26.43006534576416,720,37.93168306350708,2397.987560033798
espcn,baseline,div2k,4,original,0.0,71,3240,0.03706276925901572,27.20975358751085,0.03254117070464417,26.386869287490846,720,40.18792700767517,2438.1754870414734
espcn,baseline,div2k,4,original,0.0,72,3285,0.035653469463189445,27.585096232096355,0.031021810322999954,26.58440980911255,720,37.191007137298584,2475.366494178772
espcn,baseline,div2k,4,original,0.0,73,3330,0.036606741075714426,27.24821111891005,0.03408348023658618,26.21202597618103,720,39.23727512359619,2514.603769302368
espcn,baseline,div2k,4,original,0.0,74,3375,0.038071270535389584,26.97507167392307,0.032274166063871235,26.4725772857666,720,38.983091831207275,2553.5868611335754
espcn,baseline,div2k,4,original,0.0,75,3420,0.034266666861044036,27.882461802164713,0.031065878097433598,26.598709058761596,720,37.22549605369568,2590.812357187271
espcn,baseline,div2k,4,original,0.0,76,3465,0.03444714657962322,27.847815831502277,0.031303951307199894,26.57900915145874,720,41.037028074264526,2631.8493852615356
espcn,baseline,div2k,4,original,0.0,77,3510,0.0371072206646204,27.25212198893229,0.03075133577804081,26.647965168952943,720,37.72210121154785,2669.5714864730835
espcn,baseline,div2k,4,original,0.0,78,3555,0.034616740254892246,27.847293641832138,0.03118787760613486,26.598651432991026,720,38.02651023864746,2707.597996711731
espcn,baseline,div2k,4,original,0.0,79,3600,0.03789451155397627,27.12734383477105,0.03261815927689895,26.43631339073181,720,40.50826120376587,2748.106257915497
espcn,baseline,div2k,4,original,0.0,80,3645,0.03682110065387355,27.46342527601454,0.03899589271750301,25.506077003479003,720,37.5126519203186,2785.6189098358154
espcn,baseline,div2k,4,original,0.0,81,3690,0.037484366363949244,27.09234530131022,0.03118795605842024,26.587010192871094,720,39.38403105735779,2825.002940893173
espcn,baseline,div2k,4,original,0.0,82,3735,0.03679688030646907,27.406785032484265,0.03343132410664111,26.18817138671875,720,39.54824614524841,2864.5511870384216
espcn,baseline,div2k,4,original,0.0,83,3780,0.03522603089610735,27.70511580573188,0.030692279373761268,26.685533261299135,720,37.67130708694458,2902.222494125366
espcn,baseline,div2k,4,original,0.0,84,3825,0.035226169187161656,27.665163718329534,0.031824786216020584,26.50362560749054,720,40.889485120773315,2943.1119792461395
espcn,baseline,div2k,4,original,0.0,85,3870,0.03544619062708484,27.753885226779513,0.029902322712587193,26.778209185600282,720,38.19987607002258,2981.311855316162
espcn,baseline,div2k,4,original,0.0,86,3915,0.03512676093313429,27.793354670206707,0.03088664737297222,26.66204514503479,720,38.155826807022095,3019.467682123184
espcn,baseline,div2k,4,original,0.0,87,3960,0.03396107736561033,28.110771730211045,0.030585126753430815,26.65297899246216,720,40.949809074401855,3060.417491197586
espcn,baseline,div2k,4,original,0.0,88,4005,0.035317767038941385,27.8737668355306,0.03044676542049274,26.71947662830353,720,34.17140197753906,3094.588893175125
espcn,baseline,div2k,4,original,0.0,89,4050,0.03630931704408592,27.435534116956923,0.03064450977835804,26.666956782341003,720,34.84357190132141,3129.4324650764465
espcn,baseline,div2k,4,original,0.0,90,4095,0.03659828197624948,27.561677424112954,0.03214035854907706,26.42109136581421,720,35.72021293640137,3165.152678012848
espcn,baseline,div2k,4,original,0.0,91,4140,0.03434763066470623,27.799357859293618,0.031284888985101136,26.611451196670533,720,35.722333908081055,3200.875011920929
espcn,baseline,div2k,4,original,0.0,92,4185,0.03249501287937164,28.562325117323134,0.030216477124486118,26.75651881694794,720,35.70200800895691,3236.577019929886
espcn,baseline,div2k,4,original,0.0,93,4230,0.033982914520634545,28.089183129204645,0.030521970149129628,26.70325634479523,720,35.90240216255188,3272.4794220924377
espcn,baseline,div2k,4,original,0.0,94,4275,0.03370045431786113,28.180920198228623,0.030408497102325783,26.7217337846756,720,35.861335039138794,3308.3407571315765
espcn,baseline,div2k,4,original,0.0,95,4320,0.035108341607782576,27.817480977376302,0.03043338085990399,26.72707543373108,720,35.60594606399536,3343.946703195572
espcn,baseline,div2k,4,original,0.0,96,4365,0.034247292081514995,28.163349533081053,0.029941244650399313,26.774419164657594,720,35.69022989273071,3379.6369330883026
espcn,baseline,div2k,4,original,0.0,97,4410,0.03462720182206896,27.9439508650038,0.029787338571622968,26.811433291435243,720,35.6517608165741,3415.2886939048767
espcn,baseline,div2k,4,original,0.0,98,4455,0.03404575553205278,28.073501544528536,0.03061010573292151,26.67114586830139,720,35.96492600440979,3451.2536199092865
espcn,baseline,div2k,4,original,0.0,99,4500,0.03369835279881954,28.268022367689344,0.030108357488643378,26.77208607196808,720,35.76228094100952,3487.015900850296
espcn,baseline,div2k,4,original,0.0,100,4545,0.03382921334769991,28.142546208699546,0.03384350895648822,26.22229700088501,720,35.910634994506836,3522.926535844803
espcn,baseline,div2k,4,original,0.0,101,4590,0.0344575096335676,28.16588363647461,0.031084587122313677,26.643664002418518,720,35.99619102478027,3558.922726869583
espcn,baseline,div2k,4,original,0.0,102,4635,0.034261246646444005,28.23472531636556,0.030761146743316203,26.707279109954833,720,35.93997287750244,3594.8626997470856
espcn,baseline,div2k,4,original,0.0,103,4680,0.03349381416208214,28.326616923014324,0.029778953548520802,26.82358887195587,720,36.023377895355225,3630.886077642441
espcn,baseline,div2k,4,original,0.0,104,4725,0.0322469401690695,28.378147633870444,0.029940101370448245,26.802760338783266,720,36.06050682067871,3666.9465844631195
espcn,baseline,div2k,4,original,0.0,105,4770,0.03483111796279748,27.97864752875434,0.032597237138543275,26.349282574653625,720,36.17207908630371,3703.118663549423
espcn,baseline,div2k,4,original,0.0,106,4815,0.033522495792971715,28.30307888454861,0.0301819282816723,26.785759496688843,720,36.36066198348999,3739.479325532913
espcn,baseline,div2k,4,original,0.0,107,4860,0.03280789442360401,28.448317337036134,0.029655349120730534,26.838539791107177,720,36.51556468009949,3775.9948902130127
espcn,baseline,div2k,4,original,0.0,108,4905,0.032975764986541534,28.374712922838,0.029999513772781938,26.809633469581605,720,37.12835502624512,3813.123245239258
espcn,baseline,div2k,4,original,0.0,109,4950,0.03135433354311519,28.9258295694987,0.02937008789158426,26.89431619644165,720,37.184191942214966,3850.307437181473
espcn,baseline,div2k,4,original,0.0,110,4995,0.034003914064831206,28.184060457017686,0.031115991738624872,26.666585183143617,720,37.20666694641113,3887.514104127884
espcn,baseline,div2k,4,original,0.0,111,5040,0.03261683736410406,28.463727484809027,0.029893437860300763,26.885908675193786,720,37.04802203178406,3924.562126159668
espcn,stagewise,div2k,4,original,0.0,0,14,0.30656571962215284,11.115880401046187,0.21690970733761789,12.132404565811157,216,15.036818265914917,15.036818265914917
espcn,stagewise,div2k,4,original,0.0,1,28,0.20894102145124366,12.880437427096897,0.15176129657775164,14.52836766242981,216,16.721280097961426,31.758098363876343
espcn,stagewise,div2k,4,original,0.0,2,42,0.15577433506647745,14.711181640625,0.11343944882974029,16.288901829719542,216,15.678078889846802,47.436177253723145
espcn,stagewise,div2k,4,original,0.0,3,56,0.11611899374811738,17.043982682404696,0.09848917205817997,17.938440585136412,216,15.656160116195679,63.09233736991882
espcn,stagewise,div2k,4,original,0.0,4,70,0.10451583785039407,17.97803673920808,0.08526400197297335,19.161341345310213,216,16.20455026626587,79.29688763618469
espcn,stagewise,div2k,4,original,0.0,5,84,0.08862267517381245,19.331482216163916,0.07021297439932823,20.533352267742156,216,15.379451036453247,94.67633867263794
espcn,stagewise,div2k,4,original,0.0,6,98,0.08360188261226371,19.42787636650933,0.06633394376840443,20.966410601139067,216,16.325372219085693,111.00171089172363
espcn,stagewise,div2k,4,original,0.0,7,112,0.07729050020376842,19.829700823183412,0.061618454614654185,21.441114521026613,216,15.346652030944824,126.34836292266846
espcn,stagewise,div2k,4,original,0.0,8,126,0.07358662618531121,20.46262161820023,0.059115941426716744,21.70720201730728,216,16.497352838516235,142.8457157611847
espcn,stagewise,div2k,4,original,0.0,9,140,0.07045072648260328,21.05954318576389,0.0569095938000828,21.93115805387497,216,15.665485143661499,158.5112009048462
espcn,stagewise,div2k,4,original,0.0,10,154,0.06767066374973014,21.539660771687824,0.05902288451325148,21.853256344795227,216,15.27991795539856,173.79111886024475
espcn,stagewise,div2k,4,original,0.0,11,168,0.06776759194003211,21.296688503689236,0.054633324150927365,22.297097551822663,216,16.035771131515503,189.82688999176025
espcn,stagewise,div2k,4,original,0.0,12,182,0.06450349768554722,21.648366857458043,0.05314062114339322,22.49324177503586,216,15.431674003601074,205.25856399536133
espcn,stagewise,div2k,4,original,0.0,13,196,0.060974622214282,22.036758210923935,0.052430280495900664,22.557743883132936,216,16.546804428100586,221.8053684234619
espcn,stagewise,div2k,4,original,0.0,14,210,0.062278596891297236,22.060508162887007,0.05341770420782268,22.57036112546921,216,15.30880880355835,237.11417722702026
espcn,stagewise,div2k,4,original,0.0,15,224,0.06223448393521486,22.465130417435258,0.05546158645302057,22.356325268745422,216,16.06576895713806,253.17994618415833
espcn,stagewise,div2k,4,original,0.0,16,238,0.058349592680180515,22.542570891203702,0.05066981422714889,22.893522334098815,216,15.76689624786377,268.9468424320221
espcn,stagewise,div2k,4,original,0.0,17,252,0.06252394050911621,22.055492542408132,0.05671428944915533,22.393182110786437,216,15.224145889282227,284.1709883213043
espcn,stagewise,div2k,4,original,0.0,18,266,0.057146776329588006,23.0868569833261,0.05285056252032518,22.720531272888184,216,16.308993101119995,300.4799814224243
espcn,stagewise,div2k,4,original,0.0,19,280,0.06211622031750502,22.370631747775608,0.05151953757740557,22.904854393005373,216,15.491534233093262,315.9715156555176
espcn,stagewise,div2k,4,original,0.0,20,294,0.06220161418120066,22.419789420233833,0.05115596039686352,23.01909863948822,216,16.671884775161743,332.6434004306793
espcn,stagewise,div2k,4,original,0.0,21,308,0.05515802982780668,23.184857333147967,0.04980313952546567,23.132085251808167,216,15.352720737457275,347.9961211681366
espcn,stagewise,div2k,4,original,0.0,22,322,0.05564442428725737,23.084880546287255,0.046645464783068746,23.526810383796693,216,15.77463412284851,363.7707552909851
espcn,stagewise,div2k,4,original,0.0,23,336,0.054228646059830986,23.179017243561923,0.04563344445778057,23.65785403251648,216,16.12586498260498,379.8966202735901
espcn,stagewise,div2k,4,original,0.0,24,350,0.053173194328943886,23.367596732245552,0.04486716804094613,23.76172423362732,216,15.355161905288696,395.2517821788788
espcn,stagewise,div2k,4,original,0.0,25,364,0.05343649867508146,23.49132354171188,0.044376454688608645,23.83136212825775,216,16.07930088043213,411.3310830593109
espcn,stagewise,div2k,4,original,0.0,26,378,0.05462139044646864,23.35258893613462,0.04447473260806874,23.854525685310364,216,15.313190937042236,426.64427399635315
espcn,stagewise,div2k,4,original,0.0,27,392,0.050783696549910086,24.02739178692853,0.04338752714684233,23.9778062582016,216,16.742387056350708,443.38666105270386
espcn,stagewise,div2k,4,original,0.0,28,406,0.05207112348741955,23.990438320018626,0.044080396660137924,23.942007613182067,216,15.513081312179565,458.8997423648834
espcn,stagewise,div2k,4,original,0.0,29,420,0.04895638481334404,24.39879572833026,0.046266275155358014,23.739740705490114,216,15.426461219787598,474.326203584671
espcn,stagewise,div2k,4,original,0.0,30,434,0.052446792247118776,23.7292190834328,0.0467006525490433,23.70362114906311,216,15.970420837402344,490.29662442207336
espcn,stagewise,div2k,4,original,0.0,31,448,0.049873878696450484,24.349581400553387,0.044471760501619426,23.987028312683105,216,15.25551700592041,505.5521414279938
espcn,stagewise,div2k,4,original,0.0,32,462,0.048432806299792394,24.40722719828288,0.04446763797895983,23.999291682243346,216,16.029223918914795,521.5813653469086
espcn,stagewise,div2k,4,original,0.0,33,476,0.05210344769336559,23.767788851702655,0.04234677212079987,24.27026777267456,216,15.216721057891846,536.7980864048004
espcn,stagewise,div2k,4,original,0.0,34,490,0.048511475738551885,24.3793106785527,0.04420904318103567,24.061778926849364,216,16.288055658340454,553.0861420631409
espcn,stagewise,div2k,4,original,0.0,35,504,0.04995600272108008,24.340510333025897,0.041571972134988755,24.372590613365173,216,16.306644916534424,569.3927869796753
espcn,stagewise,div2k,4,original,0.0,36,518,0.053113247785303325,23.546699947781033,0.046531333681195976,23.787437677383423,216,15.870113849639893,585.2629008293152
espcn,stagewise,div2k,4,original,0.0,37,532,0.04837895557284355,24.60432391696506,0.04103379303123802,24.463362169265746,216,16.213262796401978,601.4761636257172
espcn,stagewise,div2k,4,original,0.0,38,546,0.04550757617862136,25.16126604433413,0.045221584383398294,24.021866607666016,216,16.066169023513794,617.542332649231
espcn,stagewise,div2k,4,original,0.0,39,560,0.04963810659117169,24.115632304438837,0.05002079741097987,23.305726647377014,216,16.044506788253784,633.5868394374847
espcn,stagewise,div2k,4,original,0.0,40,574,0.05092562045212145,24.148600542986834,0.04822132813278586,23.58725175857544,216,15.97931981086731,649.566159248352
espcn,stagewise,div2k,4,original,0.0,41,588,0.048616350800902756,24.751689981531214,0.047814274486154315,23.684340834617615,216,16.057191848754883,665.6233510971069
espcn,stagewise,div2k,4,original,0.0,42,602,0.048874315426305485,24.727515750461155,0.0408484231797047,24.567617321014403,216,16.101048946380615,681.7244000434875
espcn,stagewise,div2k,4,original,0.0,43,616,0.0472616809937689,24.708128752531827,0.03999014265136793,24.676702737808228,216,16.19145107269287,697.9158511161804
espcn,stagewise,div2k,4,original,0.0,44,630,0.04703881412192627,24.80463197496202,0.04364946557907388,24.252738738059996,216,16.195171117782593,714.111022233963
espcn,stagewise,div2k,4,original,0.0,45,644,0.04664687839923082,24.817927890353733,0.04345591641031206,24.304925394058227,216,16.296510934829712,730.4075331687927
espcn,stagewise,div2k,4,original,0.0,46,658,0.0459294608897633,24.694946430347585,0.03925437154248357,24.83192265033722,216,16.335230112075806,746.7427632808685
espcn,stagewise,div2k,4,original,0.0,47,672,0.04542609925071398,25.16234842936198,0.042402520682662724,24.47563006877899,216,16.364040851593018,763.1068041324615
espcn,stagewise,div2k,4,original,0.0,48,686,0.04382958663282571,25.386940567581743,0.03840909246355295,24.92452757358551,216,16.492750883102417,779.599555015564
espcn,stagewise,div2k,4,original,0.0,49,700,0.04722561604446835,24.580636766221787,0.03911881947424263,24.870505356788634,216,16.618458032608032,796.218013048172
espcn,stagewise,div2k,4,original,0.0,50,714,0.04465910019697966,25.42029239513256,0.04146452948916703,24.536776900291443,216,16.605632066726685,812.8236451148987
espcn,stagewise,div2k,4,original,0.0,51,728,0.04600703329951675,24.878867537887007,0.039818353834562004,24.8126442193985,216,16.723171949386597,829.5468170642853
espcn,stagewise,div2k,4,original,0.0,52,742,0.044347044080495834,25.225958506266277,0.03860830881167203,24.99318687915802,216,16.567636966705322,846.1144540309906
espcn,stagewise,div2k,4,original,0.0,53,756,0.04297159770848574,25.462188791345667,0.04271520562469959,24.425983953475953,216,16.545103311538696,862.6595573425293
espcn,stagewise,div2k,4,original,0.0,54,770,0.04445606318336946,25.336406071980793,0.04228592406725511,24.553478169441224,216,16.557482957839966,879.2170403003693
espcn,stagewise,div2k,4,original,0.0,55,784,0.0461640915384999,24.90441830952962,0.040649013535585254,24.820990252494813,216,16.27654480934143,895.4935851097107
espcn,stagewise,div2k,4,original,0.0,56,798,0.04457062206886433,25.33721704836245,0.040605179022531954,24.77915394306183,216,16.399027824401855,911.8926129341125
espcn,stagewise,div2k,4,original,0.0,57,812,0.04555343946924916,25.187195671929253,0.040075608692131934,24.828563475608824,216,16.122260808944702,928.0148737430573
espcn,stagewise,div2k,4,original,0.0,58,826,0.04366590468971818,25.49238459269206,0.039391197916120294,24.965801382064818,216,16.08364510536194,944.0985188484192
espcn,stagewise,div2k,4,original,0.0,59,840,0.04485807981755999,25.286822566279657,0.038839547196403146,25.045701766014098,216,16.111881017684937,960.2103998661041
espcn,stagewise,div2k,4,original,0.0,60,854,0.044000389951246756,25.415015750461155,0.036941588297486304,25.23470010757446,216,16.058924913406372,976.2693247795105
espcn,stagewise,div2k,4,original,0.0,61,868,0.03949570876580698,26.321370866563583,0.03705835319124162,25.25184018611908,216,16.023638010025024,992.2929627895355
espcn,stagewise,div2k,4,original,0.0,62,882,0.04271549027827051,25.766543706258137,0.037537247024010865,25.187114238739014,216,16.108239889144897,1008.4012026786804
espcn,stagewise,div2k,4,original,0.0,63,896,0.043069779596946856,25.531913898609304,0.03897513985866681,25.0651202917099,216,16.133086919784546,1024.534289598465
espcn,stagewise,div2k,4,original,0.0,64,910,0.04300804312030474,25.790348335548682,0.03909154172288254,25.007751512527467,216,16.05083203315735,1040.5851216316223
espcn,stagewise,div2k,4,original,0.0,65,924,0.041662405210512655,25.811084040889032,0.03982911887578666,24.93585102558136,216,16.057652950286865,1056.6427745819092
espcn,stagewise,div2k,4,original,0.0,66,938,0.043882870425780617,25.556269186514395,0.0382766778813675,25.153137469291686,216,15.887032270431519,1072.5298068523407
espcn,stagewise,div2k,4,original,0.0,67,952,0.04413484478438342,25.365352983827943,0.04480890680570156,24.357707071304322,216,15.947349071502686,1088.4771559238434
espcn,stagewise,div2k,4,original,0.0,68,966,0.04346341060267554,25.631135516696506,0.039553770364727826,24.964672255516053,216,15.709204912185669,1104.186360836029
espcn,stagewise,div2k,4,original,0.0,69,980,0.043459128588438034,25.555417943883825,0.03797455881722271,25.207880067825318,216,15.685563325881958,1119.871924161911
espcn,stagewise,div2k,4,original,0.0,70,994,0.04240448910880972,25.763496681495948,0.0389630124438554,24.998357939720155,216,15.745524883270264,1135.6174490451813
espcn,stagewise,div2k,4,original,0.0,71,1008,0.04299886538474648,25.40242611920392,0.03628712637582794,25.437329864501955,216,15.749404907226562,1151.3668539524078
espcn,stagewise,div2k,4,original,0.0,72,1022,0.038465524575224626,26.45973692999946,0.03918107629287988,25.032414770126344,216,15.728518962860107,1167.095372915268
espcn,stagewise,div2k,4,original,0.0,73,1036,0.04356820991745702,25.676615255850333,0.03825843011727557,25.147036910057068,216,15.854002952575684,1182.9493758678436
espcn,stagewise,div2k,4,original,0.0,74,1050,0.044778695674958055,25.36259545220269,0.03670305454870686,25.413897895812987,216,15.904101133346558,1198.8534770011902
espcn,stagewise,div2k,4,original,0.0,75,1064,0.03932885190954915,26.330672723275644,0.036101413378492,25.509180116653443,216,16.024723052978516,1214.8782000541687
espcn,stagewise,div2k,4,original,0.0,76,1078,0.04141172877064458,26.14333541304977,0.03956811274401843,25.02378695011139,216,16.316384077072144,1231.1945841312408
espcn,stagewise,div2k,4,original,0.0,77,1092,0.040118258308481286,26.351049917715567,0.03740503903245553,25.370238494873046,216,16.098963022232056,1247.293547153473
espcn,stagewise,div2k,4,original,0.0,78,1106,0.04380230329654835,25.306170145670574,0.03650816334411502,25.43779616355896,216,16.22348403930664,1263.5170311927795
espcn,stagewise,div2k,4,original,0.0,79,1120,0.04042908756269349,25.941649401629412,0.036840947391465304,25.402383708953856,216,16.180098056793213,1279.6971292495728
espcn,stagewise,div2k,4,original,0.0,80,1134,0.04078145821889242,25.928334695321542,0.03599307053955272,25.535379552841185,216,16.381839275360107,1296.0789685249329
espcn,stagewise,div2k,4,original,0.0,81,1148,0.04296716978704488,25.839733406349463,0.036226366111077365,25.502104783058165,216,16.57380509376526,1312.6527736186981
espcn,stagewise,div2k,4,original,0.0,82,1162,0.038529182197871034,26.302113992196542,0.03795426357537508,25.312309432029725,216,16.442155838012695,1329.0949294567108
espcn,stagewise,div2k,4,original,0.0,83,1176,0.04204573923790896,25.767472373114693,0.039345600560773165,25.1110741853714,216,16.589768886566162,1345.684698343277
espcn,stagewise,div2k,4,original,0.0,84,1190,0.04164053582482868,25.94471670080114,0.0441171077080071,24.46941225528717,216,16.403770923614502,1362.0884692668915
espcn,stagewise,div2k,4,original,0.0,85,1204,0.04047154179877705,26.13141222353335,0.03838459884282201,25.2609575510025,216,16.488157987594604,1378.576627254486
espcn,stagewise,div2k,4,original,0.0,86,1218,0.040073277359759366,26.30631552802192,0.03682314978213981,25.389977240562438,216,16.553966760635376,1395.1305940151215
espcn,stagewise,div2k,4,original,0.0,87,1232,0.040323992984162435,26.407063095657914,0.037851624737959354,25.339068984985353,216,16.403756141662598,1411.534350156784
espcn,stagewise,div2k,4,original,0.0,88,1246,0.04062613955250493,26.486056998923974,0.04025511464569718,25.04549369812012,216,16.39196801185608,1427.9263181686401
espcn,stagewise,div2k,4,original,0.0,89,1260,0.04060829044492156,26.40582953559028,0.03522040076786652,25.677505779266358,216,16.325483083724976,1444.251801252365
espcn,stagewise,div2k,4,original,0.0,90,1274,0.03920497414138582,26.258693271213108,0.03502445959020406,25.715653896331787,216,16.278459787368774,1460.530261039734
espcn,stagewise,div2k,4,original,0.0,91,1288,0.04040969742669,26.49919107225206,0.0343402293859981,25.814929556846618,216,16.291428089141846,1476.8216891288757
espcn,stagewise,div2k,4,original,0.0,92,1302,0.042566054259185436,25.75336201985677,0.038290217344183475,25.296556639671326,216,15.963443040847778,1492.7851321697235
espcn,stagewise,div2k,4,original,0.0,93,1316,0.04245298066072994,25.7844888192636,0.042901772540062666,24.699240136146546,216,16.019155263900757,1508.8042874336243
espcn,stagewise,div2k,4,original,0.0,94,1330,0.04272369847253517,25.851740165993018,0.04140624292194843,24.837888073921203,216,16.050549030303955,1524.8548364639282
espcn,stagewise,div2k,4,original,0.0,95,1344,0.04280940802009017,25.627449883355034,0.035039315710309896,25.785801124572753,216,15.89406418800354,1540.7489006519318
espcn,stagewise,div2k,4,original,0.0,96,1358,0.038957458541349126,26.620932755646884,0.034994540188927205,25.737060236930848,216,16.08284282684326,1556.831743478775
espcn,stagewise,div2k,4,original,0.0,97,1372,0.038918954492719086,26.46173448915835,0.03536107287509367,25.726972532272338,216,15.866982698440552,1572.6987261772156
espcn,stagewise,div2k,4,original,0.0,98,1386,0.038253024220466614,26.806318071153427,0.0345311670913361,25.82943789958954,216,16.025397062301636,1588.7241232395172
espcn,stagewise,div2k,4,original,0.0,99,1400,0.03775233361456129,26.82824636388708,0.03365744418697432,25.951182889938355,216,16.03111505508423,1604.7552382946014
espcn,stagewise,div2k,4,original,0.0,100,1414,0.03803053443078642,26.716687590987593,0.03399139642715454,25.925938177108765,216,16.020323753356934,1620.7755620479584
espcn,stagewise,div2k,4,original,0.0,101,1428,0.03789074208449434,26.669494205051,0.034930815373081715,25.792007875442504,216,15.864051103591919,1636.6396131515503
espcn,stagewise,div2k,4,original,0.0,102,1442,0.03976298013219127,26.12983548199689,0.04170745648443699,24.83963325023651,216,15.765461921691895,1652.4050750732422
espcn,stagewise,div2k,4,original,0.0,103,1456,0.04364485459195243,25.556227648699725,0.037787821085657924,25.436353898048402,216,15.787097930908203,1668.1921730041504
espcn,stagewise,div2k,4,original,0.0,104,1470,0.039044256977461,26.82011385317202,0.03554101891350001,25.69689118862152,216,15.791098833084106,1683.9832718372345
espcn,stagewise,div2k,4,original,0.0,105,1484,0.03884082563497402,26.575999789767796,0.034244360751472414,25.907540130615235,216,15.837101221084595,1699.820373058319
espcn,stagewise,div2k,4,original,0.0,106,1498,0.040184664643473096,26.372543617531104,0.034203797881491485,25.910337448120117,216,15.874745845794678,1715.6951189041138
espcn,stagewise,div2k,4,original,0.0,107,1512,0.03941285251467316,26.44182671440972,0.036908770410809665,25.530807065963746,216,15.920198917388916,1731.6153178215027
espcn,stagewise,div2k,4,original,0.0,108,1526,0.03726819364560975,27.34302372402615,0.035992357379291205,25.58598699569702,216,15.994771003723145,1747.6100888252258
espcn,stagewise,div2k,4,original,0.0,109,1540,0.038870196513555666,26.654948905662255,0.03577965572476387,25.691757225990294,216,16.126415014266968,1763.7365038394928
espcn,stagewise,div2k,4,original,0.0,110,1554,0.0430948189287274,25.624185844703955,0.03667298898799345,25.60905501842499,216,16.027009963989258,1779.763513803482
espcn,stagewise,div2k,4,original,0.0,111,1568,0.040727054631268536,26.27967000890661,0.03319286541081965,26.071397948265076,216,16.1372971534729,1795.900810956955
espcn,stagewise,div2k,4,original,0.0,112,1582,0.03822402959620511,26.63014461376049,0.03904528372222558,25.22542631626129,216,16.245807886123657,1812.1466188430786
espcn,stagewise,div2k,4,original,0.0,113,1596,0.04041413038417145,26.415449919524015,0.03856065487489104,25.377183651924135,216,16.243746042251587,1828.3903648853302
espcn,stagewise,div2k,4,original,0.0,114,1610,0.03996732237714308,26.364949968126083,0.034679176192730664,25.848136377334594,216,16.360822200775146,1844.7511870861053
espcn,stagewise,div2k,4,original,0.0,115,1624,0.03648265658153428,27.242913210833514,0.03474478431744501,25.889722204208375,216,16.394814014434814,1861.1460011005402
espcn,stagewise,div2k,4,original,0.0,116,1638,0.03887357148859236,26.54199112786187,0.03333706501289271,26.085474944114686,216,16.309765815734863,1877.455766916275
espcn,stagewise,div2k,4,original,0.0,117,1652,0.039052685653721844,26.626507370560258,0.034123580693267284,26.00082709789276,216,16.62719178199768,1894.0829586982727
espcn,stagewise,div2k,4,original,0.0,118,1666,0.0384838645932851,26.76162239357277,0.03373789658071473,26.003599858283998,216,16.522300004959106,1910.6052587032318
espcn,stagewise,div2k,4,original,0.0,119,1680,0.04592171670110137,25.117172382496022,0.0355806528008543,25.778308391571045,216,16.731765031814575,1927.3370237350464
espcn,stagewise,div2k,4,original,0.0,120,1694,0.0514497525162167,24.017289267645943,0.04101068985182792,24.93313686847687,216,16.998988151550293,1944.3360118865967
espcn,stagewise,div2k,4,original,0.0,121,1708,0.05073774757760542,24.05509991115994,0.040814001602120696,24.947794795036316,216,16.739481925964355,1961.075493812561
espcn,stagewise,div2k,4,original,0.0,122,1722,0.05246652635159316,23.562837600708008,0.04197046002373099,24.876183128356935,216,17.081331968307495,1978.1568257808685
espcn,stagewise,div2k,4,original,0.0,123,1736,0.050553692435776745,24.130619119714808,0.03767759208567441,25.42490291595459,216,17.06161093711853,1995.218436717987
espcn,stagewise,div2k,4,original,0.0,124,1750,0.05137150431120837,24.00471637867115,0.036484946717973796,25.714765095710753,216,17.0827419757843,2012.3011786937714
espcn,stagewise,div2k,4,original,0.0,125,1764,0.05109543256737568,23.90298589070638,0.037918525747954845,25.379881072044373,216,16.902894258499146,2029.2040729522705
espcn,stagewise,div2k,4,original,0.0,126,1778,0.049729473061031766,24.028664412321866,0.0358499622438103,25.809568333625794,216,17.173834085464478,2046.377907037735
espcn,stagewise,div2k,4,original,0.0,127,1792,0.04771167909105619,24.491235944959854,0.035678183380514386,25.870257902145386,216,16.88061213493347,2063.2585191726685
espcn,stagewise,div2k,4,original,0.0,128,1806,0.0504801869392395,24.072184244791668,0.03489231386920437,25.823965215682982,216,17.024573802947998,2080.2830929756165
espcn,stagewise,div2k,4,original,0.0,129,1820,0.04758492705446703,24.43211619059245,0.03259565974585712,26.201598644256592,216,17.077656030654907,2097.3607490062714
espcn,stagewise,div2k,4,original,0.0,130,1834,0.04916259342873538,24.619313699227792,0.032776943157659846,26.18630874156952,216,17.03333616256714,2114.3940851688385
espcn,stagewise,div2k,4,original,0.0,131,1848,0.04584470336084013,24.488542627405238,0.03289263660553843,26.179499292373656,216,17.253187894821167,2131.6472730636597
espcn,stagewise,div2k,4,original,0.0,132,1862,0.05010176325837771,24.026676531191224,0.03266801997087896,26.213978695869447,216,17.034464120864868,2148.6817371845245
espcn,stagewise,div2k,4,original,0.0,133,1876,0.04718541050398791,24.597491087736906,0.03356502908281982,26.083535766601564,216,17.221495866775513,2165.9032330513
espcn,stagewise,div2k,4,original,0.0,134,1890,0.047384890969152806,24.437725844206632,0.03313273614039645,26.15630555152893,216,17.064358949661255,2182.9675920009613
espcn,stagewise,div2k,4,original,0.0,135,1904,0.04947325090567271,24.118788683855975,0.034888157597742976,25.90222465991974,216,17.140910148620605,2200.108502149582
espcn,stagewise,div2k,4,original,0.0,136,1918,0.04818775201285327,24.213654977303964,0.03306204071268439,26.183573961257935,216,16.96040391921997,2217.068906068802
espcn,stagewise,div2k,4,original,0.0,137,1932,0.04578510092364417,24.830433033130788,0.034132767270784826,26.056842398643493,216,17.174262046813965,2234.243168115616
espcn,stagewise,div2k,4,original,0.0,138,1946,0.05146954870886273,23.858450289125795,0.03676328408764675,25.68714234828949,216,17.15906000137329,2251.402228116989
espcn,stagewise,div2k,4,original,0.0,139,1960,0.049566374608763945,24.02879375881619,0.03354229595279321,26.135119843482972,216,17.099787712097168,2268.5020158290863
espcn,stagewise,div2k,4,original,0.0,140,1974,0.04847251196150427,24.236420878657587,0.03514779562829062,25.898405027389526,216,17.045310974121094,2285.5473268032074
espcn,stagewise,div2k,4,original,0.0,141,1988,0.0466376356780529,24.44635702062536,0.03311996923293918,26.16090190410614,216,17.145107984542847,2302.6924347877502
espcn,stagewise,div2k,4,original,0.0,142,2002,0.04536829116167845,24.64275430749964,0.03245101157808676,26.289468193054198,216,17.090068101882935,2319.782502889633
espcn,stagewise,div2k,4,original,0.0,143,2016,0.04871136860715018,24.07175424363878,0.03324341281550005,26.165155792236327,216,16.96304202079773,2336.745544910431
espcn,stagewise,div2k,4,original,0.0,144,2030,0.04642426664078677,24.502337985568577,0.03573764087632299,25.81357479095459,216,17.876973867416382,2354.6225187778473
espcn,stagewise,div2k,4,original,0.0,145,2044,0.04704794701602724,24.713097890218098,0.036645580071490255,25.693461108207703,216,17.244812965393066,2371.8673317432404
espcn,stagewise,div2k,4,original,0.0,146,2058,0.04646148836171186,24.539884567260742,0.035612749529536816,25.810734844207765,216,17.209535121917725,2389.076866865158
espcn,stagewise,div2k,4,original,0.0,147,2072,0.046196267284728865,24.771573667173033,0.03275322892004624,26.277470469474792,216,17.327448844909668,2406.4043157100677
espcn,stagewise,div2k,4,original,0.0,148,2086,0.04689073576419442,24.52581292611581,0.03644077255157754,25.60937123298645,216,17.31885290145874,2423.7231686115265
espcn,stagewise,div2k,4,original,0.0,149,2100,0.04677000062333213,24.62237040201823,0.03315436507109552,26.254095101356505,216,17.4292631149292,2441.1524317264557
espcn,stagewise,div2k,4,original,0.0,150,2114,0.046219867274717046,24.855614909419305,0.03321584088262171,26.225764632225037,216,17.37564992904663,2458.5280816555023
espcn,stagewise,div2k,4,original,0.0,151,2128,0.04531038193791001,24.83250363667806,0.033016117854276675,26.306811380386353,216,17.402732849121094,2475.9308145046234
espcn,stagewise,div2k,4,original,0.0,152,2142,0.047478113737371236,24.57617865668403,0.03209926047129556,26.400124049186708,216,17.69168210029602,2493.6224966049194
espcn,stagewise,div2k,4,original,0.0,153,2156,0.046890857732958265,24.615726894802517,0.03234054330969229,26.33890767097473,216,17.1277859210968,2510.7502825260162
espcn,stagewise,div2k,4,original,0.0,154,2170,0.0470064017507765,24.221740157515914,0.03215509565779939,26.402247428894043,216,17.132449865341187,2527.8827323913574
espcn,stagewise,div2k,4,original,0.0,155,2184,0.04526904114970454,24.849764223451967,0.03252152981003746,26.352368426322936,216,17.064802169799805,2544.947534561157
espcn,stagewise,div2k,4,original,0.0,156,2198,0.04500603137744798,24.971086290147568,0.03148513389751315,26.452272605895995,216,16.93260169029236,2561.8801362514496
espcn,stagewise,div2k,4,original,0.0,157,2212,0.044936765675191524,25.00065330222801,0.0325616404064931,26.275224709510802,216,17.04778504371643,2578.927921295166
espcn,stagewise,div2k,4,original,0.0,158,2226,0.04651744994852278,24.55729251437717,0.031373805465409535,26.4757440328598,216,16.836548805236816,2595.764470100403
espcn,stagewise,div2k,4,original,0.0,159,2240,0.04565514044629203,24.830839651602286,0.03149199693580158,26.45525019168854,216,16.847809076309204,2612.612279176712
espcn,stagewise,div2k,4,original,0.0,160,2254,0.044806820099000576,24.743748417607062,0.03414021040080115,26.056922698020934,216,16.772204875946045,2629.384484052658
espcn,stagewise,div2k,4,original,0.0,161,2268,0.04664953356539762,24.31006007724338,0.03238022604491562,26.320165824890136,216,16.838545322418213,2646.2230293750763
espcn,stagewise,div2k,4,original,0.0,162,2282,0.04654880488912264,24.753310804013854,0.033746045222505926,26.10555055141449,216,16.975215196609497,2663.198244571686
espcn,stagewise,div2k,4,original,0.0,163,2296,0.046867944990043285,24.515952640109592,0.03242624499835074,26.346743559837343,216,16.828142166137695,2680.0263867378235
espcn,stagewise,div2k,4,original,0.0,164,2310,0.046315902913058246,24.73144651342321,0.03365469261771068,26.18273606300354,216,16.862035989761353,2696.888422727585
espcn,stagewise,div2k,4,original,0.0,165,2324,0.04471422235171,24.981152923018843,0.03203452862799168,26.39361529350281,216,16.63211989402771,2713.5205426216125
espcn,stagewise,div2k,4,original,0.0,166,2338,0.043609556914479645,25.198036617702908,0.03207707487745211,26.43098111152649,216,16.822972297668457,2730.343514919281
espcn,stagewise,div2k,4,original,0.0,167,2352,0.04503818932506773,24.853600184122723,0.03331080074422062,26.188208913803102,216,16.418057918548584,2746.7615728378296
espcn,stagewise,div2k,4,original,0.0,168,2366,0.04878824894075041,24.402233335706924,0.03743746615946293,25.607112312316893,216,16.64855694770813,2763.4101297855377
espcn,stagewise,div2k,4,original,0.0,169,2380,0.043968262909739105,24.99290876035337,0.033027885569026694,26.3134761095047,216,16.434374809265137,2779.844504594803
espcn,stagewise,div2k,4,original,0.0,170,2394,0.04724144576876252,24.604759852091473,0.03353160875849426,26.17484951019287,216,16.051531076431274,2795.896035671234
espcn,stagewise,div2k,4,original,0.0,171,2408,0.04554258714671488,24.981130529333043,0.032671656203456224,26.26603443622589,216,15.251952171325684,2811.14798784256
espcn,stagewise,div2k,4,original,0.0,172,2422,0.045820463034841746,24.97559851187247,0.036182524973992256,25.78669753074646,216,15.411566019058228,2826.559553861618
espcn,stagewise,div2k,4,original,0.0,173,2436,0.04827273581866865,24.50218963623047,0.036290795914828776,25.8624404668808,216,15.422762155532837,2841.982316017151
espcn,static,div2k,4,original,0.0,0,60,0.10389861712853114,17.607996050516764,0.07986676609143614,19.329105460643767,240,17.21690011024475,17.21690011024475
espcn,static,div2k,4,original,0.0,1,75,0.08625165422757466,19.419928105672202,0.07140054749324917,20.137186074256896,240,17.22523593902588,34.44213604927063
espcn,static,div2k,4,original,0.0,2,90,0.08099563419818878,19.696535110473633,0.06688402811996638,20.657618832588195,240,17.25046706199646,51.69260311126709
espcn,static,div2k,4,original,0.0,3,105,0.07395431622862816,20.467636489868163,0.0637169202324003,20.97927532196045,240,17.332202911376953,69.02480602264404
espcn,static,div2k,4,original,0.0,4,120,0.06968064680695533,20.873548889160155,0.060740096028894186,21.365256893634797,240,17.269627332687378,86.29443335533142
espcn,static,div2k,4,original,0.0,5,135,0.06955769707759221,20.882533518473306,0.059583845431916416,21.539506244659425,240,17.268210887908936,103.56264424324036
espcn,static,div2k,4,original,0.0,6,150,0.0650830884774526,21.59236946105957,0.06264289838727563,21.374412572383882,240,17.23794198036194,120.8005862236023
espcn,static,div2k,4,original,0.0,7,165,0.06358151435852051,21.602342096964517,0.05788299629930407,21.80765483379364,240,17.283940076828003,138.0845263004303
espcn,static,div2k,4,original,0.0,8,180,0.06392864634593327,21.79313507080078,0.055687879445031285,22.10730848312378,240,17.27460503578186,155.35913133621216
espcn,static,div2k,4,original,0.0,9,195,0.06217468231916427,21.968516413370768,0.055664609046652914,22.120888328552248,240,17.140511989593506,172.49964332580566
espcn,static,div2k,4,original,0.0,10,210,0.06451591377456983,22.076600901285808,0.06477977966424078,21.33797421455383,240,17.459002017974854,189.95864534378052
espcn,static,div2k,4,original,0.0,11,225,0.06525631248950958,21.94483693440755,0.06386164037976413,21.475211334228515,240,17.28485107421875,207.24349641799927
espcn,static,div2k,4,original,0.0,12,240,0.057856814066569014,22.85654551188151,0.052271613059565424,22.54842175245285,240,17.376883029937744,224.620379447937
espcn,static,div2k,4,original,0.0,13,255,0.056372277935345966,22.803438059488933,0.050954045401886104,22.850527334213258,240,17.294700622558594,241.9150800704956
espcn,static,div2k,4,original,0.0,14,270,0.05469488973418871,23.14845937093099,0.05626243820879608,22.35349495410919,240,17.13253617286682,259.0476162433624
espcn,static,div2k,4,original,0.0,15,285,0.05444677074750264,23.197695287068687,0.048354082286823544,23.099673628807068,240,17.222641229629517,276.27025747299194
espcn,static,div2k,4,original,0.0,16,300,0.05016738325357437,23.975496164957683,0.05171042184811085,22.79179368019104,240,17.386739015579224,293.65699648857117
espcn,static,div2k,4,original,0.0,17,315,0.05333863372604052,23.466629028320312,0.04961487182881683,23.013129019737242,240,17.423449993133545,311.0804464817047
espcn,static,div2k,4,original,0.0,18,330,0.052214691787958144,23.80372848510742,0.056609340547584,22.426123905181885,240,17.397501945495605,328.4779484272003
espcn,static,div2k,4,original,0.0,19,345,0.053003470848004025,23.592268244425455,0.046354542137123644,23.415795254707337,240,17.328733921051025,345.80668234825134
espcn,static,div2k,4,original,0.0,20,360,0.05037626301248868,24.14856745402018,0.04587030354887247,23.51274993419647,240,17.3908429145813,363.19752526283264
espcn,static,div2k,4,original,0.0,21,375,0.0496121975282828,24.274997584025066,0.04509708612458781,23.64046354293823,240,17.150840997695923,380.34836626052856
espcn,static,div2k,4,original,0.0,22,390,0.048449372251828514,24.397856012980142,0.04499935080530122,23.708485388755797,240,17.287086009979248,397.6354522705078
espcn,static,div2k,4,original,0.0,23,405,0.0512661449611187,23.806560389200847,0.044069291616324335,23.807470893859865,240,17.508753299713135,415.14420557022095
espcn,static,div2k,4,original,0.0,24,420,0.04713909029960632,24.57732899983724,0.04372423127060756,23.898845672607422,240,17.564959049224854,432.7091646194458
espcn,static,div2k,4,original,0.0,25,435,0.04996845622857412,24.315729268391927,0.04737472644774243,23.55511608123779,240,17.49897789955139,450.2081425189972
espcn,static,div2k,4,original,0.0,26,450,0.05009796594580015,24.241208267211913,0.04565966271329671,23.768031001091003,240,18.156409740447998,468.3645522594452
espcn,static,div2k,4,original,0.0,27,465,0.047956495483716326,24.308379872639975,0.043236476590391246,24.046287846565246,240,17.351521730422974,485.71607398986816
espcn,static,div2k,4,original,0.0,28,480,0.044589751462141676,25.26043281555176,0.042552369751501826,24.129766488075255,240,17.356082916259766,503.07215690612793
espcn,static,div2k,4,original,0.0,29,495,0.046352519094944,24.73595250447591,0.043027370190247896,24.070606470108032,240,16.857712745666504,519.9298696517944
espcn,static,div2k,4,original,0.0,30,510,0.04167118842403094,25.859823354085286,0.04231381912250072,24.197902512550353,240,16.18868613243103,536.1185557842255
espcn,static,div2k,4,original,0.0,31,525,0.045157331973314285,24.915262349446614,0.042925413721241056,24.132609581947328,240,16.568603992462158,552.6871597766876
espcn,static,div2k,4,original,0.0,32,540,0.04352705106139183,25.576713434855144,0.04691072015557438,23.72705521583557,240,16.959235668182373,569.64639544487
espcn,static,div2k,4,original,0.0,33,555,0.04422282328208287,25.182847595214845,0.04404544463614002,24.01975014209747,240,16.729918003082275,586.3763134479523
espcn,static,div2k,4,original,0.0,34,570,0.04423327098290126,25.586847813924155,0.04126399563392624,24.395544600486755,240,17.00669026374817,603.3830037117004
espcn,static,div2k,4,original,0.0,35,585,0.04454259561995665,25.215978622436523,0.04121942401397973,24.396432828903198,240,17.05686902999878,620.4398727416992
espcn,static,div2k,4,original,0.0,36,600,0.04507434517145157,25.208908716837566,0.04729352577123791,23.763638257980347,240,16.955525875091553,637.3953986167908
espcn,static,div2k,4,original,0.0,37,615,0.04881951957941055,24.482586288452147,0.044248356390744446,24.16985731124878,240,16.883111238479614,654.2785098552704
espcn,static,div2k,4,original,0.0,38,630,0.04487833355863889,25.337650299072266,0.039821525884326546,24.621061539649965,240,16.899024963378906,671.1775348186493
espcn,static,div2k,4,original,0.0,39,645,0.04369802102446556,25.317411168416342,0.039872404164634646,24.645161747932434,240,16.848217010498047,688.0257518291473
espcn,static,div2k,4,original,0.0,40,660,0.04161751642823219,25.834772237141927,0.04254552392521873,24.330958080291747,240,16.723783016204834,704.7495348453522
espcn,static,div2k,4,original,0.0,41,675,0.043098681668440504,25.556891632080077,0.03962459702743217,24.70460448265076,240,16.879285097122192,721.6288199424744
espcn,static,div2k,4,original,0.0,42,690,0.04245940099159876,25.680317687988282,0.04034844377310946,24.63131754398346,240,16.80305290222168,738.431872844696
espcn,static,div2k,4,original,0.0,43,705,0.04304535438617071,25.539408493041993,0.04211739076999947,24.49700367450714,240,16.789435863494873,755.2213087081909
espcn,static,div2k,4,original,0.0,44,720,0.04333458716670672,25.80937131245931,0.0445754028740339,24.155698895454407,240,16.70752501487732,771.9288337230682
espcn,static,div2k,4,original,0.0,45,735,0.04030407071113586,25.957571919759115,0.03928321569692343,24.794842076301574,240,16.668397903442383,788.5972316265106
espcn,static,div2k,4,original,0.0,46,750,0.0416472963988781,25.97443364461263,0.039218628662638366,24.805848789215087,240,16.698038816452026,805.2952704429626
espcn,static,div2k,4,original,0.0,47,765,0.043326226125160856,25.72534268697103,0.03809306001057848,24.951357936859132,240,16.674540996551514,821.9698114395142
espcn,static,div2k,4,original,0.0,48,780,0.03958977436025937,26.39889933268229,0.043956498499028385,24.28252770900726,240,16.71268892288208,838.6825003623962
espcn,static,div2k,4,original,0.0,49,795,0.04193848868211111,26.066153971354165,0.043471280124504116,24.293976259231567,240,16.69814896583557,855.3806493282318
espcn,static,div2k,4,original,0.0,50,810,0.044005181764562924,25.59203186035156,0.038789771893061695,24.88664045333862,240,16.64594793319702,872.0265972614288
espcn,static,div2k,4,original,0.0,51,825,0.04107026706139247,25.776020940144857,0.03814327479340136,25.003341603279114,240,16.589008808135986,888.6156060695648
espcn,static,div2k,4,original,0.0,52,840,0.039046686391035715,26.637560017903645,0.03838237870950252,24.990129899978637,240,16.66878390312195,905.2843899726868
espcn,static,div2k,4,original,0.0,53,855,0.03989567657311757,26.2293825785319,0.040981727791950105,24.705956172943115,240,16.540762901306152,921.8251528739929
espcn,static,div2k,4,original,0.0,54,870,0.04217057228088379,25.652035649617513,0.042304133356083184,24.50422682762146,240,16.496949911117554,938.3221027851105
espcn,static,div2k,4,original,0.0,55,885,0.04255178074042002,25.73886235555013,0.03751513527240604,25.124903512001037,240,16.44076681137085,954.7628695964813
espcn,static,div2k,4,original,0.0,56,900,0.04101719334721565,26.406858571370442,0.03831384597579017,25.0177832365036,240,16.5280921459198,971.2909617424011
espcn,static,div2k,4,original,0.0,57,915,0.03816892057657242,26.453995005289713,0.038743612600956115,25.031159377098085,240,16.444529056549072,987.7354907989502
espcn,static,div2k,4,original,0.0,58,930,0.037733470151821775,26.919070053100587,0.03905905003193766,24.953956842422485,240,16.45797300338745,1004.1934638023376
espcn,static,div2k,4,original,0.0,59,945,0.038954605162143704,26.87104237874349,0.04092769423732534,24.74800536632538,240,16.596587896347046,1020.7900516986847
espcn,static,div2k,4,original,0.0,60,960,0.040069592247406645,26.25219306945801,0.03742481522494927,25.196838402748106,240,16.694654941558838,1037.4847066402435
espcn,static,div2k,4,original,0.0,61,975,0.040537736068169274,26.149017588297525,0.03808071839157492,25.102588963508605,240,16.750899076461792,1054.2356057167053
espcn,static,div2k,4,original,0.0,62,990,0.03773482901354631,26.951649856567382,0.03917231063824147,24.992353773117067,240,16.708614110946655,1070.944219827652
espcn,static,div2k,4,original,0.0,63,1005,0.03840441567202409,26.691387049357097,0.04275660286657512,24.55237145423889,240,16.833782196044922,1087.778002023697
espcn,static,div2k,4,original,0.0,64,1020,0.03819190735618273,26.836140314737957,0.0378406411386095,25.1118825674057,240,16.834238052368164,1104.612240076065
espcn,static,div2k,4,original,0.0,65,1035,0.03662530990938346,26.83567975362142,0.03779104959685355,25.216668605804443,240,16.827396869659424,1121.4396369457245
espcn,static,div2k,4,original,0.0,66,1050,0.03723671076198419,26.859617106119792,0.036797545338049534,25.323926091194153,240,17.06290888786316,1138.5025458335876
espcn,static,div2k,4,original,0.0,67,1065,0.03827076703310013,26.76290969848633,0.03645585323683918,25.347349762916565,240,17.039191961288452,1155.541737794876
espcn,static,div2k,4,original,0.0,68,1080,0.038821517303586,26.774211247762043,0.03803561782697216,25.182029008865356,240,17.118021249771118,1172.6597590446472
espcn,static,div2k,4,original,0.0,69,1095,0.037833080937465034,26.934810384114584,0.03774931939551607,25.222514939308166,240,17.169706106185913,1189.8294651508331
espcn,static,div2k,4,original,0.0,70,1110,0.0386664018034935,26.715136845906574,0.035421034845057875,25.51381962299347,240,17.22583818435669,1207.0553033351898
espcn,static,div2k,4,original,0.0,71,1125,0.03555234173933665,27.066760126749674,0.03851198436459526,25.143416619300844,240,17.305083990097046,1224.3603873252869
espcn,static,div2k,4,original,0.0,72,1140,0.036658584326505664,27.222635777791343,0.03796270792372525,25.185478568077087,240,18.06096887588501,1242.4213562011719
espcn,static,div2k,4,original,0.0,73,1155,0.037482002501686415,26.7586062113444,0.0363544782041572,25.459984588623048,240,18.012227773666382,1260.4335839748383
espcn,static,div2k,4,original,0.0,74,1170,0.036924015482266745,27.035372924804687,0.03862693606643006,25.153792357444765,240,17.962822914123535,1278.3964068889618
espcn,static,div2k,4,original,0.0,75,1185,0.03959474191069603,26.63749059041341,0.03863385444274172,25.158079838752748,240,17.791756868362427,1296.1881637573242
espcn,static,div2k,4,original,0.0,76,1200,0.03757197720309099,26.968702443440755,0.03538209784310311,25.606851387023926,240,17.37598991394043,1313.5641536712646
espcn,static,div2k,4,original,0.0,77,1215,0.03786381756265958,26.66561075846354,0.036330611491575834,25.448660731315613,240,17.496115922927856,1331.0602695941925
espcn,static,div2k,4,original,0.0,78,1230,0.036263879388570786,26.744666544596353,0.035523507266771046,25.552200722694398,240,17.38863182067871,1348.4489014148712
espcn,static,div2k,4,original,0.0,79,1245,0.03647165944178899,26.985035069783528,0.03535076224943623,25.55857379436493,240,17.46507716178894,1365.9139785766602
espcn,static,div2k,4,original,0.0,80,1260,0.04039739395181338,26.304420471191406,0.037587539560627194,25.31490774154663,240,17.36415123939514,1383.2781298160553
espcn,static,div2k,4,original,0.0,81,1275,0.03544222799440225,27.58248456319173,0.03513988475315273,25.623732352256773,240,17.174431085586548,1400.4525609016418
espcn,static,div2k,4,original,0.0,82,1290,0.036471983045339586,27.077193450927734,0.034625044965650886,25.697546315193176,240,17.521026134490967,1417.9735870361328
espcn,static,div2k,4,original,0.0,83,1305,0.03751642579833667,26.69424794514974,0.03614572932710871,25.5079865694046,240,17.51668930053711,1435.49027633667
espcn,static,div2k,4,original,0.0,84,1320,0.03521610523263614,27.529987335205078,0.03546299407025799,25.624786019325256,240,17.469866037368774,1452.9601423740387
espcn,static,div2k,4,original,0.0,85,1335,0.035998411600788434,27.17748540242513,0.03629414474125951,25.498727893829347,240,17.546620845794678,1470.5067632198334
espcn,static,div2k,4,original,0.0,86,1350,0.03881535877784093,26.60579554239909,0.036189202626701444,25.525738024711607,240,17.20349907875061,1487.710262298584
espcn,static,div2k,4,original,0.0,87,1365,0.03536234721541405,27.431025314331055,0.036334836867172274,25.526158475875853,240,17.428277015686035,1505.13853931427
espcn,static,div2k,4,original,0.0,88,1380,0.03429683620731036,27.66058464050293,0.03494755775900558,25.731175804138182,240,17.429959774017334,1522.5684990882874
espcn,static,div2k,4,original,0.0,89,1395,0.03661410907904307,27.005039978027344,0.03667971231043339,25.431732106208802,240,17.46043586730957,1540.028934955597
espcn,static,div2k,4,original,0.0,90,1410,0.036452749868234,27.400708770751955,0.03614737302996218,25.601151394844056,240,17.458958864212036,1557.487893819809
espcn,static,div2k,4,original,0.0,91,1425,0.04003288075327873,26.55666186014811,0.039194056787528096,25.222451996803283,240,17.20412302017212,1574.692016839981
espcn,static,div2k,4,original,0.0,92,1440,0.045482456932465234,25.761190923055015,0.04447250575758517,24.471253514289856,240,17.36546778678894,1592.05748462677
espcn,static,div2k,4,original,0.0,93,1455,0.042975115776062014,26.307127253214517,0.037973478727508336,25.41415662765503,240,17.146493911743164,1609.2039785385132
espcn,static,div2k,4,original,0.0,94,1470,0.0379399511963129,27.144938151041668,0.04292488211067393,24.71238567829132,240,17.031726837158203,1626.2357053756714
espcn,static,div2k,4,original,0.0,95,1485,0.038713008910417554,26.60134646097819,0.037971214775461705,25.28751583099365,240,17.14178490638733,1643.3774902820587
espcn,static,div2k,4,original,0.0,96,1500,0.039903248225649196,26.700036366780598,0.0383945697452873,25.306978034973145,240,17.16023302078247,1660.5377233028412
espcn,static,div2k,4,original,0.0,97,1515,0.03603317166368167,27.53249193827311,0.036456213623750955,25.555419445037842,240,17.112632036209106,1677.6503553390503
espcn,static,div2k,4,original,0.0,98,1530,0.03719126619398594,26.99580307006836,0.034445224027149376,25.85963456630707,240,17.074669122695923,1694.7250244617462
espcn,static,div2k,4,original,0.0,99,1545,0.0336398451278607,27.914008585611978,0.033982997864950445,25.915101647377014,240,16.998202085494995,1711.7232265472412
espcn,static,div2k,4,original,0.0,100,1560,0.03503247375289599,27.306245040893554,0.034488835802767424,25.84790983200073,240,16.873628854751587,1728.5968554019928
espcn,static,div2k,4,original,0.0,101,1575,0.037520193060239154,27.342339070638022,0.037305553117766975,25.52553527355194,240,16.944572925567627,1745.5414283275604
espcn,static,div2k,4,original,0.0,102,1590,0.03399189089735349,27.810852813720704,0.034882844623643904,25.832715344429015,240,16.973331928253174,1762.5147602558136
espcn,static,div2k,4,original,0.0,103,1605,0.03264236648877462,28.123919423421224,0.039984945964533836,25.187916421890257,240,16.880363941192627,1779.3951241970062
espcn,static,div2k,4,original,0.0,104,1620,0.036026760439078015,27.035461298624675,0.033991752588190136,25.890850615501403,240,16.97996711730957,1796.3750913143158
espcn,static,div2k,4,original,0.0,105,1635,0.03437077887356281,27.946570587158202,0.034387023840099576,25.872401452064516,240,17.072468042373657,1813.4475593566895
espcn,static,div2k,4,original,0.0,106,1650,0.03527298122644425,27.44294611612956,0.03341319691389799,25.976894640922545,240,16.9800968170166,1830.427656173706
espcn,static,div2k,4,original,0.0,107,1665,0.03430752418935299,27.76346600850423,0.033294332952937114,26.00884428024292,240,16.897141933441162,1847.3247981071472
espcn,static,div2k,4,original,0.0,108,1680,0.03380395707984765,27.86642926534017,0.03710336128715426,25.552102732658387,240,16.823631048202515,1864.1484291553497
espcn,static,div2k,4,original,0.0,109,1695,0.04038393025596936,25.924868647257487,0.033872767130378637,25.947768688201904,240,17.34279489517212,1881.4912240505219
espcn,static,div2k,4,original,0.0,110,1710,0.04182691089808941,26.010784149169922,0.03365653888322413,25.97030472755432,240,17.22200083732605,1898.713224887848
espcn,static,div2k,4,original,0.0,111,1725,0.04158203726013501,25.954993438720702,0.033618408406618984,25.996816086769105,240,17.382544994354248,1916.0957698822021
espcn,static,div2k,4,original,0.0,112,1740,0.0442863958577315,25.55954704284668,0.03461576647823676,25.837864422798155,240,17.355697870254517,1933.4514677524567
espcn,static,div2k,4,original,0.0,113,1755,0.041026680171489714,25.903409576416017,0.033297706837765874,26.036887192726134,240,17.505461931228638,1950.9569296836853
espcn,static,div2k,4,original,0.0,114,1770,0.041733840852975844,26.01140251159668,0.03419278848450631,25.903965973854064,240,17.515892028808594,1968.472821712494
espcn,static,div2k,4,original,0.0,115,1785,0.04072199041644732,25.902412541707356,0.03781404647743329,25.34805302619934,240,17.5848650932312,1986.057686805725
espcn,static,div2k,4,original,0.0,116,1800,0.04168355862299601,26.024176915486652,0.03405960266245529,25.942692518234253,240,17.42506694793701,2003.482753753662
espcn,static,div2k,4,original,0.0,117,1815,0.039278831084569296,26.24656753540039,0.034066819155123086,25.938289070129393,240,17.39217710494995,2020.874930858612
espcn,static,div2k,4,original,0.0,118,1830,0.040967843929926556,26.276098887125652,0.03695429875515401,25.654301238059997,240,17.480137825012207,2038.3550686836243
espcn,static,div2k,4,original,0.0,119,1845,0.04138424297173818,25.9557674407959,0.033462533238343896,26.049018144607544,240,17.548348903656006,2055.9034175872803
espcn,static,div2k,4,original,0.0,120,1860,0.03985459307829539,26.308551534016928,0.03286939662648365,26.130614042282104,240,17.595953941345215,2073.4993715286255
espcn,static,div2k,4,original,0.0,121,1875,0.04031221891442935,26.118335342407228,0.03453916289145127,25.89230844974518,240,17.727670907974243,2091.2270424365997
espcn,static,div2k,4,original,0.0,122,1890,0.04156476135055224,25.786298751831055,0.033778355573304,25.991407108306884,240,17.708795070648193,2108.935837507248
espcn,static,div2k,4,original,0.0,123,1905,0.039453945805629095,26.332661692301432,0.034025543893221766,25.943285393714905,240,17.458477020263672,2126.3943145275116
espcn,static,div2k,4,original,0.0,124,1920,0.03825447012980779,26.56253153483073,0.03486737160710618,25.9369980096817,240,17.419748067855835,2143.8140625953674
espcn,static,div2k,4,original,0.0,125,1935,0.04323831784228484,25.655662790934244,0.034264928102493285,25.97292549610138,240,17.708423137664795,2161.522485733032
espcn,static,div2k,4,original,0.0,126,1950,0.04277248680591583,25.727723948160808,0.03477799519896507,25.897465443611146,240,17.632152795791626,2179.154638528824
espcn,static,div2k,4,original,0.0,127,1965,0.03947554441789786,26.366525014241535,0.032833394000772384,26.1554714679718,240,17.537128925323486,2196.6917674541473
espcn,static,div2k,4,original,0.0,128,1980,0.03756984596451123,26.811975224812826,0.032412921189097686,26.226459193229676,240,17.753185033798218,2214.4449524879456
espcn,static,div2k,4,original,0.0,129,1995,0.03907871867219607,26.469545237223308,0.03302285131067038,26.12213408946991,240,17.66272282600403,2232.1076753139496
espcn,static,div2k,4,original,0.0,130,2010,0.03905642752846082,26.474740346272785,0.034575415460858495,25.936577081680298,240,17.76889204978943,2249.876567363739
espcn,static,div2k,4,original,0.0,131,2025,0.03975235559046268,26.189176686604817,0.032579743053065616,26.212293529510497,240,17.720197916030884,2267.59676527977
espcn,static,div2k,4,original,0.0,132,2040,0.03721546630064646,27.005818684895832,0.034176032058894634,25.99173185825348,240,17.862514972686768,2285.4592802524567
espcn,static,div2k,4,original,0.0,133,2055,0.039479388669133184,26.178722508748372,0.03444286417216062,25.9712833404541,240,17.78518795967102,2303.2444682121277
espcn,static,div2k,4,original,0.0,134,2070,0.039510525514682135,26.205834579467773,0.03269610170973465,26.22415156364441,240,17.89024591445923,2321.134714126587
espcn,static,div2k,4,original,0.0,135,2085,0.03875169878204664,26.30902926127116,0.03332013990147971,26.11529211997986,240,17.739635944366455,2338.8743500709534
espcn,static,div2k,4,original,0.0,136,2100,0.042797235399484636,25.684270350138345,0.035262364719528705,25.836837458610535,240,18.401319980621338,2357.2756700515747
espcn,static,div2k,4,original,0.0,137,2115,0.041701168815294905,25.816738891601563,0.03480833803769201,25.96294422149658,240,17.884952068328857,2375.1606221199036
espcn,static,div2k,4,original,0.0,138,2130,0.042169556270043054,25.948650232950847,0.033011852286290375,26.152178525924683,240,17.792030096054077,2392.9526522159576
espcn,static,div2k,4,original,0.0,139,2145,0.040374094744523366,26.089237467447916,0.03582170078298077,25.87004671096802,240,17.84097719192505,2410.7936294078827
espcn,static,div2k,4,original,0.0,140,2160,0.03942305147647858,26.42717145284017,0.03234738798928447,26.278015518188475,240,17.943257093429565,2428.7368865013123
espcn,static,div2k,4,original,0.0,141,2175,0.0390607412904501,26.23393948872884,0.03321269868174568,26.12899534702301,240,18.36650013923645,2447.1033866405487
espcn,static,div2k,4,original,0.0,142,2190,0.03753587603569031,26.693432235717772,0.03275096867000684,26.21956810951233,240,18.368788957595825,2465.4721755981445
espcn,static,div2k,4,original,0.0,143,2205,0.03893233835697174,26.341152954101563,0.03389174953335896,26.07403862476349,240,18.38186526298523,2483.8540408611298
espcn,static,div2k,4,original,0.0,144,2220,0.04282037317752838,25.766300837198894,0.037175985251087694,25.579092669487,240,18.45930290222168,2502.3133437633514
espcn,static,div2k,4,original,0.0,145,2235,0.03998066559433937,26.428399149576823,0.037463607639074324,25.526631426811218,240,18.48155379295349,2520.794897556305
espcn,static,div2k,4,original,0.0,146,2250,0.040864052499334017,26.097326024373373,0.03255646820180118,26.2805659532547,240,18.48767924308777,2539.2825767993927
espcn,static,div2k,4,original,0.0,147,2265,0.037739853685100876,26.74604581197103,0.0344874310772866,25.995333433151245,240,18.461656093597412,2557.74423289299
espcn,static,div2k,4,original,0.0,148,2280,0.038692458222309746,26.389852650960286,0.033021136512979866,26.20965356826782,240,18.40262794494629,2576.1468608379364
espcn,static,div2k,4,original,0.0,149,2295,0.03826622404158116,26.623074340820313,0.032145826565101746,26.363593554496767,240,18.3993501663208,2594.546211004257
espcn,static,div2k,4,original,0.0,150,2310,0.03692361402014891,26.91460723876953,0.03156526687089354,26.398997950553895,240,18.371205806732178,2612.9174168109894
espcn,static,div2k,4,original,0.0,151,2325,0.03832518210013707,26.71649080912272,0.03335625607287511,26.19935097694397,240,18.319325923919678,2631.236742734909
espcn,static,div2k,4,original,0.0,152,2340,0.03895062121252219,26.70920778910319,0.03422739357920364,26.12462697029114,240,18.293034076690674,2649.5297768115997
espcn,static,div2k,4,original,0.0,153,2355,0.04178271740674973,26.121032842000325,0.034625594003591685,25.961457991600035,240,18.362218856811523,2667.8919956684113
espcn,static,div2k,4,original,0.0,154,2370,0.04049116099874179,26.378505833943684,0.033368523453827945,26.204351401329042,240,18.323086738586426,2686.2150824069977
espcn,static,div2k,4,original,0.0,155,2385,0.040614904214938484,26.33003374735514,0.038993855251464996,25.344906592369078,240,18.429399728775024,2704.6444821357727
espcn,static,div2k,4,original,0.0,156,2400,0.0389414851864179,26.62444928487142,0.034562834445387124,25.935823011398316,240,18.48013186454773,2723.1246140003204
espcn,static,div2k,4,original,0.0,157,2415,0.039316567778587344,26.573114522298177,0.03531746116932481,26.01121346950531,240,18.321200847625732,2741.445814847946
espcn,static,div2k,4,original,0.0,158,2430,0.04191385532418887,25.857375971476237,0.033127920934930444,26.18675615787506,240,18.446346044540405,2759.8921608924866
espcn,static,div2k,4,original,0.0,159,2445,0.037560024733344716,26.658506139119467,0.032807037024758755,26.380794978141786,240,18.44176197052002,2778.3339228630066
espcn,static,div2k,4,original,0.0,160,2460,0.037533713753024736,26.84026667277018,0.03178431548876688,26.38570899963379,240,18.381287813186646,2796.7152106761932
espcn,static,div2k,4,original,0.0,161,2475,0.036850772549708685,27.00291379292806,0.03188349640113301,26.42086341381073,240,18.31209897994995,2815.027309656143
espcn,static,div2k,4,original,0.0,162,2490,0.038187383984526,26.610616048177082,0.03230720917927101,26.35168616771698,240,18.346436262130737,2833.373745918274
espcn,static,div2k,4,original,0.0,163,2505,0.03549685850739479,27.214371109008788,0.03191605310421437,26.391647744178773,240,18.406291961669922,2851.780037879944
espcn,static,div2k,4,original,0.0,164,2520,0.03687188476324081,26.831947962443035,0.0327851835405454,26.31049065589905,240,18.33487606048584,2870.1149139404297
espcn,static,div2k,4,original,0.0,165,2535,0.04130031540989876,26.128635787963866,0.03740134997060522,25.60996344089508,240,18.405729055404663,2888.5206429958344
espcn,static,div2k,4,original,0.0,166,2550,0.03992499373853207,26.361447906494142,0.032084119331557304,26.4536812543869,240,18.396565914154053,2906.9172089099884
espcn,static,div2k,4,original,0.0,167,2565,0.03798159547150135,26.7858585357666,0.03726026432123035,25.70427906513214,240,18.426894187927246,2925.3441030979156
espcn,static,div2k,4,original,0.0,168,2580,0.03810884095728397,26.83022257486979,0.03188184698228724,26.409366250038147,240,18.42353320121765,2943.7676362991333
espcn,static,div2k,4,original,0.0,169,2595,0.03657613123456637,27.16064821879069,0.03179796085460111,26.46446943283081,240,18.397785186767578,2962.165421485901
espcn,static,div2k,4,original,0.0,170,2610,0.036726217592755954,27.251588694254558,0.03172484266688116,26.45558981895447,240,18.441092252731323,2980.606513738632
espcn,static,div2k,4,original,0.0,171,2625,0.036367106686035794,27.0875119527181,0.03429159704828635,26.091266083717347,240,18.37307381629944,2998.9795875549316
espcn,static,div2k,4,original,0.0,172,2640,0.03928703144192695,26.33701489766439,0.037049668841063976,25.79608573913574,240,18.485058069229126,3017.4646456241608
espcn,static,div2k,4,original,0.0,173,2655,0.04085428615411123,26.279879506429037,0.03264232106157579,26.412410140037537,240,18.51374626159668,3035.9783918857574
espcn,static,div2k,4,original,0.0,174,2670,0.03703837258120378,26.867688369750976,0.032375077391043304,26.340817499160767,240,18.40635395050049,3054.384745836258
espcn,static,div2k,4,original,0.0,175,2685,0.03788850257794062,26.893809127807618,0.032396442617755386,26.411326217651368,240,18.4441180229187,3072.8288638591766
espcn,static,div2k,4,original,0.0,176,2700,0.03666921369731426,26.941995493570964,0.03156725931912661,26.456632566452026,240,18.460528135299683,3091.2893919944763
espcn,static,div2k,4,original,0.0,177,2715,0.0402774258206288,26.24231859842936,0.03314249380491674,26.178166222572326,240,18.437119007110596,3109.726511001587
espcn,static,div2k,4,original,0.0,178,2730,0.04105131837228934,26.224762852986654,0.0389873810345307,25.43563277721405,240,18.431761741638184,3128.158272743225
espcn,static,div2k,4,original,0.0,179,2745,0.041257431730628014,26.26865234375,0.03505085855722427,25.962119245529173,240,18.43060302734375,3146.588875770569
espcn,static,div2k,4,original,0.0,180,2760,0.037844593077898024,26.8290101369222,0.031860975082963705,26.4238347530365,240,18.439295291900635,3165.0281710624695
espcn,static,div2k,4,original,0.0,181,2775,0.037333756561080615,27.06300900777181,0.032384650851599875,26.374288177490236,240,18.407735109329224,3183.4359061717987
espcn,static,div2k,4,original,0.0,182,2790,0.03924390698472659,26.538136800130207,0.03213112121447921,26.40633957386017,240,18.433789014816284,3201.869695186615
espcn,static,div2k,4,original,0.0,183,2805,0.03788514013091723,26.77363166809082,0.03289876769995317,26.27735698223114,240,18.49491310119629,3220.3646082878113
espcn,static,div2k,4,original,0.0,184,2820,0.039852033058802284,26.503336079915364,0.03785705752670765,25.496909284591673,240,17.73270606994629,3238.0973143577576
espcn,online,div2k,4,original,0.0,0,14,0.2727342126546083,11.796902479948821,0.18435444431379439,12.816444611549377,216,15.987414121627808,15.987414121627808
espcn,online,div2k,4,original,0.0,1,28,0.18555930036085624,13.211940094276711,0.1360360632184893,15.509507441520691,216,16.460662126541138,32.448076248168945
espcn,online,div2k,4,original,0.0,2,42,0.13116206063164604,16.36989049558286,0.10158784091472625,17.663557839393615,216,16.504942178726196,48.95301842689514
espcn,online,div2k,4,original,0.0,3,56,0.10839173114962047,17.841170134367765,0.08275954043492675,19.160738492012023,216,16.5779709815979,65.53098940849304
espcn,online,div2k,4,original,0.0,4,70,0.09159552995805387,19.020995952464915,0.07612047856673598,19.873105680942537,216,16.539928197860718,82.07091760635376
espcn,online,div2k,4,original,0.0,5,84,0.08482596940464443,19.221617380777996,0.07216351446695626,20.3118665933609,216,16.39759397506714,98.4685115814209
espcn,online,div2k,4,original,0.0,6,98,0.07794148944042346,20.072250295568395,0.06411356497555971,21.046854960918427,216,16.371397972106934,114.83990955352783
espcn,online,div2k,4,original,0.0,7,112,0.07552029468395093,20.57866781729239,0.06332970710936933,21.18008824586868,216,16.08452796936035,130.92443752288818
espcn,online,div2k,4,original,0.0,8,126,0.0697473320696089,20.835425624140985,0.05961962516885251,21.560408794879912,216,16.086957216262817,147.011394739151
espcn,online,div2k,4,original,0.0,9,140,0.06942741462477932,20.974836985270183,0.05925383025314659,21.676641964912413,216,16.10810923576355,163.11950397491455
espcn,online,div2k,4,original,0.0,10,154,0.06796691290758274,21.583080574318213,0.056424441188573836,21.976653146743775,216,15.953379154205322,179.07288312911987
espcn,online,div2k,4,original,0.0,11,168,0.06434970928563012,21.722691076773184,0.05605579821858555,22.01808109283447,216,15.939996004104614,195.0128791332245
espcn,online,div2k,4,original,0.0,12,182,0.06613530494548657,21.4288611235442,0.05667228046804666,22.095739126205444,216,15.872575998306274,210.88545513153076
espcn,online,div2k,4,original,0.0,13,196,0.06100029194796527,22.12777363812482,0.05613079476170242,22.202404415607454,216,16.080803632736206,226.96625876426697
espcn,online,div2k,4,original,0.0,14,210,0.06354480181579236,21.87073446203161,0.05214543230831623,22.63419814109802,216,16.28594207763672,243.2522008419037
espcn,online,div2k,4,original,0.0,15,224,0.06026587814644531,22.473945476390696,0.057284046243876216,22.141036176681517,216,16.418224811553955,259.67042565345764
espcn,online,div2k,4,original,0.0,16,238,0.06393128164388516,21.940606081927264,0.05361647561658174,22.57567467689514,216,16.42621684074402,276.09664249420166
espcn,online,div2k,4,original,0.0,17,252,0.05885276929647834,23.021184002911603,0.051273925811983645,22.871392464637758,216,16.456576108932495,292.55321860313416
espcn,online,div2k,4,original,0.0,18,266,0.05733441809813181,22.999193050243235,0.05194857176393271,22.72756223678589,216,16.3073148727417,308.86053347587585
espcn,online,div2k,4,original,0.0,19,280,0.05405917542952078,23.416106047453702,0.05376742840744555,22.697777891159056,216,15.861208200454712,324.72174167633057
espcn,online,div2k,4,original,0.0,20,294,0.057078586960280384,23.09068368982386,0.04741287343204022,23.350682425498963,216,14.953644037246704,339.67538571357727
espcn,online,div2k,4,original,0.0,21,308,0.05255219285134916,23.543629187124747,0.04706182846566662,23.377155685424803,216,15.195172786712646,354.8705585002899
espcn,online,div2k,4,original,0.0,22,322,0.05362420184192834,23.708996172304506,0.046351845550816506,23.461643314361574,216,15.194623947143555,370.0651824474335
espcn,online,div2k,4,original,0.0,23,336,0.05671693357052626,22.907559571442782,0.04791037351824343,23.31000683307648,216,15.038779973983765,385.10396242141724
espcn,online,div2k,4,original,0.0,24,350,0.05261151920314188,23.781694059018736,0.047765236371196805,23.462427616119385,216,15.00264596939087,400.1066083908081
espcn,online,div2k,4,original,0.0,25,364,0.05105086002084944,23.849456010041415,0.05092497053556144,23.1362384557724,216,15.128904819488525,415.23551321029663
espcn,online,div2k,4,original,0.0,26,378,0.052930570035069076,23.73437210365578,0.049308419786393644,23.280637001991273,216,16.691187381744385,431.926700592041
espcn,online,div2k,4,original,0.0,27,392,0.05348826862043805,23.652854213008172,0.04453296086285263,23.84923150539398,216,17.206250190734863,449.1329507827759
espcn,online,div2k,4,original,0.0,28,406,0.05217483087822243,23.79155957257306,0.04408176691504195,23.929551005363464,216,17.054446697235107,466.187397480011
espcn,online,div2k,4,original,0.0,29,420,0.05045990369938038,23.92623562282986,0.04298611736157909,24.063902306556702,216,17.663141012191772,483.85053849220276
espcn,online,div2k,4,original,0.0,30,434,0.046977847538612505,24.823324697989005,0.048344788351096214,23.51211178302765,216,18.858860731124878,502.70939922332764
espcn,online,div2k,4,original,0.0,31,448,0.054045636068891595,23.529151068793404,0.0494774118764326,23.395945644378664,216,18.883055925369263,521.5924551486969
espcn,online,div2k,4,original,0.0,32,462,0.0521742237938775,23.96204291449653,0.04288292332785204,24.10803430080414,216,16.95634174346924,538.5487968921661
espcn,online,div2k,4,original,0.0,33,476,0.04827962539814137,24.463140699598526,0.04245294155552983,24.186348104476927,216,16.836336135864258,555.3851330280304
espcn,online,div2k,4,original,0.0,34,490,0.04652642431082549,24.802426161589445,0.04161169065628201,24.30497097969055,216,16.7111918926239,572.0963249206543
espcn,online,div2k,4,original,0.0,35,504,0.04645280705557929,24.91310713026259,0.05333698359318077,23.03814857006073,216,16.624039888381958,588.7203648090363
espcn,online,div2k,4,original,0.0,36,518,0.05491101934953972,23.560785081651474,0.04613332865992561,23.86665904521942,216,17.64530897140503,606.3656737804413
espcn,online,div2k,4,original,0.0,37,532,0.04980104802935212,24.350315517849392,0.04111637944588438,24.449043893814085,216,18.707406997680664,625.073080778122
espcn,online,div2k,4,original,0.0,38,546,0.044002690662940346,25.338123674745912,0.04357733358629048,24.123560643196107,216,18.47704792022705,643.550128698349
espcn,online,div2k,4,original,0.0,39,560,0.04920274640123049,24.532479604085285,0.04375531453406438,24.219425654411317,216,17.223412036895752,660.7735407352448
espcn,online,div2k,4,original,0.0,40,574,0.04755562047163645,24.866234178896303,0.04191876975819468,24.37690622806549,216,17.361074924468994,678.1346156597137
espcn,online,div2k,4,original,0.0,41,588,0.042870864272117615,25.635709197432906,0.04021770507097244,24.592761445045472,216,17.190311908721924,695.3249275684357
espcn,online,div2k,4,original,0.0,42,602,0.0468813583806709,25.075657738579643,0.04092707595555112,24.497895002365112,216,17.895089864730835,713.2200174331665
espcn,online,div2k,4,original,0.0,43,616,0.047075629234313965,24.85913333186397,0.0416876143310219,24.49826922416687,216,18.715646028518677,731.9356634616852
espcn,online,div2k,4,original,0.0,44,630,0.04531091355063297,25.232669900964808,0.039908353972714396,24.682779955863953,216,18.625930070877075,750.5615935325623
espcn,online,div2k,4,original,0.0,45,644,0.04705412561694781,24.529561643247252,0.043353793618734926,24.30527780056,216,17.216506958007812,767.7781004905701
espcn,online,div2k,4,original,0.0,46,658,0.04715497032911689,24.795054259123624,0.04147707076044753,24.551933932304383,216,16.779396057128906,784.557496547699
espcn,online,div2k,4,original,0.0,47,672,0.047400047795640096,24.536359716344762,0.03997727080713957,24.74107446670532,216,16.68584966659546,801.2433462142944
espcn,online,div2k,4,original,0.0,48,686,0.044577331040744426,25.183967731617116,0.039462639461271466,24.788052892684938,216,16.803805351257324,818.0471515655518
espcn,online,div2k,4,original,0.0,49,700,0.045759499348975996,25.04923234162507,0.03974774623056874,24.802141308784485,216,18.55961298942566,836.6067645549774
espcn,online,div2k,4,original,0.0,50,714,0.0393066331744194,26.34500786110207,0.03996269283816219,24.77460355758667,216,18.411705255508423,855.0184698104858
espcn,online,div2k,4,original,0.0,51,728,0.0442582321939645,25.306901154694735,0.039600944158155474,24.807357597351075,216,18.078224897384644,873.0966947078705
espcn,online,div2k,4,original,0.0,52,742,0.044121439258257546,25.388222305862993,0.03864935091696679,24.99927625656128,216,17.396065950393677,890.4927606582642
espcn,online,div2k,4,original,0.0,53,756,0.04592706814960197,25.008278246279115,0.03886255726683885,24.903671622276306,216,17.28611993789673,907.7788805961609
espcn,online,div2k,4,original,0.0,54,770,0.04686504933569166,25.04087900232386,0.039741442119702694,24.804425215721132,216,17.117446899414062,924.896327495575
espcn,online,div2k,4,original,0.0,55,784,0.041466230871500795,26.069308104338468,0.041251146595459434,24.683982920646667,216,17.84952998161316,942.7458574771881
espcn,online,div2k,4,original,0.0,56,798,0.04648813964040191,25.023566705209237,0.03818875860888511,25.047824573516845,216,18.809968948364258,961.5558264255524
espcn,online,div2k,4,original,0.0,57,812,0.044410244872172676,25.328231105098016,0.04061020128428936,24.757335352897645,216,18.284390926361084,979.8402173519135
espcn,online,div2k,4,original,0.0,58,826,0.045123830989555073,24.9447961030183,0.037737723579630254,25.114251685142516,216,17.147926092147827,996.9881434440613
espcn,online,div2k,4,original,0.0,59,840,0.0444811988208029,25.380215962727863,0.03775179687654599,25.12190988063812,216,16.819140672683716,1013.807284116745
espcn,online,div2k,4,original,0.0,60,854,0.04016087411178483,26.190623389350044,0.04096418184926733,24.761369013786314,216,16.765267848968506,1030.5725519657135
espcn,online,div2k,4,original,0.0,61,868,0.0446340372716939,25.34209668194806,0.042786474456079304,24.59040484428406,216,16.823695182800293,1047.3962471485138
espcn,online,div2k,4,original,0.0,62,882,0.04835467813191591,24.68796553435149,0.05099455905146897,23.476966214179992,216,18.69284725189209,1066.0890944004059
espcn,online,div2k,4,original,0.0,63,896,0.045487876843523095,25.221892321551287,0.039688866771757605,24.872436928749085,216,18.67302393913269,1084.7621183395386
espcn,online,div2k,4,original,0.0,64,910,0.041330854373949545,25.715367069950812,0.036982473626267165,25.2733793258667,216,18.239099979400635,1103.0012183189392
espcn,online,div2k,4,original,0.0,65,924,0.04105775375609045,26.130066483109086,0.03768246317049488,25.1955509185791,216,17.487167358398438,1120.4883856773376
espcn,online,div2k,4,original,0.0,66,938,0.04548656995649691,25.060506608751083,0.03903625372331589,24.99241986274719,216,17.384525060653687,1137.8729107379913
espcn,online,div2k,4,original,0.0,67,952,0.04326960347868778,25.48288627907082,0.03770795669406653,25.195779776573183,216,17.302520036697388,1155.1754307746887
espcn,online,div2k,4,original,0.0,68,966,0.04264562135493314,25.741212491635924,0.037573379965033384,25.213165473937988,216,17.248732805252075,1172.4241635799408
espcn,online,div2k,4,original,0.0,69,980,0.041270228309763804,26.02125831886574,0.0388420844101347,25.10644555091858,216,18.360711097717285,1190.784874677658
espcn,online,div2k,4,original,0.0,70,994,0.0403592334025436,26.35299845095034,0.03679889139020816,25.35164620876312,216,18.2377290725708,1209.0226037502289
espcn,online,div2k,4,original,0.0,71,1008,0.04160221155594896,26.111578199598526,0.039522285491693766,24.98898868560791,216,17.934458255767822,1226.9570620059967
espcn,online,div2k,4,original,0.0,72,1022,0.0413737619916598,26.101215362548828,0.035996310401242224,25.462341213226317,216,16.63479518890381,1243.5918571949005
espcn,online,div2k,4,original,0.0,73,1036,0.04176950164967113,26.128478509408456,0.037120241054799406,25.361635947227477,216,16.584807872772217,1260.1766650676727
espcn,online,div2k,4,original,0.0,74,1050,0.04028369762279369,26.281860916702836,0.04079236245015636,24.800954627990723,216,16.79503583908081,1276.9717009067535
espcn,online,div2k,4,original,0.0,75,1064,0.042422683288653694,25.945446791472257,0.03660491615300998,25.411031079292297,216,18.01156711578369,1294.9832680225372
espcn,online,div2k,4,original,0.0,76,1078,0.042278732621559394,25.492890463935005,0.038166842318605634,25.222993874549864,216,18.72945499420166,1313.712723016739
espcn,online,div2k,4,original,0.0,77,1092,0.04190416523703822,25.815239941632306,0.037331105954945085,25.321162843704222,216,19.097079038619995,1332.809802055359
espcn,online,div2k,4,original,0.0,78,1106,0.043687726060549416,25.597133777759694,0.040254527772776785,24.90302517414093,216,17.33299708366394,1350.1427991390228
espcn,online,div2k,4,original,0.0,79,1120,0.041629100839296974,25.832201851738823,0.0375313489115797,25.3121878862381,216,17.319212913513184,1367.462012052536
espcn,online,div2k,4,original,0.0,80,1134,0.04340695203454406,25.825515535142685,0.03602008461020887,25.514460039138793,216,17.236557006835938,1384.698569059372
espcn,online,div2k,4,original,0.0,81,1148,0.04082616694547512,26.193883260091145,0.036194713111035524,25.506707286834718,216,17.610804796218872,1402.3093738555908
espcn,online,div2k,4,original,0.0,82,1162,0.04062167196362107,26.464578981752748,0.03534519311506301,25.61108911037445,216,18.44113516807556,1420.7505090236664
espcn,online,div2k,4,original,0.0,83,1176,0.04061632534420049,26.03549328556767,0.035519711428787556,25.590967106819154,216,18.453706979751587,1439.204216003418
espcn,online,div2k,4,original,0.0,84,1190,0.041098487046029836,25.962419721815323,0.03753786339657381,25.279973959922792,216,16.99980616569519,1456.2040221691132
espcn,online,div2k,4,original,0.0,85,1204,0.040373751548705275,25.973804332591868,0.03803781574824825,25.27805416584015,216,16.617576837539673,1472.8215990066528
espcn,online,div2k,4,original,0.0,86,1218,0.04056636106084894,26.066969412344474,0.03569530185777694,25.617202496528627,216,16.70178723335266,1489.5233862400055
espcn,online,div2k,4,original,0.0,87,1232,0.040756325202959555,26.28538668597186,0.03608027442824095,25.536292099952696,216,17.42903709411621,1506.9524233341217
espcn,online,div2k,4,original,0.0,88,1246,0.04008672110460423,26.292762049922235,0.035219083353877065,25.6605361700058,216,18.33076524734497,1525.2831885814667
espcn,online,div2k,4,original,0.0,89,1260,0.038553759179733416,26.65905111807364,0.035435567481908944,25.62315912246704,216,17.63491678237915,1542.9181053638458
espcn,online,div2k,4,original,0.0,90,1274,0.04014272380758215,26.293812645806206,0.03758852538885549,25.323928546905517,216,18.92903709411621,1561.847142457962
espcn,online,div2k,4,original,0.0,91,1288,0.041440668205420174,25.944452144481517,0.03515078035416082,25.69862985610962,216,17.284852027893066,1579.131994485855
espcn,online,div2k,4,original,0.0,92,1302,0.04090339856015311,26.016246089228876,0.038828485796693714,25.1611008644104,216,17.180904150009155,1596.3128986358643
espcn,online,div2k,4,original,0.0,93,1316,0.03979881714891504,26.549879144739222,0.035513959266245364,25.636618614196777,216,17.233407020568848,1613.546305656433
espcn,online,div2k,4,original,0.0,94,1330,0.03837004497095391,26.759269007930047,0.03633959906874225,25.560139989852907,216,17.471905946731567,1631.0182116031647
espcn,online,div2k,4,original,0.0,95,1344,0.039882851833546604,26.22323452984845,0.03579857373842969,25.676011872291564,216,18.393873929977417,1649.412085533142
espcn,online,div2k,4,original,0.0,96,1358,0.041843431967276114,26.05455596358688,0.03729867524234578,25.472724986076354,216,18.47942590713501,1667.891511440277
espcn,online,div2k,4,original,0.0,97,1372,0.04035409622722202,26.391881942749023,0.03575195800513029,25.670415854454042,216,17.568432092666626,1685.4599435329437
espcn,online,div2k,4,original,0.0,98,1386,0.04115013267706941,26.423930980541087,0.03648951258510351,25.56410183906555,216,16.72759985923767,1702.1875433921814
espcn,online,div2k,4,original,0.0,99,1400,0.04009986875785722,26.503035792598016,0.03542183716781437,25.70473184585571,216,16.710893869400024,1718.8984372615814
espcn,online,div2k,4,original,0.0,100,1414,0.03991982354610055,26.573847240871853,0.03462921772152185,25.79437220096588,216,16.692752838134766,1735.5911900997162
espcn,online,div2k,4,original,0.0,101,1428,0.04184362430263449,25.95101617883753,0.035197575110942125,25.773800206184386,216,18.477524995803833,1754.06871509552
espcn,online,div2k,4,original,0.0,102,1442,0.0420472363906878,26.05053216439706,0.036280831939075144,25.640234565734865,216,18.587532997131348,1772.6562480926514
espcn,online,div2k,4,original,0.0,103,1456,0.04457525908946991,25.669424834074796,0.03572357778903097,25.673155498504638,216,17.682908296585083,1790.3391563892365
espcn,online,div2k,4,original,0.0,104,1470,0.0400797781293039,26.63460060402199,0.03573033367283642,25.67552833557129,216,15.698078870773315,1806.0372352600098
espcn,online,div2k,4,original,0.0,105,1484,0.03774722568966724,27.169248510290075,0.03555522431852296,25.699042201042175,216,15.656984090805054,1821.6942193508148
espcn,online,div2k,4,original,0.0,106,1498,0.04038740722117601,26.373133694684064,0.03372287849197164,25.94998574256897,216,15.612307071685791,1837.3065264225006
espcn,online,div2k,4,original,0.0,107,1512,0.03880002459994069,26.839938976146556,0.03586728046648204,25.63404953479767,216,15.587013006210327,1852.893539428711
espcn,online,div2k,4,original,0.0,108,1526,0.04058621009742772,26.309881846110027,0.036866346909664574,25.579883313179018,216,16.191301822662354,1869.0848412513733
espcn,online,div2k,4,original,0.0,109,1540,0.04048814555561101,26.39004318802445,0.035834423813503234,25.66577003002167,216,15.850351095199585,1884.9351923465729
espcn,online,div2k,4,original,0.0,110,1554,0.03834324523254677,26.513113304420752,0.03637907295487821,25.62884404659271,216,15.96259093284607,1900.897783279419
espcn,online,div2k,4,original,0.0,111,1568,0.03836089400229631,26.643475426567925,0.03362122379476205,25.984964060783387,216,16.08915090560913,1916.986934185028
espcn,online,div2k,4,original,0.0,112,1582,0.036540261297314254,26.945832429108798,0.03727940691169351,25.545140385627747,216,15.939949750900269,1932.9268839359283
espcn,online,div2k,4,original,0.0,113,1596,0.039620871345202126,26.609163213659215,0.03503769098315388,25.80050926208496,216,15.80338978767395,1948.7302737236023
espcn,online,div2k,4,original,0.0,114,1610,0.03778086851040522,26.978153511329932,0.034987121308222416,25.77545337677002,216,15.771232604980469,1964.5015063285828
espcn,online,div2k,4,original,0.0,115,1624,0.03771090521304696,27.16754934522841,0.034215660369955006,25.926415848731995,216,15.848588943481445,1980.3500952720642
espcn,online,div2k,4,original,0.0,116,1638,0.04141033854749468,26.18343056572808,0.03337478248868138,26.026954793930052,216,16.21717596054077,1996.567271232605
espcn,online,div2k,4,original,0.0,117,1652,0.03666779895623525,27.148109436035156,0.033268057927489283,26.06778817176819,216,16.396739959716797,2012.9640111923218
espcn,online,div2k,4,original,0.0,118,1666,0.03750787951328136,27.06719603361907,0.03337225236464292,26.026465559005736,216,16.442491054534912,2029.4065022468567
espcn,online,div2k,4,original,0.0,119,1680,0.03856290959649616,26.66585456000434,0.036267948907334355,25.797224855422975,216,16.57328200340271,2045.9797842502594
espcn,online,div2k,4,original,0.0,120,1694,0.03995721635443193,26.399709913465713,0.03481033538701013,25.922847294807433,216,16.569416999816895,2062.5492012500763
espcn,online,div2k,4,original,0.0,121,1708,0.036883583223378216,27.24321817468714,0.033329577557742594,26.075824904441834,216,16.352226972579956,2078.9014282226562
espcn,online,div2k,4,original,0.0,122,1722,0.03789471186421536,27.224624280576354,0.03330335520440712,26.083469223976135,216,16.477590084075928,2095.379018306732
espcn,online,div2k,4,original,0.0,123,1736,0.03621856661306487,27.321192494145148,0.033340950845740736,26.042543005943298,216,17.121059894561768,2112.500078201294
espcn,online,div2k,4,original,0.0,124,1750,0.03667149389231646,27.26742829216851,0.0331154934479855,26.11788914203644,216,15.884434938430786,2128.3845131397247
espcn,online,div2k,4,original,0.0,125,1764,0.03876131800589738,26.867453893025715,0.03370580555638299,26.01969485282898,216,16.022531032562256,2144.407044172287
espcn,online,div2k,4,original,0.0,126,1778,0.038811335961023964,26.56151397139938,0.03492835671640933,25.930326223373413,216,16.106114864349365,2160.5131590366364
espcn,online,div2k,4,original,0.0,127,1792,0.036339717675690296,27.203755414044416,0.033487551042344424,26.083325266838074,216,16.155219078063965,2176.6683781147003
espcn,online,div2k,4,original,0.0,128,1806,0.037073549573068264,27.236257199887877,0.03347837071632966,26.067651057243346,216,16.025024890899658,2192.6934030056
espcn,online,div2k,4,original,0.0,129,1820,0.038593115767946946,26.841675934968173,0.03445168579928577,25.923349213600158,216,16.177504062652588,2208.8709070682526
espcn,online,div2k,4,original,0.0,130,1834,0.03700264460510678,27.033155229356552,0.034751387359574434,25.93904004096985,216,16.434475898742676,2225.3053829669952
espcn,online,div2k,4,original,0.0,131,1848,0.03956060028738446,26.28214172080711,0.033203253126703206,26.11851122379303,216,16.444594860076904,2241.749977827072
espcn,online,div2k,4,original,0.0,132,1862,0.0402472667672016,26.468097616125036,0.03756044483743608,25.46700930595398,216,16.445133924484253,2258.1951117515564
espcn,online,div2k,4,original,0.0,133,1876,0.037668030984975676,27.305926005045574,0.03574895503697917,25.842167568206786,216,16.50859808921814,2274.7037098407745
espcn,online,div2k,4,original,0.0,134,1890,0.03712425270566234,27.02507605376067,0.036979576013982295,25.56436378955841,216,16.505367040634155,2291.2090768814087
espcn,online,div2k,4,original,0.0,135,1904,0.04056597142307847,26.510471485279226,0.03551388884661719,25.740955471992493,216,16.500433206558228,2307.709510087967
espcn,online,div2k,4,original,0.0,136,1918,0.037526257474113395,26.9985184846101,0.03841141146840528,25.441546273231506,216,16.74577498435974,2324.4552850723267
espcn,online,div2k,4,original,0.0,137,1932,0.03737255034071428,26.831637347186053,0.032705283287214115,26.216033267974854,216,16.6444091796875,2341.099694252014
espcn,online,div2k,4,original,0.0,138,1946,0.03500768362923905,27.484654956393772,0.032594863453414294,26.21625599861145,216,16.76583981513977,2357.865534067154
espcn,online,div2k,4,original,0.0,139,1960,0.03722411697661435,27.26848277339229,0.034130015037953855,26.003017497062682,216,16.568167209625244,2374.433701276779
espcn,online,div2k,4,original,0.0,140,1974,0.040321457855127474,26.55547954418041,0.05067955066915601,23.672563362121583,216,16.509281873703003,2390.942983150482
espcn,online,div2k,4,original,0.0,141,1988,0.04274642315727693,26.027773963080513,0.040155139612033965,25.263377118110657,216,16.617748975753784,2407.560732126236
espcn,online,div2k,4,original,0.0,142,2002,0.04463149276044634,25.65617992259838,0.04052053045015782,25.145099020004274,216,16.684090852737427,2424.2448229789734
espcn,online,div2k,4,original,0.0,143,2016,0.04070235692240574,26.45781750149197,0.03378945958102122,26.07596697807312,216,16.464428186416626,2440.70925116539
espcn,online,div2k,4,original,0.0,144,2030,0.037972169617811836,26.97519090440538,0.03423007091041654,26.05636885166168,216,16.556933879852295,2457.2661850452423
espcn,online,div2k,4,original,0.0,145,2044,0.03637475382398676,27.565875583224827,0.03242167549906298,26.259853839874268,216,16.447223901748657,2473.713408946991
espcn,online,div2k,4,original,0.0,146,2058,0.040889695562698225,26.55547544691298,0.037069292808882895,25.570457649230956,216,16.214505910873413,2489.9279148578644
espcn,online,div2k,4,original,0.0,147,2072,0.03515388388876562,27.819096600567853,0.033050558692775664,26.164246821403502,216,16.35405206680298,2506.2819669246674
espcn,online,div2k,4,original,0.0,148,2086,0.03681288825141059,27.03425160160771,0.03238806902663782,26.26852536201477,216,16.17540693283081,2522.457373857498
espcn,online,div2k,4,original,0.0,149,2100,0.03676587626062058,27.27278744732892,0.03325093821622431,26.171231985092163,216,16.11873483657837,2538.5761086940765
espcn,online,div2k,4,original,0.0,150,2114,0.03737621009349823,27.049394395616318,0.03350944188423455,26.13469491004944,216,16.253971815109253,2554.830080509186
espcn,online,div2k,4,original,0.0,151,2128,0.03741306452839463,26.88711992899577,0.03811900222208351,25.587387108802794,216,16.213692903518677,2571.0437734127045
espcn,online,div2k,4,original,0.0,152,2142,0.036993172088706935,27.44118090029116,0.04145470507210121,25.0256010055542,216,16.196061372756958,2587.2398347854614
espcn,online,div2k,4,original,0.0,153,2156,0.040549948535583635,26.72863232647931,0.03281750190071762,26.218132758140563,216,16.29658603668213,2603.5364208221436
espcn,online,div2k,4,original,0.0,154,2170,0.03850964249836074,27.056769053141277,0.03453020297456533,25.996677184104918,216,16.097601890563965,2619.6340227127075
espcn,online,div2k,4,original,0.0,155,2184,0.035100372715128794,27.447280106721102,0.03297001941828057,26.22469310760498,216,16.020004272460938,2635.6540269851685
espcn,online,div2k,4,original,0.0,156,2198,0.03401108431043448,27.732423852991175,0.0323509372130502,26.28449945449829,216,16.120503187179565,2651.774530172348
espcn,online,div2k,4,original,0.0,157,2212,0.03488780199377625,27.70079188876682,0.033191625773906705,26.190579843521117,216,16.1446852684021,2667.91921544075
espcn,online,div2k,4,original,0.0,158,2226,0.03810574307485863,26.865882167109735,0.03790680837118998,25.623291110992433,216,15.907480716705322,2683.8266961574554
espcn,online,div2k,4,original,0.0,159,2240,0.037935655702043464,27.026763986658167,0.03643091751728207,25.770288467407227,216,15.96719479560852,2699.793890953064
espcn,online,div2k,4,original,0.0,160,2254,0.03783888424988146,27.15455542670356,0.03295199570711702,26.210611510276795,216,15.836984872817993,2715.630875825882
espcn,online,div2k,4,original,0.0,161,2268,0.035019356205507564,27.348690739384406,0.03248668296728283,26.264714860916136,216,15.791208028793335,2731.4220838546753
espcn,online,div2k,4,original,0.0,162,2282,0.03813899694769471,26.809790787873446,0.03224817363661714,26.291150617599488,216,15.778218030929565,2747.200301885605
espcn,online,div2k,4,original,0.0,163,2296,0.038214889665444694,26.796746218646014,0.03479214936960488,25.957841396331787,216,15.864291906356812,2763.0645937919617
espcn,online,div2k,4,original,0.0,164,2310,0.03695180694814081,27.512310028076172,0.03317272395361215,26.181059384346007,216,15.887578010559082,2778.9521718025208
espcn,online,div2k,4,original,0.0,165,2324,0.035393064082772645,27.460304896036785,0.035167399130295963,25.870443677902223,216,15.973204374313354,2794.925376176834
espcn,online,div2k,4,original,0.0,166,2338,0.03550778356967149,27.6401178571913,0.03193840379826725,26.37068636417389,216,16.032994985580444,2810.9583711624146
espcn,online,div2k,4,original,0.0,167,2352,0.039087906617809226,26.912484486897785,0.032674367516301574,26.260674786567687,216,16.18984031677246,2827.148211479187
espcn,online,div2k,4,original,0.0,168,2366,0.037059025632010564,26.88083846480758,0.0320564637077041,26.357483386993408,216,16.12918710708618,2843.277398586273
espcn,online,div2k,4,original,0.0,169,2380,0.035865725466498626,27.322584222864222,0.03221792165422812,26.3389851808548,216,16.23899817466736,2859.5163967609406
espcn,online,div2k,4,original,0.0,170,2394,0.03563519208519547,27.505215256302446,0.03348964516771957,26.14183416366577,216,16.31038498878479,2875.8267817497253
espcn,online,div2k,4,original,0.0,171,2408,0.03637428112604,27.587812494348597,0.032364683586638424,26.333522820472716,216,16.393826246261597,2892.220607995987
espcn,online,div2k,4,original,0.0,172,2422,0.035083102683226265,27.827453330711084,0.03374958111089654,26.169711875915528,216,16.34910297393799,2908.569710969925
espcn,online,div2k,4,original,0.0,173,2436,0.03705409741787999,27.26929035893193,0.037275321048218756,25.5217675447464,216,16.399595022201538,2924.9693059921265
espcn,online,div2k,4,original,0.0,174,2450,0.03595750461573954,27.41455918771249,0.03368462029611692,26.091917300224303,216,16.559173107147217,2941.5284790992737
espcn,online,div2k,4,original,0.0,175,2464,0.03283600936885233,28.2095297354239,0.032582438935060055,26.309517121315004,216,16.706010103225708,2958.2344892024994
espcn,online,div2k,4,original,0.0,176,2478,0.035206576671313355,27.987565217194735,0.03152786078862846,26.450602889060974,216,16.65302300453186,2974.8875122070312
espcn,online,div2k,4,original,0.0,177,2492,0.03896565017876802,26.86708888301143,0.03312022156314924,26.19863543510437,216,16.6497220993042,2991.5372343063354
espcn,online,div2k,4,original,0.0,178,2506,0.03759662613824562,27.275823946352357,0.032730921392794696,26.23328354358673,216,16.741153955459595,3008.278388261795
espcn,online,div2k,4,original,0.0,179,2520,0.0353831731610828,27.707888850459344,0.03330737758660689,26.138652396202087,216,16.725861072540283,3025.0042493343353
espcn,online,div2k,4,original,0.0,180,2534,0.03636324598833367,27.45230342723705,0.037852888880297544,25.660267448425294,216,16.5734760761261,3041.5777254104614
espcn,online,div2k,4,original,0.0,181,2548,0.036786379775515306,27.12596172756619,0.04131649635965005,25.04158797264099,216,16.597693920135498,3058.175419330597
espcn,online,div2k,4,original,0.0,182,2562,0.04178168417678939,26.333294056080007,0.03237284212373197,26.34764313697815,216,16.616094827651978,3074.791514158249
espcn,online,div2k,4,original,0.0,183,2576,0.035300135267553504,27.31997009559914,0.03408981552347541,26.106588530540467,216,16.449706077575684,3091.2412202358246
espcn,online,div2k,4,original,0.0,184,2590,0.03602391557285079,27.395164489746094,0.03474060263251886,25.995034790039064,216,16.311400890350342,3107.552621126175
espcn,online,div2k,4,original,0.0,185,2604,0.03508367817159052,27.38136899029767,0.0325877062510699,26.33177556991577,216,16.494390964508057,3124.047012090683
espcn,online,div2k,4,original,0.0,186,2618,0.03662709719328969,27.4418207804362,0.03279416110599413,26.23131330013275,216,16.413044929504395,3140.4600570201874
espcn,online,div2k,4,original,0.0,187,2632,0.0365243250573123,27.420930085358798,0.033065700274892154,26.283252239227295,216,16.15012001991272,3156.6101770401
espcn,online,div2k,4,original,0.0,188,2646,0.035131925648009335,27.492610648826318,0.0343235184205696,26.013989305496217,216,16.35808515548706,3172.968262195587
espcn,online,div2k,4,original,0.0,189,2660,0.036554087229349,27.484304640028213,0.033199548453558235,26.271114683151247,216,16.271364212036133,3189.2396264076233
espcn,online,div2k,4,original,0.0,190,2674,0.035981252513549944,27.536546919080948,0.03311807527206838,26.26567921638489,216,16.235087156295776,3205.474713563919
espcn,online,div2k,4,original,0.0,191,2688,0.035955107046498194,27.857170246265554,0.03410727627342567,26.07400197982788,216,16.24435591697693,3221.719069480896
