arch,strategy,dataset,scale,degradation,deg_level,epoch,total_steps,train_loss,train_psnr,val_loss,val_psnr,subset_size,epoch_time,total_time
swinir,baseline,div2k,4,blur,0.5,0,45,0.126796218752861,16.91371356116401,0.07109378329478204,20.415292274951934,720,258.63480401039124,258.63480401039124
swinir,baseline,div2k,4,blur,0.5,1,90,0.07562098900477092,20.329040951199,0.05822127491701394,21.64408982992172,720,331.9129829406738,590.5477869510651
swinir,baseline,div2k,4,blur,0.5,2,135,0.06522659435868264,21.78382962544759,0.053852046630345284,22.15821304321289,720,404.4987881183624,995.0465750694275
swinir,baseline,div2k,4,blur,0.5,3,180,0.06310445724262131,22.3566828833686,0.05486737827304751,22.072215044498442,720,406.67409682273865,1401.7206718921661
swinir,baseline,div2k,4,blur,0.5,4,225,0.05966883566644457,22.98402468363444,0.05031973223667592,22.585459196567534,720,416.92621088027954,1818.6468827724457
swinir,baseline,div2k,4,blur,0.5,5,270,0.055759002102745904,23.68192999098036,0.053023676364682616,22.35203264951706,720,417.4838140010834,2236.130696773529
swinir,baseline,div2k,4,blur,0.5,6,315,0.05443411510851648,23.9060365041097,0.04836846931139007,22.80913941860199,720,421.9761939048767,2658.1068906784058
swinir,baseline,div2k,4,blur,0.5,7,360,0.055678586082326044,23.792414008246528,0.0542508207494393,22.36321493387222,720,423.2011969089508,3081.3080875873566
swinir,baseline,div2k,4,blur,0.5,8,405,0.05639693207210965,23.71252687242296,0.04869755528634414,22.840810322761534,720,427.6276879310608,3508.9357755184174
swinir,baseline,div2k,4,blur,0.5,9,450,0.05536216646432877,23.852223375108508,0.04769699622411281,22.941376304626466,720,431.0260362625122,3939.9618117809296
swinir,baseline,div2k,4,blur,0.5,10,495,0.051198387228780326,24.595627127753364,0.04717807471752167,23.000439131259917,720,422.1962180137634,4362.158029794693
swinir,baseline,div2k,4,blur,0.5,11,540,0.05180481374263764,24.47777231004503,0.04787373861763626,22.96753673553467,720,438.82802271842957,4800.986052513123
swinir,baseline,div2k,4,blur,0.5,12,585,0.052286623915036516,24.462320454915364,0.052755684754811225,22.58086613416672,720,456.03139209747314,5257.017444610596
swinir,baseline,div2k,4,blur,0.5,13,630,0.050980481008688606,24.76874877081977,0.048025728831999,23.01944143772125,720,450.1306321620941,5707.14807677269
swinir,baseline,div2k,4,blur,0.5,14,675,0.050386913783020446,24.64542990790473,0.048396043642424044,23.010956943035126,720,448.70261788368225,6155.850694656372
swinir,baseline,div2k,4,blur,0.5,15,720,0.05029829318324725,24.909322908189562,0.04757635291898623,23.079087173938753,720,450.10842299461365,6605.959117650986
swinir,baseline,div2k,4,blur,0.5,16,765,0.05262965907653173,24.342993460761175,0.04756593286292628,23.10385751724243,720,442.96376490592957,7048.922882556915
swinir,baseline,div2k,4,blur,0.5,17,810,0.05010844725701544,24.84808218214247,0.04907144214957952,22.984637916088104,720,452.9461250305176,7501.869007587433
swinir,baseline,div2k,4,blur,0.5,18,855,0.05068937929140197,24.69384791056315,0.04691017782315612,23.17532410621643,720,448.4237639904022,7950.292771577835
swinir,baseline,div2k,4,blur,0.5,19,900,0.04835315371553103,25.237394036187066,0.04646272521931678,23.189508318901062,720,419.31547594070435,8369.60824751854
swinir,baseline,div2k,4,blur,0.5,20,945,0.0493575319647789,25.272308773464626,0.04613973497180268,23.221055507659912,720,410.9325439929962,8780.540791511536
swinir,baseline,div2k,4,blur,0.5,21,990,0.049930723011493684,24.98899468315972,0.04752352134091779,23.139469146728516,720,416.4906461238861,9197.031437635422
swinir,baseline,div2k,4,blur,0.5,22,1035,0.05263714152905676,24.388500637478298,0.0453365123947151,23.311093115806578,720,406.40985774993896,9603.44129538536
swinir,baseline,div2k,4,blur,0.5,23,1080,0.04973329384293821,25.15437058342828,0.04661989745218307,23.301928162574768,720,418.99897718429565,10022.440272569656
swinir,baseline,div2k,4,blur,0.5,24,1125,0.04869618945651584,25.24074329800076,0.045227585337124766,23.41319661140442,720,418.0240161418915,10440.464288711548
swinir,baseline,div2k,4,blur,0.5,25,1170,0.04997906502750185,25.0274651421441,0.047841863613575696,23.180170011520385,720,425.1732728481293,10865.637561559677
swinir,baseline,div2k,4,blur,0.5,26,1215,0.04770673020846314,25.565107133653427,0.04326602858491242,23.728943204879762,720,411.24336099624634,11276.880922555923
swinir,baseline,div2k,4,blur,0.5,27,1260,0.046619095818863976,25.62025939093696,0.04967225422151387,23.149235200881957,720,426.5618300437927,11703.442752599716
swinir,baseline,div2k,4,blur,0.5,28,1305,0.048647569864988326,25.080682203504775,0.04480626200092956,23.698443794250487,720,436.84254121780396,12140.28529381752
swinir,baseline,div2k,4,blur,0.5,29,1350,0.04817885648873117,25.32797465854221,0.04303885701810941,23.959150791168213,720,451.9118130207062,12592.197106838226
swinir,baseline,div2k,4,blur,0.5,30,1395,0.04298373597363631,26.47696304321289,0.04189656486269087,24.087279176712038,720,458.13072514533997,13050.327831983566
swinir,baseline,div2k,4,blur,0.5,31,1440,0.045099711128407056,26.20898289150662,0.04187654259148985,24.121607422828674,720,456.14791798591614,13506.475749969482
swinir,baseline,div2k,4,blur,0.5,32,1485,0.044279908802774215,26.356094148423935,0.04138620049925521,24.15063087940216,720,452.19762325286865,13958.673373222351
swinir,baseline,div2k,4,blur,0.5,33,1530,0.04360664996008078,26.18976025051541,0.04112172167515382,24.23610577583313,720,451.7110779285431,14410.384451150894
swinir,baseline,div2k,4,blur,0.5,34,1575,0.04423171074854003,26.32969924079047,0.046008432656526564,23.764320492744446,720,450.49146699905396,14860.875918149948
swinir,baseline,div2k,4,blur,0.5,35,1620,0.04516198527481821,26.164001846313475,0.04083494379883632,24.258942675590514,720,452.6386787891388,15313.514596939087
swinir,baseline,div2k,4,blur,0.5,36,1665,0.04337496533989906,26.441198094685873,0.0410396485356614,24.29267728328705,720,450.5329022407532,15764.04749917984
swinir,baseline,div2k,4,blur,0.5,37,1710,0.04246542205413183,26.50348014831543,0.04185257385252043,24.271860432624816,720,453.35718607902527,16217.404685258865
swinir,baseline,div2k,4,blur,0.5,38,1755,0.04312936001353794,26.368533749050563,0.04019688459811732,24.421601843833923,720,449.89350390434265,16667.298189163208
swinir,baseline,div2k,4,blur,0.5,39,1800,0.04280482062862979,26.551198535495335,0.04231373717775568,24.216004729270935,720,466.5848400592804,17133.88302922249
swinir,baseline,div2k,4,blur,0.5,40,1845,0.043458633828494284,26.46770256890191,0.040370512928348035,24.424865007400513,720,454.2654049396515,17588.14843416214
swinir,baseline,div2k,4,blur,0.5,41,1890,0.04366931526197328,26.26621593899197,0.040128329547587785,24.47902066707611,720,453.4962317943573,18041.644665956497
swinir,baseline,div2k,4,blur,0.5,42,1935,0.0434003096487787,26.46538200378418,0.039960344112478195,24.496537041664123,720,461.53353214263916,18503.178198099136
swinir,baseline,div2k,4,blur,0.5,43,1980,0.0440077967941761,26.30340512593587,0.04168453147867694,24.29407720565796,720,465.60463309288025,18968.782831192017
swinir,baseline,div2k,4,blur,0.5,44,2025,0.04297716903189818,26.382992214626736,0.0418598925229162,24.314701676368713,720,455.36057782173157,19424.143409013748
swinir,baseline,div2k,4,blur,0.5,45,2070,0.04256015403403176,26.871502431233726,0.04000542238354683,24.510062766075134,720,465.38946294784546,19889.532871961594
swinir,baseline,div2k,4,blur,0.5,46,2115,0.04222509037289354,26.76048927307129,0.0402636778424494,24.54325532913208,720,452.5311379432678,20342.06400990486
swinir,baseline,div2k,4,blur,0.5,47,2160,0.04066329089303811,27.05264006720649,0.04089067796012387,24.481171560287475,720,451.6473832130432,20793.711393117905
swinir,baseline,div2k,4,blur,0.5,48,2205,0.042722025762001674,26.707246271769204,0.0403347056126222,24.49952006340027,720,504.7828691005707,21298.494262218475
swinir,baseline,div2k,4,blur,0.5,49,2250,0.04305587576495277,26.346764670477974,0.03972096587531269,24.553442621231078,720,481.5426650047302,21780.036927223206
swinir,baseline,div2k,4,blur,0.5,50,2295,0.0428917918768194,26.591281848483614,0.03964399239048362,24.594654297828676,720,458.0457031726837,22238.08263039589
swinir,baseline,div2k,4,blur,0.5,51,2340,0.04346041745609707,26.451274066501192,0.04047223492525518,24.500201725959776,720,452.0734558105469,22690.156086206436
swinir,baseline,div2k,4,blur,0.5,52,2385,0.042271280826793774,26.82426872253418,0.03900063254404813,24.70554633140564,720,469.31616497039795,23159.472251176834
swinir,baseline,div2k,4,blur,0.5,53,2430,0.04216144018703037,26.76981896294488,0.03915671845315956,24.669370198249815,720,470.46303486824036,23629.935286045074
swinir,baseline,div2k,4,blur,0.5,54,2475,0.040320235987504324,27.04988238016764,0.039355752314440905,24.531330275535584,720,469.70246291160583,24099.63774895668
swinir,baseline,div2k,4,blur,0.5,55,2520,0.04074043710198667,27.022669008043078,0.03958395314402878,24.634875226020814,720,468.8465721607208,24568.4843211174
swinir,baseline,div2k,4,blur,0.5,56,2565,0.0418093043896887,26.965233527289495,0.038589473499450834,24.735843563079833,720,450.7337837219238,25019.218104839325
swinir,baseline,div2k,4,blur,0.5,57,2610,0.04244367430607478,26.965712949964736,0.03919446512591094,24.700070548057557,720,455.8782448768616,25475.096349716187
swinir,baseline,div2k,4,blur,0.5,58,2655,0.03953652096291383,27.59199439154731,0.03829221969936043,24.758645510673524,720,472.915647983551,25948.011997699738
swinir,baseline,div2k,4,blur,0.5,59,2700,0.041423513119419414,27.05551897684733,0.03810675339773297,24.805783438682557,720,469.2178580760956,26417.229855775833
swinir,baseline,div2k,4,blur,0.5,60,2745,0.04053285564813349,26.743326907687717,0.04021154235815629,24.592165851593016,720,476.67627215385437,26893.906127929688
swinir,baseline,div2k,4,blur,0.5,61,2790,0.04094417529801528,27.23521631028917,0.0381179753690958,24.817888188362122,720,460.36926007270813,27354.275388002396
swinir,baseline,div2k,4,blur,0.5,62,2835,0.040161485349138576,27.095970662434897,0.0394243917777203,24.669918274879457,720,463.33332204818726,27817.608710050583
swinir,baseline,div2k,4,blur,0.5,63,2880,0.04185433905157778,26.857670381334092,0.03867528242990374,24.705650162696838,720,459.9127368927002,28277.521446943283
swinir,baseline,div2k,4,blur,0.5,64,2925,0.03970829124252002,27.312780888875327,0.03984226769534871,24.65507643222809,720,481.3565151691437,28758.877962112427
swinir,baseline,div2k,4,blur,0.5,65,2970,0.03955949735310343,27.22735447353787,0.03890361486701295,24.75740852355957,720,484.0902190208435,29242.96818113327
swinir,baseline,div2k,4,blur,0.5,66,3015,0.04125663803683387,26.913371955023873,0.03881153849652037,24.74298655986786,720,469.9926190376282,29712.9608001709
swinir,baseline,div2k,4,blur,0.5,67,3060,0.04198471845852004,26.81092355516222,0.03936705050291493,24.6587051153183,720,463.48779797554016,30176.44859814644
swinir,baseline,div2k,4,blur,0.5,68,3105,0.039963263024886446,27.288842815823024,0.038729586580302566,24.797946286201476,720,465.43131494522095,30641.87991309166
swinir,baseline,div2k,4,blur,0.5,69,3150,0.0400286468780703,27.199077606201172,0.03826118765864521,24.826334619522093,720,475.7239496707916,31117.60386276245
swinir,baseline,div2k,4,blur,0.5,70,3195,0.04039913047518995,27.13884688483344,0.03825372857972979,24.823118805885315,720,468.525741815567,31586.12960457802
swinir,baseline,div2k,4,blur,0.5,71,3240,0.03992413013345665,27.49294319152832,0.04076429257402196,24.57452871799469,720,464.518324136734,32050.647928714752
swinir,baseline,div2k,4,blur,0.5,72,3285,0.04074505807624923,26.889351484510634,0.0382884360733442,24.78094744682312,720,450.9393231868744,32501.587251901627
swinir,baseline,div2k,4,blur,0.5,73,3330,0.03965685971909099,27.398249774509004,0.03731579771847464,24.918422889709472,720,474.26235485076904,32975.849606752396
swinir,baseline,div2k,4,blur,0.5,74,3375,0.040764215050472154,27.127029291788737,0.037587619060650466,24.945867156982423,720,466.925607919693,33442.77521467209
swinir,baseline,div2k,4,blur,0.5,75,3420,0.04084662107957734,27.30269054836697,0.037812437978573143,24.887934517860412,720,473.42116713523865,33916.19638180733
swinir,baseline,div2k,4,blur,0.5,76,3465,0.040673521243863635,27.261157014634875,0.03807944730506278,24.936510157585143,720,468.2677240371704,34384.4641058445
swinir,baseline,div2k,4,blur,0.5,77,3510,0.04199744732015663,26.984191046820747,0.038782344688661395,24.84944803714752,720,464.50151920318604,34848.965625047684
swinir,baseline,div2k,4,blur,0.5,78,3555,0.04126061565346188,26.87468215094672,0.038229424052406105,24.855932927131654,720,472.5865709781647,35321.55219602585
swinir,baseline,div2k,4,blur,0.5,79,3600,0.04021798235674699,27.36568154229058,0.03785960101522505,24.95030269622803,720,467.90181016921997,35789.45400619507
swinir,baseline,div2k,4,blur,0.5,80,3645,0.04060449567106035,27.160441631740994,0.03897220304934308,24.828412103652955,720,465.09460401535034,36254.54861021042
swinir,baseline,div2k,4,blur,0.5,81,3690,0.04188043371670776,26.831474685668944,0.03771097367280163,24.96721234321594,720,457.0040581226349,36711.55266833305
swinir,baseline,div2k,4,blur,0.5,82,3735,0.03979526000718276,27.506633504231772,0.03693008327390999,25.034545755386354,720,456.15960717201233,37167.712275505066
swinir,baseline,div2k,4,blur,0.5,83,3780,0.03864770291580094,27.829037136501736,0.03752781327930279,25.01091401576996,720,450.2929880619049,37618.00526356697
swinir,baseline,div2k,4,blur,0.5,84,3825,0.03896789277593295,27.64034233093262,0.03749749268172309,25.015261602401733,720,470.8721089363098,38088.87737250328
swinir,baseline,div2k,4,blur,0.5,85,3870,0.03784155717326535,27.8028571234809,0.03731761192902923,24.991032576560976,720,464.51973509788513,38553.397107601166
swinir,baseline,div2k,4,blur,0.5,86,3915,0.03980282901061906,27.54975412156847,0.03707035664701834,25.045565557479858,720,454.01049399375916,39007.407601594925
swinir,baseline,div2k,4,blur,0.5,87,3960,0.03897606473830011,27.542714436848957,0.03666571728535928,25.118915367126466,720,458.5798079967499,39465.987409591675
swinir,baseline,div2k,4,blur,0.5,88,4005,0.03654531381196446,28.22740910847982,0.03808866267791018,24.92039499282837,720,463.5722219944,39929.559631586075
swinir,baseline,div2k,4,blur,0.5,89,4050,0.03965608291327953,27.50051383972168,0.037724172545131295,24.97675814628601,720,451.2119560241699,40380.771587610245
swinir,baseline,div2k,4,blur,0.5,90,4095,0.04023349926703506,27.21792878044976,0.037539060297422114,24.902171182632447,720,460.2594270706177,40841.03101468086
swinir,baseline,div2k,4,blur,0.5,91,4140,0.03861912087433868,27.659321636623808,0.0368531110114418,25.059327912330627,720,434.4087178707123,41275.439732551575
swinir,baseline,div2k,4,blur,0.5,92,4185,0.04011623428927528,27.584380128648547,0.038220899342559275,24.961316442489625,720,448.4591028690338,41723.89883542061
swinir,baseline,div2k,4,blur,0.5,93,4230,0.03880554549396038,27.64534437391493,0.03698063957272098,25.123158144950867,720,475.95339488983154,42199.85223031044
swinir,baseline,div2k,4,blur,0.5,94,4275,0.0380426689154572,27.99169002109104,0.03624484539031982,25.188816213607787,720,457.48147916793823,42657.33370947838
swinir,baseline,div2k,4,blur,0.5,95,4320,0.038040803828173216,27.908984163072375,0.036812028475105764,25.147393226623535,720,439.45597195625305,43096.78968143463
swinir,baseline,div2k,4,blur,0.5,96,4365,0.03868971835407946,27.428373124864365,0.03743313365848735,25.06180806159973,720,424.7185468673706,43521.508228302
swinir,baseline,div2k,4,blur,0.5,97,4410,0.03836156659656101,27.925090408325197,0.03600742392009124,25.20243647098541,720,429.6485822200775,43951.15681052208
swinir,baseline,div2k,4,blur,0.5,98,4455,0.03711382320357694,28.47001355489095,0.036196332081453876,25.21957869529724,720,437.6512699127197,44388.8080804348
swinir,baseline,div2k,4,blur,0.5,99,4500,0.037474883927239314,27.909029261271158,0.03593286923714913,25.26524426937103,720,480.633661031723,44869.44174146652
swinir,baseline,div2k,4,blur,0.5,100,4545,0.03883602855106195,28.025753784179688,0.03698640824877657,25.18569359779358,720,427.95049715042114,45297.39223861694
swinir,baseline,div2k,4,blur,0.5,101,4590,0.03811346135205693,27.72541495429145,0.036190261924639346,25.241337370872497,720,406.7041051387787,45704.09634375572
swinir,baseline,div2k,4,blur,0.5,102,4635,0.03830783656901783,27.691338136461045,0.03626380272908136,25.231706666946412,720,407.71544003486633,46111.81178379059
swinir,baseline,div2k,4,blur,0.5,103,4680,0.03815574352112081,27.87961892022027,0.03552266712067649,25.3577663898468,720,425.5760889053345,46537.38787269592
swinir,baseline,div2k,4,blur,0.5,104,4725,0.03741224188771513,27.93278431362576,0.037187152134720236,25.216742062568663,720,422.8971269130707,46960.28499960899
swinir,baseline,div2k,4,blur,0.5,105,4770,0.03849308205147584,27.485758717854818,0.036329581099562344,25.269513511657713,720,417.00322818756104,47377.288227796555
swinir,baseline,div2k,4,blur,0.5,106,4815,0.03922664543820752,27.298625903659396,0.038841615698765965,24.98440511226654,720,420.82748579978943,47798.115713596344
swinir,baseline,div2k,4,blur,0.5,107,4860,0.0387356262240145,27.606825849745007,0.035444568033562975,25.39762737751007,720,404.76275086402893,48202.87846446037
swinir,baseline,div2k,4,blur,0.5,108,4905,0.037627967157297666,27.808738538953993,0.035878196638077495,25.321486592292786,720,392.11727690696716,48594.99574136734
swinir,baseline,div2k,4,blur,0.5,109,4950,0.038381286296579574,27.74640129937066,0.03557585825910792,25.396151232719422,720,414.2253770828247,49009.221118450165
swinir,baseline,div2k,4,blur,0.5,110,4995,0.039348914184504084,27.512266413370767,0.03551591638242826,25.390304279327392,720,418.36945033073425,49427.5905687809
swinir,baseline,div2k,4,blur,0.5,111,5040,0.03850617123146852,27.82554448445638,0.03551489314995706,25.38905713558197,720,440.96967005729675,49868.560238838196
swinir,stagewise,div2k,4,blur,0.5,0,14,0.17945409566164017,14.727339673925329,0.08856562580913305,18.618531584739685,216,409.0664207935333,409.0664207935333
swinir,stagewise,div2k,4,blur,0.5,1,28,0.09503896286090215,18.32273257220233,0.07022222019731998,20.43731632232666,216,405.40724205970764,814.473662853241
swinir,stagewise,div2k,4,blur,0.5,2,42,0.08287981704429344,19.193334367540146,0.07142081391066313,20.390836238861084,216,406.274530172348,1220.748193025589
swinir,stagewise,div2k,4,blur,0.5,3,56,0.0766160758557143,20.121435659903067,0.06004960068967193,21.38517986536026,216,422.9342951774597,1643.6824882030487
swinir,stagewise,div2k,4,blur,0.5,4,70,0.06887039197263894,20.80112753974067,0.06333169266581536,21.26362383365631,216,423.71119689941406,2067.3936851024628
swinir,stagewise,div2k,4,blur,0.5,5,84,0.07341032723585765,20.710728115505642,0.06339993118308485,21.181184935569764,216,411.78592014312744,2479.17960524559
swinir,stagewise,div2k,4,blur,0.5,6,98,0.06511684617510548,21.51791763305664,0.0630193501478061,21.288886892795563,216,410.0825369358063,2889.2621421813965
swinir,stagewise,div2k,4,blur,0.5,7,112,0.06029013958242205,22.150207378246165,0.05654023513197899,21.822432231903075,216,385.507878780365,3274.7700209617615
swinir,stagewise,div2k,4,blur,0.5,8,126,0.05973142164724844,22.312735804805047,0.0557900556595996,21.99464762210846,216,390.4888460636139,3665.2588670253754
swinir,stagewise,div2k,4,blur,0.5,9,140,0.05544677611302446,22.88790512084961,0.05882342930417508,21.700002467632295,216,379.7168629169464,4044.975729942322
swinir,stagewise,div2k,4,blur,0.5,10,154,0.05519360869571015,22.986222019901984,0.0546516731614247,22.077595007419585,216,383.7150218486786,4428.690751791
swinir,stagewise,div2k,4,blur,0.5,11,168,0.05304952572893213,23.377278787118417,0.0533158763195388,22.20053548812866,216,386.15955781936646,4814.850309610367
swinir,stagewise,div2k,4,blur,0.5,12,182,0.052045983572800956,23.614152060614693,0.05223238121252507,22.27674729824066,216,383.4612638950348,5198.311573505402
swinir,stagewise,div2k,4,blur,0.5,13,196,0.04826192199080079,24.17955893057364,0.05217899129493162,22.361046171188356,216,380.23061203956604,5578.542185544968
swinir,stagewise,div2k,4,blur,0.5,14,210,0.04669613832676852,24.608418076126664,0.051221039134543386,22.422476530075073,216,382.8029236793518,5961.3451092243195
swinir,stagewise,div2k,4,blur,0.5,15,224,0.045060295473646234,24.880920480798792,0.05235020745312795,22.375777184963226,216,390.6834251880646,6352.028534412384
swinir,stagewise,div2k,4,blur,0.5,16,238,0.047299688337025816,24.73941562793873,0.05665280031971633,21.959645414352416,216,387.6917428970337,6739.720277309418
swinir,stagewise,div2k,4,blur,0.5,17,252,0.04772571557097965,24.35118145412869,0.05280261356383562,22.377343142032622,216,385.6474039554596,7125.367681264877
swinir,stagewise,div2k,4,blur,0.5,18,266,0.04506602552202013,25.027813876116717,0.055609447648748755,22.150919103622435,216,403.43971490859985,7528.807396173477
swinir,stagewise,div2k,4,blur,0.5,19,280,0.046088282570794774,24.81933056866681,0.051964082103222606,22.473754620552064,216,428.5905258655548,7957.397922039032
swinir,stagewise,div2k,4,blur,0.5,20,294,0.04364777052844012,25.273670691030997,0.0494941542390734,22.665701043605804,216,420.8262858390808,8378.224207878113
swinir,stagewise,div2k,4,blur,0.5,21,308,0.044159212736067946,25.226500334563077,0.05246401338372379,22.440269219875336,216,419.2983388900757,8797.522546768188
swinir,stagewise,div2k,4,blur,0.5,22,322,0.045167808731396995,25.14228849057798,0.04992976125795394,22.639894115924836,216,413.6528391838074,9211.175385951996
swinir,stagewise,div2k,4,blur,0.5,23,336,0.04377496697836452,25.563122572722257,0.0504195733112283,22.622301232814788,216,419.3076250553131,9630.483011007309
swinir,stagewise,div2k,4,blur,0.5,24,350,0.04457288828712923,25.392902727480287,0.05116921341978013,22.61296354532242,216,401.19565510749817,10031.678666114807
swinir,stagewise,div2k,4,blur,0.5,25,364,0.04372223977137495,25.529676508020472,0.050993187667336314,22.619239103794097,216,423.5583622455597,10455.237028360367
swinir,stagewise,div2k,4,blur,0.5,26,378,0.042801194444850636,25.582746858950014,0.04925036613130942,22.767249858379365,216,417.36061215400696,10872.597640514374
swinir,stagewise,div2k,4,blur,0.5,27,392,0.04038356617093086,26.125311109754776,0.04800721341744065,22.854666244983672,216,409.32438492774963,11281.922025442123
swinir,stagewise,div2k,4,blur,0.5,28,406,0.04302810008327166,25.564424797340674,0.05191210862249136,22.533224177360534,216,433.4912507534027,11715.413276195526
swinir,stagewise,div2k,4,blur,0.5,29,420,0.04475279676693457,25.16943938643844,0.049022405489813535,22.795134460926057,216,414.85140800476074,12130.264684200287
swinir,stagewise,div2k,4,blur,0.5,30,434,0.041871221391139204,25.652074884485316,0.048817175172735004,22.833877861499786,216,430.88338804244995,12561.148072242737
swinir,stagewise,div2k,4,blur,0.5,31,448,0.03976703159235142,26.363650922422057,0.05078021204099059,22.67147569656372,216,431.9438729286194,12993.091945171356
swinir,stagewise,div2k,4,blur,0.5,32,462,0.04444673050332953,25.64605034722222,0.04834931428777054,22.880205941200256,216,422.27560091018677,13415.367546081543
swinir,stagewise,div2k,4,blur,0.5,33,476,0.042096346340797564,26.00858292756257,0.05250544341979548,22.534545636177064,216,422.87136721611023,13838.238913297653
swinir,stagewise,div2k,4,blur,0.5,34,490,0.04550248729409995,25.21628584685149,0.048742209724150595,22.873991918563842,216,425.3072121143341,14263.546125411987
swinir,stagewise,div2k,4,blur,0.5,35,504,0.04067335567540593,26.0958541587547,0.04757113395025954,22.951184964179994,216,422.4270477294922,14685.97317314148
swinir,stagewise,div2k,4,blur,0.5,36,518,0.0418845663468043,25.722149742974175,0.04827761963242665,22.894337141513823,216,422.1628601551056,15108.136033296585
swinir,stagewise,div2k,4,blur,0.5,37,532,0.03984874004015216,26.31491964834708,0.04739350536838174,22.987049305438994,216,421.34279584884644,15529.478829145432
swinir,stagewise,div2k,4,blur,0.5,38,546,0.038682724038759865,26.791264145462602,0.04738151204073802,22.95982449054718,216,422.25549507141113,15951.734324216843
swinir,stagewise,div2k,4,blur,0.5,39,560,0.04188664105755312,25.93261930677626,0.04833182592410594,22.95528995990753,216,415.9337408542633,16367.668065071106
swinir,stagewise,div2k,4,blur,0.5,40,574,0.04133424218054171,25.79232816342954,0.05017524352297187,22.81107964515686,216,404.37553691864014,16772.043601989746
swinir,stagewise,div2k,4,blur,0.5,41,588,0.04093826534571471,26.351222144232857,0.0474661024985835,22.980614531040192,216,414.58194303512573,17186.625545024872
swinir,stagewise,div2k,4,blur,0.5,42,602,0.04245699279838138,25.711354432282626,0.0470017523271963,23.04132343530655,216,422.69575691223145,17609.321301937103
swinir,stagewise,div2k,4,blur,0.5,43,616,0.04204082599392644,25.844844535545068,0.05058238462079316,22.79387366771698,216,427.2717881202698,18036.593090057373
swinir,stagewise,div2k,4,blur,0.5,44,630,0.04323002102750319,25.604312896728516,0.04878846334759146,22.87893545627594,216,429.83350133895874,18466.42659139633
swinir,stagewise,div2k,4,blur,0.5,45,644,0.04248739861779743,25.641750547620987,0.046904975944198665,23.04840975999832,216,393.30147910118103,18859.728070497513
swinir,stagewise,div2k,4,blur,0.5,46,658,0.0389656069929953,26.64819152266891,0.04694601874798536,23.102642250061034,216,395.93951892852783,19255.66758942604
swinir,stagewise,div2k,4,blur,0.5,47,672,0.04206936765048239,25.73391165556731,0.04861812121234834,22.945009100437165,216,422.7256541252136,19678.393243551254
swinir,stagewise,div2k,4,blur,0.5,48,686,0.03906225964978889,26.73240485014739,0.04902610800927505,22.914973402023314,216,433.87254214286804,20112.265785694122
swinir,stagewise,div2k,4,blur,0.5,49,700,0.041747578178290966,25.914097326773184,0.04922720498871058,22.900729858875273,216,432.0386292934418,20544.304414987564
swinir,stagewise,div2k,4,blur,0.5,50,714,0.04157695836491055,26.069739871554905,0.04851134911878034,22.97856525182724,216,426.03058791160583,20970.33500289917
swinir,stagewise,div2k,4,blur,0.5,51,728,0.042159764027154004,25.95821112173575,0.04832847790094093,23.009638500213622,216,416.0819959640503,21386.41699886322
swinir,stagewise,div2k,4,blur,0.5,52,742,0.03929115390336072,26.612864388359917,0.046047064219601454,23.179186761379242,216,430.08270382881165,21816.499702692032
swinir,stagewise,div2k,4,blur,0.5,53,756,0.038785003401615004,26.357641714590567,0.045677457691635934,23.213226127624512,216,434.9473581314087,22251.44706082344
swinir,stagewise,div2k,4,blur,0.5,54,770,0.03699471911898366,27.16278754340278,0.048566782870329915,23.005424010753632,216,435.833279132843,22687.280339956284
swinir,stagewise,div2k,4,blur,0.5,55,784,0.03865139862453496,26.513404422336155,0.04602474913699552,23.183659756183623,216,425.2329649925232,23112.513304948807
swinir,stagewise,div2k,4,blur,0.5,56,798,0.039122234340067265,26.83487969857675,0.048877723747864366,22.96248127222061,216,428.62583208084106,23541.139137029648
swinir,stagewise,div2k,4,blur,0.5,57,812,0.04133313466553335,25.848986590350115,0.04653359919320792,23.177774119377137,216,423.58810091018677,23964.727237939835
swinir,stagewise,div2k,4,blur,0.5,58,826,0.03864028953291752,26.959696098610205,0.04756227754987776,23.097076976299284,216,432.2499852180481,24396.977223157883
swinir,stagewise,div2k,4,blur,0.5,59,840,0.03936996476517783,26.807534888938623,0.046067843306809665,23.221635746955872,216,424.1815359592438,24821.158759117126
swinir,stagewise,div2k,4,blur,0.5,60,854,0.03868867567291966,26.712184340865523,0.04538717771647498,23.262978959083558,216,435.6930158138275,25256.851774930954
swinir,stagewise,div2k,4,blur,0.5,61,868,0.03894287085643521,26.766001524748624,0.047638854244723916,23.12016738653183,216,417.5900719165802,25674.441846847534
swinir,stagewise,div2k,4,blur,0.5,62,882,0.039580698090570944,26.670543034871418,0.04613740567583591,23.225893425941468,216,397.35980224609375,26071.801649093628
swinir,stagewise,div2k,4,blur,0.5,63,896,0.03889237427049213,26.715050520720304,0.04537235236493871,23.281488943099976,216,395.8564257621765,26467.658074855804
swinir,stagewise,div2k,4,blur,0.5,64,910,0.039084234516377804,26.43955174198857,0.04645524059887975,23.239506554603576,216,393.8573799133301,26861.515454769135
swinir,stagewise,div2k,4,blur,0.5,65,924,0.03850979606310526,26.899811921296298,0.04596290292683989,23.257358884811403,216,390.407692193985,27251.92314696312
swinir,stagewise,div2k,4,blur,0.5,66,938,0.038463903660023654,26.778333734582972,0.05061941973399371,22.79538360834122,216,388.89808106422424,27640.821228027344
swinir,stagewise,div2k,4,blur,0.5,67,952,0.04033474279222665,26.388499083342374,0.04722907894756645,23.14801344871521,216,384.1215560436249,28024.94278407097
swinir,stagewise,div2k,4,blur,0.5,68,966,0.0407123985113921,26.20611325016728,0.047109446092508736,23.185803174972534,216,380.44285798072815,28405.385642051697
swinir,stagewise,div2k,4,blur,0.5,69,980,0.04048876892085428,26.023584295202184,0.04711054092040286,23.143451690673828,216,390.3851809501648,28795.77082300186
swinir,stagewise,div2k,4,blur,0.5,70,994,0.03837849944829941,27.33199691772461,0.045504985598381606,23.304663586616517,216,399.22219681739807,29194.99301981926
swinir,stagewise,div2k,4,blur,0.5,71,1008,0.03615342246161567,27.191327624850803,0.045533346477895975,23.309366273880006,216,393.25070691108704,29588.243726730347
swinir,stagewise,div2k,4,blur,0.5,72,1022,0.036763118924918,27.22499840347855,0.04491839389083907,23.364974045753478,216,395.46842098236084,29983.712147712708
swinir,stagewise,div2k,4,blur,0.5,73,1036,0.037407272943743956,27.104527226200812,0.04737968791741878,23.11479256153107,216,420.75314497947693,30404.465292692184
swinir,stagewise,div2k,4,blur,0.5,74,1050,0.03911976516246796,26.52219687567817,0.0463922627735883,23.258005714416505,216,417.805468082428,30822.270760774612
swinir,stagewise,div2k,4,blur,0.5,75,1064,0.036638447669921095,27.26312481915509,0.04572993275942281,23.33308243751526,216,410.4910430908203,31232.761803865433
swinir,stagewise,div2k,4,blur,0.5,76,1078,0.03776228800415993,27.239758244267218,0.04911182678770274,23.001608991622923,216,417.73335695266724,31650.4951608181
swinir,stagewise,div2k,4,blur,0.5,77,1092,0.04184173268300516,26.180260057802553,0.05078782658092677,22.85931878089905,216,416.2275159358978,32066.722676753998
swinir,stagewise,div2k,4,blur,0.5,78,1106,0.04173780632791696,26.038008937129266,0.04684241071809083,23.230768585205077,216,415.0256681442261,32481.748344898224
swinir,stagewise,div2k,4,blur,0.5,79,1120,0.039220712803028246,26.438702053493923,0.04469248313689604,23.439293932914733,216,409.4455819129944,32891.19392681122
swinir,stagewise,div2k,4,blur,0.5,80,1134,0.03911229830097269,26.415532995153356,0.04415355089586228,23.501818084716795,216,415.23960876464844,33306.43353557587
swinir,stagewise,div2k,4,blur,0.5,81,1148,0.03761735282562397,27.124582926432293,0.04640266657806933,23.33538684844971,216,419.92979884147644,33726.36333441734
swinir,stagewise,div2k,4,blur,0.5,82,1162,0.04034098168766057,26.6384501280608,0.04711381013039499,23.229819226264954,216,399.09121584892273,34125.454550266266
swinir,stagewise,div2k,4,blur,0.5,83,1176,0.03726032252113024,27.429831469500506,0.04441463826224208,23.529757452011108,216,401.68045592308044,34527.135006189346
swinir,stagewise,div2k,4,blur,0.5,84,1190,0.03564345822842033,27.778334582293475,0.04418007925851271,23.583721446990968,216,404.5504367351532,34931.6854429245
swinir,stagewise,div2k,4,blur,0.5,85,1204,0.03715672875168147,27.182256204110605,0.04369578583864495,23.601038908958436,216,392.7622940540314,35324.44773697853
swinir,stagewise,div2k,4,blur,0.5,86,1218,0.03505605155671084,27.719719568888348,0.044072830304503444,23.601880574226378,216,402.775187253952,35727.22292423248
swinir,stagewise,div2k,4,blur,0.5,87,1232,0.03511966557966338,27.496057722303604,0.04325555160176009,23.69819061756134,216,407.33521819114685,36134.55814242363
swinir,stagewise,div2k,4,blur,0.5,88,1246,0.03345185601048999,28.094271765814888,0.04324983526021242,23.704722356796264,216,401.33676409721375,36535.89490652084
swinir,stagewise,div2k,4,blur,0.5,89,1260,0.036547295887161185,27.216886944240994,0.043233666406013074,23.755013513565064,216,401.93282318115234,36937.827729701996
swinir,stagewise,div2k,4,blur,0.5,90,1274,0.03760404443299329,27.156692928738064,0.04591796504100785,23.432928967475892,216,392.91387605667114,37330.74160575867
swinir,stagewise,div2k,4,blur,0.5,91,1288,0.03999616895560865,26.319735209147137,0.044257042347453535,23.75048933029175,216,389.1039249897003,37719.84553074837
swinir,stagewise,div2k,4,blur,0.5,92,1302,0.03876716533192882,26.53467623392741,0.04748387332074344,23.398748874664307,216,418.87521529197693,38138.720746040344
swinir,stagewise,div2k,4,blur,0.5,93,1316,0.037689518873338344,26.97444371823911,0.04331819880753755,23.772567915916444,216,429.3582649230957,38568.07901096344
swinir,stagewise,div2k,4,blur,0.5,94,1330,0.03772928275995784,27.085544868751807,0.04355020598741248,23.75632064342499,216,425.32376313209534,38993.402774095535
swinir,stagewise,div2k,4,blur,0.5,95,1344,0.03662230233075442,27.299483829074436,0.04401966591831297,23.77905902862549,216,405.4133310317993,39398.816105127335
swinir,stagewise,div2k,4,blur,0.5,96,1358,0.0368592723928116,27.26912519666884,0.042983427445869894,23.905809473991393,216,409.94518399238586,39808.76128911972
swinir,stagewise,div2k,4,blur,0.5,97,1372,0.03736894895081167,27.154403192025644,0.042056649376172574,24.013794589042664,216,456.3782250881195,40265.13951420784
swinir,stagewise,div2k,4,blur,0.5,98,1386,0.03520546881137071,27.684254469694913,0.042010898631997404,23.98993158340454,216,446.2412052154541,40711.380719423294
swinir,stagewise,div2k,4,blur,0.5,99,1400,0.035363991365388585,27.469498457732023,0.04234632751904428,23.9800555229187,216,452.33327889442444,41163.71399831772
swinir,stagewise,div2k,4,blur,0.5,100,1414,0.03631075402652776,27.334724496912074,0.04136817252729088,24.098440051078796,216,461.0923991203308,41624.80639743805
swinir,stagewise,div2k,4,blur,0.5,101,1428,0.03465066043039163,27.731703722918475,0.04158112085424363,24.104567170143127,216,449.71848702430725,42074.52488446236
swinir,stagewise,div2k,4,blur,0.5,102,1442,0.036652075195754016,27.60188929239909,0.04363841761369258,23.893379068374635,216,450.13631534576416,42524.66119980812
swinir,stagewise,div2k,4,blur,0.5,103,1456,0.036143918694169434,27.348986872920282,0.044518340181093664,23.84252185821533,216,463.76328015327454,42988.424479961395
swinir,stagewise,div2k,4,blur,0.5,104,1470,0.03559592849126569,27.460063439828378,0.04257295202696696,24.00764696598053,216,452.4610900878906,43440.885570049286
swinir,stagewise,div2k,4,blur,0.5,105,1484,0.03660617216869637,27.42386888574671,0.04207353017991409,24.045440793037415,216,449.1704239845276,43890.05599403381
swinir,stagewise,div2k,4,blur,0.5,106,1498,0.033540186644704255,28.180618286132812,0.04105995782883838,24.184358954429626,216,420.573716878891,44310.629710912704
swinir,stagewise,div2k,4,blur,0.5,107,1512,0.036623964431109254,27.396672496089227,0.04097924599191174,24.185548090934752,216,428.2347900867462,44738.86450099945
swinir,stagewise,div2k,4,blur,0.5,108,1526,0.03461109708856653,27.845213572184246,0.04139838446862996,24.161085510253905,216,454.2279198169708,45193.09242081642
swinir,stagewise,div2k,4,blur,0.5,109,1540,0.03463823417270625,28.026804747404874,0.041979740431997925,24.109877395629884,216,420.28298115730286,45613.375401973724
swinir,stagewise,div2k,4,blur,0.5,110,1554,0.03613436746376532,27.280475192599827,0.04211984768044204,24.113867664337157,216,399.58896708488464,46012.96436905861
swinir,stagewise,div2k,4,blur,0.5,111,1568,0.03527019924863621,27.650042639838325,0.042438314866740254,24.083862161636354,216,395.9658098220825,46408.93017888069
swinir,stagewise,div2k,4,blur,0.5,112,1582,0.03307684842083189,28.018540417706525,0.04490644289180636,23.812770676612853,216,437.2819151878357,46846.21209406853
swinir,stagewise,div2k,4,blur,0.5,113,1596,0.03541401345972662,27.4160863381845,0.04232069152640179,24.0494215965271,216,426.2993769645691,47272.511471033096
swinir,stagewise,div2k,4,blur,0.5,114,1610,0.037220463915555564,27.035504517731844,0.0414743380388245,24.207208847999574,216,432.5734841823578,47705.084955215454
swinir,stagewise,div2k,4,blur,0.5,115,1624,0.03557412422917507,27.40117179022895,0.04098002898972482,24.248430037498473,216,411.65866923332214,48116.743624448776
swinir,stagewise,div2k,4,blur,0.5,116,1638,0.03672648097078005,27.030235714382595,0.04069840554147959,24.3054461479187,216,414.64126205444336,48531.38488650322
swinir,stagewise,div2k,4,blur,0.5,117,1652,0.03539727724812649,27.951547410753037,0.04265741653507575,24.125623917579652,216,421.8552088737488,48953.24009537697
swinir,stagewise,div2k,4,blur,0.5,118,1666,0.033398074822293386,28.020413292778862,0.04140751479426399,24.22138295173645,216,420.7659809589386,49374.00607633591
swinir,stagewise,div2k,4,blur,0.5,119,1680,0.04796792621965761,25.53305004261158,0.04213279557880014,24.146462178230287,216,414.1624855995178,49788.168561935425
swinir,stagewise,div2k,4,blur,0.5,120,1694,0.04510809136209665,25.485487478750724,0.04060980467475019,24.30746464729309,216,398.75249695777893,50186.921058893204
swinir,stagewise,div2k,4,blur,0.5,121,1708,0.0466857839513708,25.003108271846063,0.04011246132431552,24.37582712173462,216,417.3493218421936,50604.2703807354
swinir,stagewise,div2k,4,blur,0.5,122,1722,0.04667076330493997,24.96432509245696,0.04108958914875984,24.250197553634642,216,420.9365839958191,51025.20696473122
swinir,stagewise,div2k,4,blur,0.5,123,1736,0.04747434208790461,24.40473104406286,0.040520625456701966,24.302945256233215,216,421.09104108810425,51446.29800581932
swinir,stagewise,div2k,4,blur,0.5,124,1750,0.04772407506351118,24.69137340121799,0.04099664707900956,24.263901662826537,216,417.75191593170166,51864.04992175102
swinir,stagewise,div2k,4,blur,0.5,125,1764,0.04362005892175215,25.702532662285698,0.04171911795856431,24.245877981185913,216,397.9537651538849,52262.00368690491
swinir,stagewise,div2k,4,blur,0.5,126,1778,0.044920624130302005,24.993012181034796,0.04166674747830257,24.239694809913637,216,398.03648710250854,52660.040174007416
swinir,stagewise,div2k,4,blur,0.5,127,1792,0.04373691865691432,25.441342106571906,0.040567169548012316,24.365777587890626,216,405.6451051235199,53065.685279130936
swinir,stagewise,div2k,4,blur,0.5,128,1806,0.042603605047420216,25.59317496970848,0.0398161556920968,24.45033884048462,216,416.5848445892334,53482.27012372017
swinir,stagewise,div2k,4,blur,0.5,129,1820,0.04471667566233211,25.317669056080007,0.039834704797249286,24.468627405166625,216,393.4507260322571,53875.720849752426
swinir,stagewise,div2k,4,blur,0.5,130,1834,0.04652858028809229,25.017204849808305,0.04053282152162865,24.423704981803894,216,416.7566649913788,54292.477514743805
swinir,stagewise,div2k,4,blur,0.5,131,1848,0.04412111364029072,25.52793460422092,0.04307202603667974,24.1974867105484,216,411.3285348415375,54703.80604958534
swinir,stagewise,div2k,4,blur,0.5,132,1862,0.04482804128417262,25.505550172593857,0.039584537106566134,24.4877943277359,216,414.2794351577759,55118.08548474312
swinir,stagewise,div2k,4,blur,0.5,133,1876,0.04374435226674433,25.351736704508465,0.03998965445207432,24.479244303703307,216,418.75517082214355,55536.84065556526
swinir,stagewise,div2k,4,blur,0.5,134,1890,0.04459431256960939,25.31165377298991,0.03970609843963757,24.482732677459715,216,409.86731219291687,55946.70796775818
swinir,stagewise,div2k,4,blur,0.5,135,1904,0.04320878894240768,25.472480491355615,0.03970847571035847,24.49919331073761,216,407.4544770717621,56354.16244482994
swinir,stagewise,div2k,4,blur,0.5,136,1918,0.04460782419752191,25.13414404127333,0.039298109791707246,24.55081362724304,216,403.8121359348297,56757.97458076477
swinir,stagewise,div2k,4,blur,0.5,137,1932,0.04669742093042091,24.78283613699454,0.03987420428311452,24.504618334770203,216,413.0748188495636,57171.049399614334
swinir,stagewise,div2k,4,blur,0.5,138,1946,0.04371510611640082,25.34651932892976,0.03948241793550551,24.49627320766449,216,413.51292967796326,57584.5623292923
swinir,stagewise,div2k,4,blur,0.5,139,1960,0.04201606136781198,25.847230981897425,0.03981990177417174,24.485404539108277,216,406.35993790626526,57990.92226719856
swinir,stagewise,div2k,4,blur,0.5,140,1974,0.04318595981156385,25.870538782190394,0.03944767891662195,24.525875973701478,216,408.5541868209839,58399.47645401955
swinir,stagewise,div2k,4,blur,0.5,141,1988,0.04412258940714377,25.464967374448424,0.03950952608138323,24.554124498367308,216,418.1792311668396,58817.655685186386
swinir,stagewise,div2k,4,blur,0.5,142,2002,0.04375818261393794,25.442342546251083,0.040235502796713264,24.49799780845642,216,409.1355061531067,59226.79119133949
swinir,stagewise,div2k,4,blur,0.5,143,2016,0.04356690951519542,25.57042411521629,0.040453673515003175,24.502748584747316,216,412.6925492286682,59639.48374056816
swinir,stagewise,div2k,4,blur,0.5,144,2030,0.04298878888841028,25.79306779084382,0.03969608511542901,24.540569734573364,216,413.43276810646057,60052.91650867462
swinir,stagewise,div2k,4,blur,0.5,145,2044,0.04216481800432558,25.62227644743743,0.04249901762232185,24.29427056312561,216,408.4436321258545,60461.360140800476
swinir,stagewise,div2k,4,blur,0.5,146,2058,0.04148189778681154,25.84927318714283,0.043395623983815315,24.178536820411683,216,390.5672571659088,60851.927397966385
swinir,stagewise,div2k,4,blur,0.5,147,2072,0.04345370166831546,25.35211831552011,0.04032530231634155,24.5103355884552,216,396.29180788993835,61248.21920585632
swinir,stagewise,div2k,4,blur,0.5,148,2086,0.04485516622662544,24.95967031408239,0.03914445253321901,24.634453058242798,216,371.06081199645996,61619.28001785278
swinir,stagewise,div2k,4,blur,0.5,149,2100,0.04709552338829747,24.688163050898797,0.039722632139455524,24.551921367645264,216,406.9741802215576,62026.25419807434
swinir,stagewise,div2k,4,blur,0.5,150,2114,0.0418877927241502,25.79950382091381,0.03966674341354519,24.569825196266173,216,406.187903881073,62432.442101955414
swinir,stagewise,div2k,4,blur,0.5,151,2128,0.0414230611037325,25.909912391945166,0.039045792049728335,24.624164867401124,216,406.03608202934265,62838.47818398476
swinir,stagewise,div2k,4,blur,0.5,152,2142,0.04164343554940489,25.631613696063006,0.03873075141455047,24.667583727836607,216,399.1849830150604,63237.66316699982
swinir,stagewise,div2k,4,blur,0.5,153,2156,0.044391802891537,25.31816765114113,0.03892521852394566,24.62596685886383,216,398.433452129364,63636.09661912918
swinir,stagewise,div2k,4,blur,0.5,154,2170,0.04351122870489403,25.368505124692565,0.03968954738229513,24.58202772140503,216,399.1443090438843,64035.240928173065
swinir,stagewise,div2k,4,blur,0.5,155,2184,0.04245790521855707,25.71632159197772,0.039587939833290876,24.594910526275633,216,402.3649492263794,64437.605877399445
swinir,stagewise,div2k,4,blur,0.5,156,2198,0.041338631952250446,25.882994616473162,0.03911735962028615,24.6485915184021,216,405.3326678276062,64842.93854522705
swinir,stagewise,div2k,4,blur,0.5,157,2212,0.044594429709293226,25.214042946144385,0.03847816835041158,24.70049057006836,216,394.84433794021606,65237.78288316727
swinir,stagewise,div2k,4,blur,0.5,158,2226,0.04307193557421366,25.65946367051866,0.0390252364333719,24.681394958496092,216,390.17199516296387,65627.95487833023
swinir,stagewise,div2k,4,blur,0.5,159,2240,0.041753916552773225,25.909211194073713,0.03944557956419885,24.634798574447633,216,404.0095670223236,66031.96444535255
swinir,stagewise,div2k,4,blur,0.5,160,2254,0.043713665670818753,25.355191972520615,0.03912856570677832,24.665530252456666,216,410.02311301231384,66441.98755836487
swinir,stagewise,div2k,4,blur,0.5,161,2268,0.04061979193378378,25.91934359515155,0.040758465009275824,24.499696445465087,216,406.6254858970642,66848.61304426193
swinir,stagewise,div2k,4,blur,0.5,162,2282,0.04281724906629986,25.594645041006583,0.039403845637571065,24.64243128299713,216,400.30779099464417,67248.92083525658
swinir,stagewise,div2k,4,blur,0.5,163,2296,0.04188592814736896,25.65887634842484,0.04067055131308735,24.54216113090515,216,399.3514099121094,67648.27224516869
swinir,stagewise,div2k,4,blur,0.5,164,2310,0.04259872795255096,25.405051619918257,0.038574699906166646,24.692387413978576,216,398.2252588272095,68046.4975039959
swinir,stagewise,div2k,4,blur,0.5,165,2324,0.043161897333683794,25.667063960322626,0.03834946115966886,24.725632119178773,216,413.50821805000305,68460.0057220459
swinir,stagewise,div2k,4,blur,0.5,166,2338,0.043107876623118366,25.62907890037254,0.04023120166966691,24.532131123542786,216,401.770879983902,68861.7766020298
swinir,stagewise,div2k,4,blur,0.5,167,2352,0.043856890941107715,25.555151480215567,0.03920632458757609,24.647349071502685,216,404.5957670211792,69266.37236905098
swinir,stagewise,div2k,4,blur,0.5,168,2366,0.04306311560449777,25.75004358644839,0.038422137522138654,24.72399060726166,216,395.4043128490448,69661.77668190002
swinir,stagewise,div2k,4,blur,0.5,169,2380,0.04285103510375376,25.577137699833624,0.03824292368371971,24.757790279388427,216,398.96481108665466,70060.74149298668
swinir,stagewise,div2k,4,blur,0.5,170,2394,0.040620967745780945,25.984589046902126,0.038875487400218844,24.680825614929198,216,400.7736430168152,70461.5151360035
swinir,stagewise,div2k,4,blur,0.5,171,2408,0.042531206376022763,25.69713239316587,0.0403688489110209,24.589098620414735,216,408.7886919975281,70870.30382800102
swinir,stagewise,div2k,4,blur,0.5,172,2422,0.04055356827599031,26.286257849799263,0.039185080048628154,24.69218738079071,216,401.316281080246,71271.62010908127
swinir,stagewise,div2k,4,blur,0.5,173,2436,0.04246239778068331,25.833121335064924,0.03874743152409792,24.738514757156373,216,395.1865861415863,71666.80669522285
swinir,stagewise,div2k,4,blur,0.5,174,2450,0.040630458681671706,25.913270738389755,0.038813691691029814,24.698706126213075,216,392.357629776001,72059.16432499886
swinir,stagewise,div2k,4,blur,0.5,175,2464,0.04296388477087021,25.6952185454192,0.038668881735065955,24.741040062904357,216,398.7675189971924,72457.93184399605
swinir,stagewise,div2k,4,blur,0.5,176,2478,0.041084762938596586,25.977748305709273,0.0388794822152704,24.725153613090516,216,404.5612189769745,72862.49306297302
swinir,stagewise,div2k,4,blur,0.5,177,2492,0.04211251961964148,25.880546499181676,0.03888283788692206,24.68677177429199,216,390.8028390407562,73253.29590201378
swinir,stagewise,div2k,4,blur,0.5,178,2506,0.040664557781484395,26.04709568730107,0.03974741228157654,24.622943711280822,216,381.0536460876465,73634.34954810143
swinir,stagewise,div2k,4,blur,0.5,179,2520,0.043703719697616716,25.3925355275472,0.039386317250318825,24.630316853523254,216,378.0845458507538,74012.43409395218
swinir,stagewise,div2k,4,blur,0.5,180,2534,0.038557514272354265,26.499660350658274,0.038067823590245096,24.83296682834625,216,384.34276723861694,74396.7768611908
swinir,stagewise,div2k,4,blur,0.5,181,2548,0.04292681109574106,25.77446859854239,0.038835231540724637,24.729571199417116,216,394.10423612594604,74790.88109731674
swinir,stagewise,div2k,4,blur,0.5,182,2562,0.0410465100021274,25.8750873848244,0.039710657601244745,24.617769265174864,216,388.79431414604187,75179.67541146278
swinir,stagewise,div2k,4,blur,0.5,183,2576,0.04090109922819667,26.096041714703595,0.03923069381853565,24.69833312034607,216,383.31451511383057,75562.98992657661
swinir,stagewise,div2k,4,blur,0.5,184,2590,0.04221458319160673,25.691876305474175,0.0402360784355551,24.601697325706482,216,384.7944641113281,75947.78439068794
swinir,stagewise,div2k,4,blur,0.5,185,2604,0.042681968322506654,25.658006880018448,0.04063492175191641,24.512833333015443,216,383.7900609970093,76331.57445168495
swinir,stagewise,div2k,4,blur,0.5,186,2618,0.04229051674957628,25.505091278641313,0.040239623212255535,24.549141144752504,216,387.7261629104614,76719.30061459541
swinir,stagewise,div2k,4,blur,0.5,187,2632,0.04343955025628761,25.532428600169993,0.038142564526060595,24.79561290740967,216,381.19581604003906,77100.49643063545
swinir,stagewise,div2k,4,blur,0.5,188,2646,0.038827881354976584,26.60595194498698,0.03909956690622494,24.720389938354494,216,404.04235792160034,77504.53878855705
swinir,stagewise,div2k,4,blur,0.5,189,2660,0.04050135529703564,25.91129924632885,0.03944747488712892,24.688101482391357,216,394.6663498878479,77899.2051384449
swinir,stagewise,div2k,4,blur,0.5,190,2674,0.04182874632102472,26.010043956615306,0.040321451087947935,24.607940483093262,216,391.6827640533447,78290.88790249825
swinir,stagewise,div2k,4,blur,0.5,191,2688,0.04151252119077577,25.88755190813983,0.03877220214344561,24.74182641506195,216,408.8363928794861,78699.72429537773
swinir,stagewise,div2k,4,blur,0.5,192,2702,0.04159775721254172,25.950330946180557,0.038867712684441356,24.74580075740814,216,404.48557591438293,79104.20987129211
swinir,stagewise,div2k,4,blur,0.5,193,2716,0.04037410972846879,26.176625710946542,0.038986536720767614,24.740338230133055,216,419.4399528503418,79523.64982414246
swinir,stagewise,div2k,4,blur,0.5,194,2730,0.0405057349966632,26.284695943196613,0.03903744422132149,24.727637124061584,216,426.583781003952,79950.23360514641
swinir,stagewise,div2k,4,blur,0.5,195,2744,0.039202822303330456,26.53879349320023,0.0380640301911626,24.821499824523926,216,412.56519985198975,80362.7988049984
swinir,static,div2k,4,blur,0.5,0,60,0.06811274215579033,20.956209818522137,0.06068252257537097,21.312185835838317,240,383.1984820365906,383.1984820365906
swinir,static,div2k,4,blur,0.5,1,75,0.06978399480382601,21.01642100016276,0.06998566398397088,20.638287210464476,240,419.76109623908997,802.9595782756805
swinir,static,div2k,4,blur,0.5,2,90,0.06597776859998702,21.541422526041668,0.06468607110437005,21.131558620929717,240,412.74216294288635,1215.701741218567
swinir,static,div2k,4,blur,0.5,3,105,0.05662768334150314,22.815054575602215,0.06365140641573816,21.17093696594238,240,404.2253839969635,1619.9271252155304
swinir,static,div2k,4,blur,0.5,4,120,0.055061632643143336,23.113849894205728,0.058815070614218715,21.648610186576843,240,414.57082295417786,2034.4979481697083
swinir,static,div2k,4,blur,0.5,5,135,0.054323951403299965,23.22624092102051,0.05964852378237993,21.616648280620574,240,412.738783121109,2447.2367312908173
swinir,static,div2k,4,blur,0.5,6,150,0.05262779369950295,23.633191553751626,0.053251556935720146,22.12844831943512,240,429.14480805397034,2876.3815393447876
swinir,static,div2k,4,blur,0.5,7,165,0.052043075859546664,23.864759953816733,0.05465505955507979,22.104113805294038,240,423.0657060146332,3299.447245359421
swinir,static,div2k,4,blur,0.5,8,180,0.05475558564066887,23.3981814066569,0.05341799531597644,22.161613953113555,240,418.2432050704956,3717.6904504299164
swinir,static,div2k,4,blur,0.5,9,195,0.054326057185729346,23.669786071777345,0.05747384682763368,21.912469601631166,240,417.83913493156433,4135.529585361481
swinir,static,div2k,4,blur,0.5,10,210,0.05082549278934797,24.145954386393228,0.05324852291960269,22.271767735481262,240,422.8210690021515,4558.350654363632
swinir,static,div2k,4,blur,0.5,11,225,0.0469717246790727,25.046373494466145,0.05267201156821102,22.295057821273804,240,424.09202218055725,4982.442676544189
swinir,static,div2k,4,blur,0.5,12,240,0.049767825504144034,24.602354303995767,0.05095801412826404,22.493229150772095,240,428.7945818901062,5411.237258434296
swinir,static,div2k,4,blur,0.5,13,255,0.045237488796313605,25.348286310831707,0.05261813811957836,22.39527473449707,240,413.91351079940796,5825.150769233704
swinir,static,div2k,4,blur,0.5,14,270,0.0470581998427709,24.865766779581705,0.0498576182173565,22.612746679782866,240,418.4772071838379,6243.6279764175415
swinir,static,div2k,4,blur,0.5,15,285,0.041254248842597006,26.284909947713217,0.04998375012073666,22.62349603176117,240,438.19932532310486,6681.827301740646
swinir,static,div2k,4,blur,0.5,16,300,0.043389735370874406,25.72725601196289,0.05059398851590231,22.619780087471007,240,428.3654878139496,7110.192789554596
swinir,static,div2k,4,blur,0.5,17,315,0.04546354860067368,25.417759450276694,0.04986638177651912,22.639432513713835,240,423.556360244751,7533.749149799347
swinir,static,div2k,4,blur,0.5,18,330,0.041437499970197675,25.950112279256185,0.04979194646002725,22.673092782497406,240,426.40317702293396,7960.152326822281
swinir,static,div2k,4,blur,0.5,19,345,0.04214831640323003,26.010273488362632,0.05133471393492073,22.560347962379456,240,386.8616998195648,8347.014026641846
swinir,static,div2k,4,blur,0.5,20,360,0.04735097189744313,25.055085881551108,0.05373026832239702,22.420279276371,240,419.2759220600128,8766.289948701859
swinir,static,div2k,4,blur,0.5,21,375,0.05028743793567022,24.560170873006186,0.05110503665637225,22.593325531482698,240,426.9150912761688,9193.205039978027
swinir,static,div2k,4,blur,0.5,22,390,0.04392851168910662,25.567009989420573,0.050203766324557364,22.697322726249695,240,424.4641819000244,9617.669221878052
swinir,static,div2k,4,blur,0.5,23,405,0.042164510736862816,25.969685618082682,0.0484634090680629,22.804673421382905,240,423.0456631183624,10040.714884996414
swinir,static,div2k,4,blur,0.5,24,420,0.045299905041853585,25.835527165730795,0.050208943558391186,22.726864624023438,240,418.4289710521698,10459.143856048584
swinir,static,div2k,4,blur,0.5,25,435,0.04410968149701754,25.665975062052407,0.05013956045731902,22.71684968471527,240,422.8039312362671,10881.947787284851
swinir,static,div2k,4,blur,0.5,26,450,0.04448577562967936,25.435600407918294,0.049602755531668666,22.766618061065675,240,417.25342082977295,11299.201208114624
swinir,static,div2k,4,blur,0.5,27,465,0.04264612173040708,25.863695526123045,0.04836686309427023,22.872938489913942,240,431.1106388568878,11730.311846971512
swinir,static,div2k,4,blur,0.5,28,480,0.04576431090633074,25.19650166829427,0.04884068827377632,22.868787670135497,240,410.6459970474243,12140.957844018936
swinir,static,div2k,4,blur,0.5,29,495,0.04227964505553246,26.451443735758463,0.04734360419679433,22.973687291145325,240,408.1395661830902,12549.097410202026
swinir,static,div2k,4,blur,0.5,30,510,0.0410598977158467,26.31189702351888,0.04875624304404482,22.86410437822342,240,423.68879222869873,12972.786202430725
swinir,static,div2k,4,blur,0.5,31,525,0.044761487593253456,25.756366729736328,0.05057994243688881,22.711194801330567,240,429.6676890850067,13402.453891515732
swinir,static,div2k,4,blur,0.5,32,540,0.04300732562939326,25.907751719156902,0.049269579199608414,22.848182058334352,240,427.9596540927887,13830.41354560852
swinir,static,div2k,4,blur,0.5,33,555,0.04121474126974742,26.38545061747233,0.04776344101410359,22.9773606300354,240,414.6477587223053,14245.061304330826
swinir,static,div2k,4,blur,0.5,34,570,0.0435001311202844,25.71807746887207,0.04709824649617076,23.034552454948425,240,413.0161600112915,14658.077464342117
swinir,static,div2k,4,blur,0.5,35,585,0.038713581611712775,27.036676025390626,0.04702065654564649,23.017430782318115,240,418.96910309791565,15077.046567440033
swinir,static,div2k,4,blur,0.5,36,600,0.04230114420255025,26.26682929992676,0.04634409955469891,23.093440413475037,240,440.9199059009552,15517.966473340988
swinir,static,div2k,4,blur,0.5,37,615,0.04258997365832329,26.317343521118165,0.049272224120795724,22.881368732452394,240,435.3027780056,15953.269251346588
swinir,static,div2k,4,blur,0.5,38,630,0.042961094280083975,26.164240137736,0.050165466743055734,22.802458071708678,240,407.7671868801117,16361.0364382267
swinir,static,div2k,4,blur,0.5,39,645,0.043909276152650514,25.989999135335285,0.05081763018388301,22.743107295036317,240,403.36250281333923,16764.39894104004
swinir,static,div2k,4,blur,0.5,40,660,0.04158182169000308,26.553906631469726,0.04781750717666,22.990525674819946,240,402.8667390346527,17167.26568007469
swinir,static,div2k,4,blur,0.5,41,675,0.041726295153299967,26.185428873697916,0.048362757777795196,22.959185671806335,240,404.1291768550873,17571.39485692978
swinir,static,div2k,4,blur,0.5,42,690,0.04132221962014834,26.37493527730306,0.04783815989503637,23.007082211971284,240,418.85231614112854,17990.247173070908
swinir,static,div2k,4,blur,0.5,43,705,0.04147107551495234,26.30196787516276,0.04641940701985732,23.10934237241745,240,403.22011709213257,18393.46729016304
swinir,static,div2k,4,blur,0.5,44,720,0.041074632108211516,26.677728525797527,0.04781313996063545,23.02362177371979,240,412.28529167175293,18805.752581834793
swinir,static,div2k,4,blur,0.5,45,735,0.038612269113461176,27.136211395263672,0.04602193792816252,23.148800933361052,240,407.9590542316437,19213.711636066437
swinir,static,div2k,4,blur,0.5,46,750,0.03741426318883896,27.489959081013996,0.048754680319689214,22.944789588451385,240,407.9748110771179,19621.686447143555
swinir,static,div2k,4,blur,0.5,47,765,0.03918271859486898,27.117554982503254,0.04634545051958412,23.14614826440811,240,423.5044209957123,20045.190868139267
swinir,static,div2k,4,blur,0.5,48,780,0.039945670093099274,26.879114786783855,0.04594556143274531,23.171187496185304,240,429.1709990501404,20474.361867189407
swinir,static,div2k,4,blur,0.5,49,795,0.04199345149099827,26.64423433939616,0.045753830159083006,23.197519636154176,240,427.5120220184326,20901.87388920784
swinir,static,div2k,4,blur,0.5,50,810,0.04055728788177172,26.686381403605143,0.05058521170867607,22.836399340629576,240,417.06067991256714,21318.934569120407
swinir,static,div2k,4,blur,0.5,51,825,0.04432044426600138,25.87086385091146,0.04792417066637426,23.006014251708983,240,420.04318404197693,21738.977753162384
swinir,static,div2k,4,blur,0.5,52,840,0.040293518205483755,26.998751068115233,0.0460059910081327,23.170415103435516,240,433.0530529022217,22172.030806064606
swinir,static,div2k,4,blur,0.5,53,855,0.03590879340966543,27.634082921346028,0.0463050814694725,23.17455151081085,240,422.844251871109,22594.875057935715
swinir,static,div2k,4,blur,0.5,54,870,0.042381967852513,25.97091064453125,0.04791211275150999,23.019298219680785,240,409.5335319042206,23004.408589839935
swinir,static,div2k,4,blur,0.5,55,885,0.038680707290768626,27.164458084106446,0.04721204574452713,23.11518396139145,240,427.96311497688293,23432.37170481682
swinir,static,div2k,4,blur,0.5,56,900,0.03804393808046977,27.18703816731771,0.04584209029562771,23.231438791751863,240,389.5112760066986,23821.882980823517
swinir,static,div2k,4,blur,0.5,57,915,0.03909801890452703,27.18158785502116,0.04736393025377765,23.100587284564973,240,396.1713352203369,24218.054316043854
swinir,static,div2k,4,blur,0.5,58,930,0.044400427987178165,26.38488655090332,0.047139324829913676,23.15430465936661,240,382.84433603286743,24600.89865207672
swinir,static,div2k,4,blur,0.5,59,945,0.04185986742377281,26.498302841186522,0.0455317841260694,23.256127178668976,240,388.60348415374756,24989.50213623047
swinir,static,div2k,4,blur,0.5,60,960,0.04065417523185412,26.78364626566569,0.046403879940044135,23.217938911914825,240,392.23495507240295,25381.73709130287
swinir,static,div2k,4,blur,0.5,61,975,0.03975112947324912,26.954859034220377,0.047783795755822214,23.06360490322113,240,382.8931200504303,25764.630211353302
swinir,static,div2k,4,blur,0.5,62,990,0.041653438657522204,26.1790033976237,0.047111237840726974,23.14987757205963,240,382.3482871055603,26146.978498458862
swinir,static,div2k,4,blur,0.5,63,1005,0.03953558852275212,26.97229092915853,0.04519493737025186,23.312925863265992,240,385.5189960002899,26532.497494459152
swinir,static,div2k,4,blur,0.5,64,1020,0.03796977748473485,27.5232240041097,0.04578481907956302,23.259428334236144,240,395.25346517562866,26927.75095963478
swinir,static,div2k,4,blur,0.5,65,1035,0.038109649593631424,27.57190856933594,0.04647547542117536,23.234423112869262,240,392.0157051086426,27319.766664743423
swinir,static,div2k,4,blur,0.5,66,1050,0.03892156121631463,27.155640029907225,0.046612583438400176,23.223506927490234,240,407.2364249229431,27727.003089666367
swinir,static,div2k,4,blur,0.5,67,1065,0.03966271827618281,26.795920435587565,0.046357295813504604,23.24634177684784,240,438.7161910533905,28165.719280719757
swinir,static,div2k,4,blur,0.5,68,1080,0.04228380819161733,26.404834874471028,0.04618298257701099,23.228414964675903,240,458.160532951355,28623.879813671112
swinir,static,div2k,4,blur,0.5,69,1095,0.03791958019137383,27.50175387064616,0.04737177804345265,23.168854475021362,240,452.67912888526917,29076.55894255638
swinir,static,div2k,4,blur,0.5,70,1110,0.038132957617441815,27.338914489746095,0.045751537231262775,23.284661102294923,240,455.94798398017883,29532.50692653656
swinir,static,div2k,4,blur,0.5,71,1125,0.04095369825760523,26.86011708577474,0.046089100011158735,23.256313109397887,240,448.8695418834686,29981.37646842003
swinir,static,div2k,4,blur,0.5,72,1140,0.03987589788933595,26.768165079752603,0.0469071964151226,23.229928517341612,240,424.76230001449585,30406.138768434525
swinir,static,div2k,4,blur,0.5,73,1155,0.039002322529753046,27.431738535563152,0.04520788356894627,23.356940197944642,240,435.13392210006714,30841.27269053459
swinir,static,div2k,4,blur,0.5,74,1170,0.04008318359653155,26.783586756388345,0.04653969355858863,23.248313856124877,240,438.81243324279785,31280.08512377739
swinir,static,div2k,4,blur,0.5,75,1185,0.042037270466486615,26.59386215209961,0.0458095314912498,23.307739448547363,240,396.3007490634918,31676.38587284088
swinir,static,div2k,4,blur,0.5,76,1200,0.03949335962533951,26.893938954671224,0.04495498825563118,23.411966586112975,240,409.9918432235718,32086.377716064453
swinir,static,div2k,4,blur,0.5,77,1215,0.03788620245953401,27.694212214152017,0.04574535411084071,23.36223759651184,240,391.94758009910583,32478.32529616356
swinir,static,div2k,4,blur,0.5,78,1230,0.03853588749965032,27.39443893432617,0.04485483497846872,23.439796924591064,240,381.3916962146759,32859.716992378235
swinir,static,div2k,4,blur,0.5,79,1245,0.03732704023520152,27.681654739379884,0.04443020751932636,23.47578420639038,240,401.37461376190186,33261.09160614014
swinir,static,div2k,4,blur,0.5,80,1260,0.038930809746185936,27.27452824910482,0.04387085952330381,23.530269384384155,240,402.82319498062134,33663.91480112076
swinir,static,div2k,4,blur,0.5,81,1275,0.03851906384030978,27.098177210489908,0.04442652331199497,23.50625674724579,240,395.6422128677368,34059.557013988495
swinir,static,div2k,4,blur,0.5,82,1290,0.03667362816631794,27.685823059082033,0.04513094454305246,23.4677001953125,240,397.7340159416199,34457.291029930115
swinir,static,div2k,4,blur,0.5,83,1305,0.037475478773315744,27.597783660888673,0.04681080281734466,23.324526882171632,240,397.7594518661499,34855.050481796265
swinir,static,div2k,4,blur,0.5,84,1320,0.04140071918567022,26.85005429585775,0.04462605918524787,23.56709167957306,240,409.1339011192322,35264.1843829155
swinir,static,div2k,4,blur,0.5,85,1335,0.03900375192364057,27.167267481486004,0.044708925555460154,23.576184725761415,240,417.6522448062897,35681.83662772179
swinir,static,div2k,4,blur,0.5,86,1350,0.03790009766817093,27.51626230875651,0.04485694965114817,23.57022852897644,240,411.9437758922577,36093.780403614044
swinir,static,div2k,4,blur,0.5,87,1365,0.04109310656785965,26.743799845377605,0.04890048715751618,23.242054414749145,240,419.49492502212524,36513.27532863617
swinir,static,div2k,4,blur,0.5,88,1380,0.039903053020437555,26.88833376566569,0.045217358088120815,23.629080152511598,240,392.74075984954834,36906.01608848572
swinir,static,div2k,4,blur,0.5,89,1395,0.04037720585862795,26.885717900594077,0.04501090702833608,23.613867926597596,240,402.0811970233917,37308.09728550911
swinir,static,div2k,4,blur,0.5,90,1410,0.04119077039261659,26.52371966044108,0.044754322292283176,23.735452127456664,240,412.5035922527313,37720.60087776184
swinir,static,div2k,4,blur,0.5,91,1425,0.037564015636841454,27.856819025675456,0.04334179018624127,23.844731879234313,240,420.12476086616516,38140.725638628006
swinir,static,div2k,4,blur,0.5,92,1440,0.03721949644386768,27.88954912821452,0.04403839858714491,23.786354207992552,240,419.09640407562256,38559.82204270363
swinir,static,div2k,4,blur,0.5,93,1455,0.03475206904113293,28.154495112101237,0.04264773145550862,23.929936027526857,240,444.849543094635,39004.67158579826
swinir,static,div2k,4,blur,0.5,94,1470,0.035388774673144024,28.25104751586914,0.042378927045501766,23.988524007797242,240,477.2305233478546,39481.90210914612
swinir,static,div2k,4,blur,0.5,95,1485,0.03647185936570167,27.715217971801756,0.04223147758748382,23.99726548194885,240,519.2766489982605,40001.17875814438
swinir,static,div2k,4,blur,0.5,96,1500,0.0372059720257918,27.61138407389323,0.04513782695867121,23.77252264022827,240,516.5163719654083,40517.69513010979
swinir,static,div2k,4,blur,0.5,97,1515,0.037740165491898854,27.407408396402996,0.04147408836288378,24.071033215522768,240,517.6619529724121,41035.3570830822
swinir,static,div2k,4,blur,0.5,98,1530,0.03563626557588577,28.322835540771486,0.041334116726648065,24.10371537208557,240,496.5716972351074,41531.92878031731
swinir,static,div2k,4,blur,0.5,99,1545,0.037512291222810745,27.9802495320638,0.04144250521203503,24.14849135875702,240,431.7485158443451,41963.67729616165
swinir,static,div2k,4,blur,0.5,100,1560,0.03590841268499692,28.05536003112793,0.04201298806583509,24.049462032318115,240,439.0060091018677,42402.68330526352
swinir,static,div2k,4,blur,0.5,101,1575,0.03646185671289762,27.795055135091147,0.04297967224847525,23.973603081703185,240,436.45166397094727,42839.13496923447
swinir,static,div2k,4,blur,0.5,102,1590,0.03515560229619344,28.230641174316407,0.043049756006803365,24.002085757255553,240,413.5717089176178,43252.706678152084
swinir,static,div2k,4,blur,0.5,103,1605,0.03512723135451476,28.04690259297689,0.042441688501276074,24.092765712738036,240,400.66191005706787,43653.36858820915
swinir,static,div2k,4,blur,0.5,104,1620,0.03772681429982185,27.655953216552735,0.04133812852669507,24.22314476966858,240,388.19833612442017,44041.56692433357
swinir,static,div2k,4,blur,0.5,105,1635,0.03616814737518628,28.463052368164064,0.04138122892472893,24.189681315422057,240,396.9040057659149,44438.47093009949
swinir,static,div2k,4,blur,0.5,106,1650,0.03598420557876428,27.95356992085775,0.04214947437867522,24.130575919151305,240,396.34016013145447,44834.81109023094
swinir,static,div2k,4,blur,0.5,107,1665,0.035915859416127204,27.701466878255207,0.04094332748791203,24.224856472015382,240,400.0453932285309,45234.85648345947
swinir,static,div2k,4,blur,0.5,108,1680,0.0334004578491052,28.911115137736,0.040893746551591906,24.22629907131195,240,406.6840310096741,45641.54051446915
swinir,static,div2k,4,blur,0.5,109,1695,0.04617342948913574,25.823865509033205,0.04156841852236539,24.185930609703064,240,415.9621801376343,46057.50269460678
swinir,static,div2k,4,blur,0.5,110,1710,0.04714260225494703,25.60525220235189,0.04575779656879604,23.790868496894838,240,435.6833839416504,46493.18607854843
swinir,static,div2k,4,blur,0.5,111,1725,0.04710963393251101,25.145168431599934,0.04362650809343904,23.984126496315003,240,430.5578758716583,46923.74395442009
swinir,static,div2k,4,blur,0.5,112,1740,0.04393273567159971,26.203029123942056,0.04154054805403575,24.204613995552062,240,420.4525077342987,47344.19646215439
swinir,static,div2k,4,blur,0.5,113,1755,0.04806896522641182,25.21053606669108,0.04130417857086286,24.18440270423889,240,410.7262079715729,47754.92267012596
swinir,static,div2k,4,blur,0.5,114,1770,0.04613829304774602,25.721177546183267,0.040946253517176956,24.28277208805084,240,400.46070313453674,48155.3833732605
swinir,static,div2k,4,blur,0.5,115,1785,0.044176254173119864,26.184654490152994,0.04052297320449725,24.333608031272888,240,418.7056739330292,48574.08904719353
swinir,static,div2k,4,blur,0.5,116,1800,0.04617099488774935,25.64038988749186,0.04134330485248938,24.269400906562804,240,424.5190660953522,48998.60811328888
swinir,static,div2k,4,blur,0.5,117,1815,0.043238619714975356,26.379413986206053,0.04021052833995782,24.385283207893373,240,422.92238998413086,49421.53050327301
swinir,static,div2k,4,blur,0.5,118,1830,0.042175907641649246,26.69413032531738,0.04048566009150818,24.371880340576173,240,405.12581396102905,49826.65631723404
swinir,static,div2k,4,blur,0.5,119,1845,0.04427221417427063,26.03822275797526,0.04161221666727215,24.284778547286987,240,411.9456901550293,50238.60200738907
swinir,static,div2k,4,blur,0.5,120,1860,0.046630987773338954,25.577141825358073,0.04266734375851229,24.18697781562805,240,411.5579741001129,50650.15998148918
swinir,static,div2k,4,blur,0.5,121,1875,0.043839943657318754,26.177245712280275,0.04016951761441305,24.404850316047668,240,417.41249680519104,51067.57247829437
swinir,static,div2k,4,blur,0.5,122,1890,0.04348115970691045,26.292217127482097,0.04003159068524838,24.434164381027223,240,415.6260757446289,51483.198554039
swinir,static,div2k,4,blur,0.5,123,1905,0.04409451186656952,26.217232513427735,0.042459710082039234,24.22685639858246,240,420.23590993881226,51903.434463977814
swinir,static,div2k,4,blur,0.5,124,1920,0.04785199984908104,25.404897435506186,0.04090448135975748,24.38075966835022,240,412.4994330406189,52315.93389701843
swinir,static,div2k,4,blur,0.5,125,1935,0.045620689541101454,25.861593755086265,0.039724436041433366,24.48597996234894,240,405.49171471595764,52721.42561173439
swinir,static,div2k,4,blur,0.5,126,1950,0.043246740847826,26.39062042236328,0.04042183934943751,24.373685240745544,240,418.59074902534485,53140.016360759735
swinir,static,div2k,4,blur,0.5,127,1965,0.04794387444853783,25.51391995747884,0.04056772198528051,24.431517481803894,240,412.04237389564514,53552.05873465538
swinir,static,div2k,4,blur,0.5,128,1980,0.046324872970581056,25.896084213256835,0.04056059493450448,24.439974784851074,240,427.5843152999878,53979.64304995537
swinir,static,div2k,4,blur,0.5,129,1995,0.04575561632712682,25.846639506022136,0.039862393017392604,24.482553839683533,240,428.6492691040039,54408.29231905937
swinir,static,div2k,4,blur,0.5,130,2010,0.0416417899231116,26.4913028717041,0.04036811195546761,24.407787680625916,240,417.7517318725586,54826.04405093193
swinir,static,div2k,4,blur,0.5,131,2025,0.04169935236374537,26.74771067301432,0.041084735549520704,24.406863307952882,240,421.7228181362152,55247.766869068146
swinir,static,div2k,4,blur,0.5,132,2040,0.04383659263451894,25.953933080037434,0.03982833585469052,24.485790133476257,240,421.42993092536926,55669.196799993515
swinir,static,div2k,4,blur,0.5,133,2055,0.044909768054882684,26.136398188273112,0.0395068688550964,24.568580985069275,240,423.0421450138092,56092.238945007324
swinir,static,div2k,4,blur,0.5,134,2070,0.04363190208872159,26.449172973632812,0.042583819397259505,24.277421236038208,240,427.4901542663574,56519.72909927368
swinir,static,div2k,4,blur,0.5,135,2085,0.044539785385131835,26.136965942382812,0.039921866252552715,24.541499137878418,240,418.9361090660095,56938.66520833969
swinir,static,div2k,4,blur,0.5,136,2100,0.04312243610620499,26.171998087565104,0.04147722141351551,24.29593300819397,240,400.4842689037323,57339.14947724342
swinir,static,div2k,4,blur,0.5,137,2115,0.042458274960517885,26.564000193277995,0.0397728210198693,24.555743074417116,240,419.4648358821869,57758.61431312561
swinir,static,div2k,4,blur,0.5,138,2130,0.04511305342117945,26.053275934855144,0.039298995421268045,24.608252668380736,240,434.11865997314453,58192.732973098755
swinir,static,div2k,4,blur,0.5,139,2145,0.04344589759906133,26.27999928792318,0.03972989452304319,24.551215958595275,240,425.18224692344666,58617.9152200222
swinir,static,div2k,4,blur,0.5,140,2160,0.04222715385258198,26.64118283589681,0.043796782940626146,24.15863103866577,240,425.77295112609863,59043.6881711483
swinir,static,div2k,4,blur,0.5,141,2175,0.04496113906304042,25.709133783976238,0.039336045243544504,24.576095962524413,240,417.00223684310913,59460.69040799141
swinir,static,div2k,4,blur,0.5,142,2190,0.04450780898332596,25.822071075439453,0.042865758598782125,24.07862570285797,240,412.1722640991211,59872.86267209053
swinir,static,div2k,4,blur,0.5,143,2205,0.044615399837493894,25.91830736796061,0.03944585508434102,24.571906280517577,240,422.30799889564514,60295.170670986176
swinir,static,div2k,4,blur,0.5,144,2220,0.04323224847515424,26.37811711629232,0.039031966519542036,24.644629573822023,240,419.5599238872528,60714.73059487343
swinir,static,div2k,4,blur,0.5,145,2235,0.04418604994813601,26.34316660563151,0.03865996524109505,24.652677178382874,240,414.87620973587036,61129.6068046093
swinir,static,div2k,4,blur,0.5,146,2250,0.04238890608151754,26.557451248168945,0.03980606851400807,24.55701401233673,240,406.733491897583,61536.34029650688
swinir,static,div2k,4,blur,0.5,147,2265,0.04256562516093254,26.701544570922852,0.039757876645307985,24.53305208683014,240,413.5441370010376,61949.88443350792
swinir,static,div2k,4,blur,0.5,148,2280,0.044325470179319384,26.13414103190104,0.04176419617142528,24.31133153438568,240,414.59068417549133,62364.47511768341
swinir,static,div2k,4,blur,0.5,149,2295,0.04489909882346789,26.109425354003907,0.040422176744323225,24.48930697441101,240,423.5452950000763,62788.02041268349
swinir,static,div2k,4,blur,0.5,150,2310,0.04303860763708751,26.300908915201823,0.04452875638380647,24.045362806320192,240,426.51232504844666,63214.53273773193
swinir,static,div2k,4,blur,0.5,151,2325,0.04592332070072492,25.99161008199056,0.04025058724218979,24.56535713672638,240,408.0590629577637,63622.5918006897
swinir,static,div2k,4,blur,0.5,152,2340,0.041856102148691815,26.9052183787028,0.0413372743409127,24.44142005443573,240,425.05843901634216,64047.65023970604
swinir,static,div2k,4,blur,0.5,153,2355,0.04308132752776146,25.986293029785156,0.040622007590718566,24.474480152130127,240,415.34137082099915,64462.99161052704
swinir,static,div2k,4,blur,0.5,154,2370,0.0443323848148187,26.3803586324056,0.03919930973788723,24.619826459884642,240,409.8370318412781,64872.82864236832
swinir,static,div2k,4,blur,0.5,155,2385,0.0450169121225675,25.943042500813803,0.039299208531156184,24.65840928554535,240,391.6316268444061,65264.46026921272
swinir,static,div2k,4,blur,0.5,156,2400,0.04119107599059741,26.93139165242513,0.038562800397630784,24.68623206615448,240,385.01249504089355,65649.47276425362
swinir,static,div2k,4,blur,0.5,157,2415,0.043746230006217954,26.339010747273765,0.0395360479131341,24.621174597740172,240,386.7982831001282,66036.27104735374
swinir,static,div2k,4,blur,0.5,158,2430,0.04259480324884256,26.336183293660483,0.038776445097755644,24.69505431652069,240,376.902850151062,66413.1738975048
swinir,static,div2k,4,blur,0.5,159,2445,0.0427125724653403,26.11223856608073,0.03914813600713387,24.577772450447082,240,368.3218879699707,66781.49578547478
swinir,static,div2k,4,blur,0.5,160,2460,0.041423417751987775,27.104820505777994,0.03914215556578711,24.634802889823913,240,388.3764019012451,67169.87218737602
swinir,static,div2k,4,blur,0.5,161,2475,0.041738252093394594,26.59858080546061,0.038627069600624966,24.709465003013612,240,383.4107382297516,67553.28292560577
swinir,static,div2k,4,blur,0.5,162,2490,0.03964197697738806,27.520703252156576,0.03844485634472221,24.73020734786987,240,386.6126527786255,67939.8955783844
swinir,static,div2k,4,blur,0.5,163,2505,0.043263189991315204,26.271212005615233,0.03882896262221038,24.695742654800416,240,376.10997104644775,68316.00554943085
swinir,static,div2k,4,blur,0.5,164,2520,0.04165768722693126,26.900574111938475,0.03998155960580334,24.591809105873107,240,397.56841802597046,68713.57396745682
swinir,static,div2k,4,blur,0.5,165,2535,0.04173613140980403,26.629504903157553,0.04260925187263638,24.22962260246277,240,415.6929659843445,69129.26693344116
swinir,static,div2k,4,blur,0.5,166,2550,0.044932871311903,25.961767705281577,0.03949190406128764,24.664278030395508,240,423.02259826660156,69552.28953170776
swinir,static,div2k,4,blur,0.5,167,2565,0.0419480820496877,26.657017517089844,0.03907708105398342,24.692057037353514,240,413.9210479259491,69966.21057963371
swinir,static,div2k,4,blur,0.5,168,2580,0.04122909406820933,26.713681411743163,0.03916736680548638,24.62909338474274,240,430.9954960346222,70397.20607566833
swinir,static,div2k,4,blur,0.5,169,2595,0.03949709323545297,27.30559565226237,0.03947639734251425,24.649744868278503,240,434.25947189331055,70831.46554756165
swinir,static,div2k,4,blur,0.5,170,2610,0.04263380741079648,26.341033935546875,0.03887338418280706,24.713388133049012,240,424.40115904808044,71255.86670660973
swinir,static,div2k,4,blur,0.5,171,2625,0.04235278864701589,26.468572235107423,0.042624662432353945,24.335265374183656,240,419.02116894721985,71674.88787555695
swinir,static,div2k,4,blur,0.5,172,2640,0.045254135876893996,25.81173439025879,0.039644904353190215,24.601833868026734,240,420.0455992221832,72094.93347477913
swinir,static,div2k,4,blur,0.5,173,2655,0.04484300290544828,26.06515744527181,0.039969366288278255,24.593614768981933,240,408.78298592567444,72503.7164607048
swinir,static,div2k,4,blur,0.5,174,2670,0.042775799582401915,26.51354866027832,0.039169904205482456,24.714425492286683,240,424.35671973228455,72928.07318043709
swinir,static,div2k,4,blur,0.5,175,2685,0.042182512829701105,26.501379903157552,0.03888052253751084,24.702625846862794,240,405.02136301994324,73333.09454345703
swinir,static,div2k,4,blur,0.5,176,2700,0.045669868340094885,25.556506729125978,0.03815121536608786,24.81117594242096,240,409.2936329841614,73742.38817644119
swinir,static,div2k,4,blur,0.5,177,2715,0.04109528698027134,27.39090321858724,0.03854790517943911,24.75850920677185,240,421.2094099521637,74163.59758639336
swinir,static,div2k,4,blur,0.5,178,2730,0.041456768910090126,26.80348892211914,0.03892819141037762,24.742420840263367,240,416.49481201171875,74580.09239840508
swinir,static,div2k,4,blur,0.5,179,2745,0.045360387116670606,25.75974438985189,0.038396304263733326,24.752232599258424,240,423.3562021255493,75003.44860053062
swinir,static,div2k,4,blur,0.5,180,2760,0.04449839827915033,26.313936233520508,0.04004968795925379,24.60743992328644,240,424.5429251194,75427.99152565002
swinir,static,div2k,4,blur,0.5,181,2775,0.04237590630849202,26.57363421122233,0.03846246401080862,24.7651246547699,240,417.32237005233765,75845.31389570236
swinir,static,div2k,4,blur,0.5,182,2790,0.039910988261302315,27.12083740234375,0.03843655454693362,24.753701901435853,240,398.7909908294678,76244.10488653183
swinir,static,div2k,4,blur,0.5,183,2805,0.04523722616334756,25.845313135782877,0.038489204528741536,24.711944103240967,240,418.51272082328796,76662.61760735512
swinir,static,div2k,4,blur,0.5,184,2820,0.041978263109922406,27.222689310709637,0.038273409905377774,24.80414836406708,240,439.3009009361267,77101.91850829124
swinir,static,div2k,4,blur,0.5,185,2835,0.04257401476303736,26.696293512980144,0.03847073374781758,24.7785915851593,240,428.0474419593811,77529.96595025063
swinir,static,div2k,4,blur,0.5,186,2850,0.04445261632402738,26.35719617207845,0.03800227429019287,24.833536243438722,240,416.00512504577637,77945.9710752964
swinir,static,div2k,4,blur,0.5,187,2865,0.03991127237677574,27.259209314982098,0.03793726807343774,24.83102376461029,240,416.22799801826477,78362.19907331467
swinir,static,div2k,4,blur,0.5,188,2880,0.04185414426028729,26.792161814371745,0.0399192169890739,24.616396522521974,240,423.46215081214905,78785.66122412682
swinir,static,div2k,4,blur,0.5,189,2895,0.04060961517194907,27.235846583048502,0.03903436060063541,24.718204259872437,240,424.7986400127411,79210.45986413956
swinir,static,div2k,4,blur,0.5,190,2910,0.043818298851450284,26.157092412312824,0.039003258501179514,24.679723024368286,240,415.2286891937256,79625.68855333328
swinir,static,div2k,4,blur,0.5,191,2925,0.04102711727221807,26.91808204650879,0.03809242913266644,24.838529586791992,240,413.1506040096283,80038.83915734291
swinir,static,div2k,4,blur,0.5,192,2940,0.04201364653805892,26.86789461771647,0.03840271084336564,24.79105188846588,240,430.8991050720215,80469.73826241493
swinir,static,div2k,4,blur,0.5,193,2955,0.044187621027231214,25.793807474772134,0.03831609613262117,24.811429500579834,240,411.2289080619812,80880.96717047691
swinir,static,div2k,4,blur,0.5,194,2970,0.04419017607967059,26.284628295898436,0.03842249958543107,24.7888121843338,240,417.5653238296509,81298.53249430656
swinir,static,div2k,4,blur,0.5,195,2985,0.04329892471432686,26.351549021402995,0.03908687254879624,24.750196599960326,240,426.3813371658325,81724.9138314724
swinir,static,div2k,4,blur,0.5,196,3000,0.04316571777065595,26.65912373860677,0.040415890340227634,24.61249804496765,240,414.572970867157,82139.48680233955
swinir,static,div2k,4,blur,0.5,197,3015,0.04217217614253362,26.569976806640625,0.03896511227358133,24.719092392921446,240,425.7679240703583,82565.25472640991
swinir,static,div2k,4,blur,0.5,198,3030,0.04158390785257022,26.842935434977214,0.039116155600640926,24.75839054584503,240,413.3280351161957,82978.58276152611
swinir,static,div2k,4,blur,0.5,199,3045,0.04153633403281371,26.592532475789387,0.03875876450911164,24.772611594200136,240,415.1427712440491,83393.72553277016
swinir,static,div2k,4,blur,0.5,200,3060,0.041544744124015175,27.08248087565104,0.03814195505110547,24.8380450963974,240,420.85990691185,83814.585439682
swinir,static,div2k,4,blur,0.5,201,3075,0.03990132547914982,27.411108271280924,0.0389287085738033,24.765879940986633,240,427.7817361354828,84242.36717581749
swinir,static,div2k,4,blur,0.5,202,3090,0.04041331348319848,26.833371988932292,0.03802855346584692,24.849203443527223,240,421.99458289146423,84664.36175870895
swinir,static,div2k,4,blur,0.5,203,3105,0.04331190002461274,26.65506782531738,0.03872188029345125,24.781781053543092,240,424.2255539894104,85088.58731269836
swinir,static,div2k,4,blur,0.5,204,3120,0.04163017943501472,26.611917114257814,0.03787002171156928,24.848016023635864,240,422.9128987789154,85511.50021147728
swinir,static,div2k,4,blur,0.5,205,3135,0.0403060312072436,26.84547233581543,0.040059570339508355,24.65703010559082,240,409.31594491004944,85920.81615638733
swinir,static,div2k,4,blur,0.5,206,3150,0.04201883574326833,26.890531667073567,0.039234767225570975,24.742793440818787,240,425.9210720062256,86346.73722839355
swinir,static,div2k,4,blur,0.5,207,3165,0.045219764361778894,25.83070576985677,0.038408017379697415,24.809373450279235,240,421.39561700820923,86768.13284540176
swinir,static,div2k,4,blur,0.5,208,3180,0.04312983180085818,26.2711004892985,0.03786689509288408,24.8557510137558,240,427.0208640098572,87195.15370941162
swinir,static,div2k,4,blur,0.5,209,3195,0.0427872767051061,26.651359430948894,0.037558202329091725,24.87630412578583,240,395.94022011756897,87591.09392952919
swinir,static,div2k,4,blur,0.5,210,3210,0.039862115308642386,27.093136596679688,0.0384585969033651,24.81618399620056,240,407.8600881099701,87998.95401763916
swinir,static,div2k,4,blur,0.5,211,3225,0.04193952158093452,26.6145139058431,0.03870004832278937,24.80755877494812,240,409.47062516212463,88408.42464280128
swinir,static,div2k,4,blur,0.5,212,3240,0.04316498264670372,26.297932434082032,0.039925045985728505,24.67990689277649,240,415.40998101234436,88823.83462381363
swinir,static,div2k,4,blur,0.5,213,3255,0.04172089211642742,26.309390767415366,0.03823131422977895,24.850390315055847,240,419.8372721672058,89243.67189598083
swinir,static,div2k,4,blur,0.5,214,3270,0.04145848738650481,26.354777781168618,0.0387774886097759,24.792909812927245,240,421.2228937149048,89664.89478969574
swinir,static,div2k,4,blur,0.5,215,3285,0.04245955248673757,26.428729756673178,0.0426438877126202,24.359554266929628,240,418.85813307762146,90083.75292277336
swinir,static,div2k,4,blur,0.5,216,3300,0.040758651494979856,26.63280372619629,0.04104764931835234,24.487985920906066,240,408.6022210121155,90492.35514378548
swinir,static,div2k,4,blur,0.5,217,3315,0.044324466089407606,26.379493967692056,0.04011426346842199,24.685718965530395,240,416.2653920650482,90908.62053585052
swinir,static,div2k,4,blur,0.5,218,3330,0.039950209607680635,26.95056699117025,0.039511663152370605,24.74550609588623,240,424.8790912628174,91333.49962711334
swinir,static,div2k,4,blur,0.5,219,3345,0.04440351873636246,25.727093760172526,0.04245265775825828,24.422231435775757,240,413.41035509109497,91746.90998220444
swinir,static,div2k,4,blur,0.5,220,3360,0.04923731486002604,25.726451619466147,0.03838896417873912,24.836378717422484,240,406.1489882469177,92153.05897045135
swinir,static,div2k,4,blur,0.5,221,3375,0.047163058817386624,26.091131083170573,0.03789594769477844,24.89594304561615,240,406.62621784210205,92559.68518829346
swinir,static,div2k,4,blur,0.5,222,3390,0.04340767065684001,26.946560668945313,0.03754679795820266,24.87740526199341,240,391.8279480934143,92951.51313638687
swinir,static,div2k,4,blur,0.5,223,3405,0.04451643501718839,26.180213165283202,0.038284541585017,24.865805077552796,240,407.02742290496826,93358.54055929184
swinir,static,div2k,4,blur,0.5,224,3420,0.0460556427637736,25.974127578735352,0.038121947826584804,24.852495622634887,240,409.48887491226196,93768.0294342041
swinir,static,div2k,4,blur,0.5,225,3435,0.04705849513411522,26.07868347167969,0.03753813622752204,24.947213673591612,240,416.607234954834,94184.63666915894
swinir,static,div2k,4,blur,0.5,226,3450,0.04865495301783085,25.887396748860677,0.038016064593102784,24.89254961013794,240,408.8234748840332,94593.46014404297
swinir,static,div2k,4,blur,0.5,227,3465,0.04433963398138682,26.587174479166666,0.038336136192083356,24.892178988456727,240,395.7988338470459,94989.25897789001
swinir,static,div2k,4,blur,0.5,228,3480,0.0450476810336113,26.258107630411782,0.04314713713247329,24.284566140174867,240,379.7518980503082,95369.01087594032
swinir,static,div2k,4,blur,0.5,229,3495,0.05028962418437004,24.99606704711914,0.038405912346206605,24.86363365650177,240,394.5252432823181,95763.53611922264
swinir,static,div2k,4,blur,0.5,230,3510,0.047845614204804106,25.57858378092448,0.038420112966559825,24.8718759059906,240,425.92330598831177,96189.45942521095
swinir,static,div2k,4,blur,0.5,231,3525,0.04527302136023839,26.22045135498047,0.03776142838178202,24.918035411834715,240,419.01840686798096,96608.47783207893
swinir,static,div2k,4,blur,0.5,232,3540,0.044040877868731815,26.432179387410482,0.03816598017001525,24.856074166297912,240,411.38645195961,97019.86428403854
swinir,static,div2k,4,blur,0.5,233,3555,0.043471363931894304,26.335574340820312,0.03789606736972928,24.85717041492462,240,410.2513048648834,97430.11558890343
swinir,static,div2k,4,blur,0.5,234,3570,0.046502890934546785,26.137826283772785,0.03913278965046629,24.774146056175233,240,420.49729776382446,97850.61288666725
swinir,static,div2k,4,blur,0.5,235,3585,0.046602333709597585,25.9457150777181,0.03818883699132129,24.845709872245788,240,425.40981578826904,98276.02270245552
swinir,static,div2k,4,blur,0.5,236,3600,0.04591525544722875,25.95233891805013,0.03768819732358679,24.92692036628723,240,418.4780979156494,98694.50080037117
swinir,static,div2k,4,blur,0.5,237,3615,0.045108614737788835,26.177631632486978,0.03734600975876674,24.964686608314516,240,420.2017297744751,99114.70253014565
swinir,static,div2k,4,blur,0.5,238,3630,0.04320558706919352,27.21307029724121,0.03798919782275334,24.92775218486786,240,401.4160203933716,99516.11855053902
swinir,static,div2k,4,blur,0.5,239,3645,0.04686298022667567,26.110508473714194,0.03691176767461002,25.00573673248291,240,393.0259110927582,99909.14446163177
swinir,static,div2k,4,blur,0.5,240,3660,0.04624817619721095,25.851148986816405,0.03748636232921854,24.93994519710541,240,420.1277940273285,100329.2722556591
swinir,static,div2k,4,blur,0.5,241,3675,0.04350900376836459,26.662440236409505,0.038171050534583625,24.8584933757782,240,431.7629806995392,100761.03523635864
swinir,static,div2k,4,blur,0.5,242,3690,0.04764511014024417,25.68862393697103,0.040479424758814275,24.660941314697265,240,426.70559906959534,101187.74083542824
swinir,static,div2k,4,blur,0.5,243,3705,0.04546124835809072,26.200486373901366,0.03739649668568745,24.987328219413758,240,423.8149061203003,101611.55574154854
swinir,static,div2k,4,blur,0.5,244,3720,0.04742314368486404,26.14249153137207,0.037254761287476866,24.976985144615174,240,420.49832820892334,102032.05406975746
swinir,static,div2k,4,blur,0.5,245,3735,0.04510277807712555,26.083866373697916,0.037377658463083205,24.972183179855346,240,423.1884181499481,102455.24248790741
swinir,static,div2k,4,blur,0.5,246,3750,0.045149846995870276,25.97412618001302,0.03718184339813888,24.999212622642517,240,420.380047082901,102875.62253499031
swinir,static,div2k,4,blur,0.5,247,3765,0.047401508192221324,25.49179547627767,0.03720827754586935,24.99006359577179,240,414.5738799571991,103290.19641494751
swinir,static,div2k,4,blur,0.5,248,3780,0.04512072975436846,26.26662317911784,0.03791694907704368,24.943943881988524,240,414.7329828739166,103704.92939782143
swinir,static,div2k,4,blur,0.5,249,3795,0.043021548787752786,26.964698155721027,0.03685818226076663,25.04485092163086,240,423.5257170200348,104128.45511484146
swinir,static,div2k,4,blur,0.5,250,3810,0.04614002580444018,26.44544677734375,0.04019097498385236,24.673520183563234,240,422.81516575813293,104551.2702805996
swinir,static,div2k,4,blur,0.5,251,3825,0.04567483390371005,26.127259063720704,0.03733340863836929,24.945553565025328,240,421.90654015541077,104973.176820755
swinir,static,div2k,4,blur,0.5,252,3840,0.0438231460750103,26.763876724243165,0.03822889031143859,24.94146845340729,240,423.0715401172638,105396.24836087227
swinir,static,div2k,4,blur,0.5,253,3855,0.046037992586692174,26.016225179036457,0.040612746682018044,24.60517375469208,240,416.62912702560425,105812.87748789787
swinir,static,div2k,4,blur,0.5,254,3870,0.04699198802312215,25.650446701049805,0.039415160776115954,24.81570656299591,240,414.069650888443,106226.94713878632
swinir,static,div2k,4,blur,0.5,255,3885,0.04603932326038678,25.659643173217773,0.039928870124276726,24.752448415756227,240,407.9486491680145,106634.89578795433
swinir,static,div2k,4,blur,0.5,256,3900,0.04338196615378062,26.666881815592447,0.040558602020610124,24.58861677646637,240,411.56496572494507,107046.46075367928
swinir,static,div2k,4,blur,0.5,257,3915,0.04433778151869774,26.283992767333984,0.039003751415293664,24.86963560581207,240,422.5981981754303,107469.0589518547
swinir,static,div2k,4,blur,0.5,258,3930,0.045073313638567924,26.058235677083335,0.03701412341906689,25.054834365844727,240,396.4700081348419,107865.52895998955
swinir,static,div2k,4,blur,0.5,259,3945,0.04766148552298546,26.037678909301757,0.03712308144313283,25.0352840423584,240,426.30680680274963,108291.8357667923
swinir,static,div2k,4,blur,0.5,260,3960,0.043012741828958194,27.08546562194824,0.03742676730034873,24.965052008628845,240,421.3106679916382,108713.14643478394
swinir,static,div2k,4,blur,0.5,261,3975,0.04317891175548236,27.156215794881184,0.037175585189834236,25.05402262210846,240,405.9040060043335,109119.05044078827
swinir,static,div2k,4,blur,0.5,262,3990,0.0451309305926164,26.161324818929035,0.03799925803905353,24.972399067878722,240,408.78892183303833,109527.83936262131
swinir,static,div2k,4,blur,0.5,263,4005,0.04329269888500373,26.70366999308268,0.03717157000792213,25.077154517173767,240,417.60439705848694,109945.4437596798
swinir,static,div2k,4,blur,0.5,264,4020,0.046226399640242256,25.900218073527018,0.037376706930808724,24.984451365470886,240,416.4461419582367,110361.88990163803
swinir,static,div2k,4,blur,0.5,265,4035,0.04186318802336852,27.04349988301595,0.036787806515349075,25.062815976142883,240,421.01548624038696,110782.90538787842
swinir,static,div2k,4,blur,0.5,266,4050,0.043782560527324675,26.29569206237793,0.03630592229310423,25.141334676742552,240,414.5160081386566,111197.42139601707
swinir,static,div2k,4,blur,0.5,267,4065,0.04394748123983542,26.659877395629884,0.03656196504016407,25.10646164417267,240,408.56857800483704,111605.98997402191
swinir,static,div2k,4,blur,0.5,268,4080,0.04349553858240445,27.094021224975585,0.03675617116387002,25.094804191589354,240,412.987642288208,112018.97761631012
swinir,static,div2k,4,blur,0.5,269,4095,0.04643760944406192,25.90045560201009,0.03718363103689626,25.045078730583192,240,421.5605049133301,112440.53812122345
swinir,static,div2k,4,blur,0.5,270,4110,0.04482445617516836,26.649170939127604,0.03719720540102571,25.01629295349121,240,422.7054500579834,112863.24357128143
swinir,static,div2k,4,blur,0.5,271,4125,0.0451182521879673,26.322605260213216,0.03832337057683617,24.974236392974852,240,415.5612540245056,113278.80482530594
swinir,static,div2k,4,blur,0.5,272,4140,0.04387605624894301,26.74413515726725,0.03725158821325749,25.071790266036988,240,428.9002728462219,113707.70509815216
swinir,static,div2k,4,blur,0.5,273,4155,0.04528083652257919,26.33076540629069,0.036587544390931724,25.132183480262757,240,410.0083420276642,114117.71344017982
swinir,static,div2k,4,blur,0.5,274,4170,0.04599084456761678,26.093377304077148,0.03721914911875501,25.07630228996277,240,427.6768870353699,114545.3903272152
swinir,static,div2k,4,blur,0.5,275,4185,0.046898641437292096,25.91850814819336,0.03710456335684285,25.076328206062318,240,418.970645904541,114964.36097311974
swinir,static,div2k,4,blur,0.5,276,4200,0.045697060972452165,26.019363149007162,0.03681561878183857,25.083803963661193,240,421.02182388305664,115385.38279700279
swinir,static,div2k,4,blur,0.5,277,4215,0.04378111983338992,26.872076670328777,0.03615135045256466,25.17882070541382,240,417.3755977153778,115802.75839471817
swinir,static,div2k,4,blur,0.5,278,4230,0.04756237988670667,26.16251983642578,0.0366720685036853,25.12415192127228,240,421.6977171897888,116224.45611190796
swinir,static,div2k,4,blur,0.5,279,4245,0.043516285220781964,27.174735641479494,0.03648641010513529,25.15947833061218,240,409.3633840084076,116633.81949591637
swinir,static,div2k,4,blur,0.5,280,4260,0.04671303406357765,26.179149373372397,0.037781273620203136,24.989654064178467,240,415.9844608306885,117049.80395674706
swinir,static,div2k,4,blur,0.5,281,4275,0.04762411043047905,25.918932342529295,0.03907606267603114,24.889402985572815,240,424.6469099521637,117474.45086669922
swinir,static,div2k,4,blur,0.5,282,4290,0.04376061136523882,26.47206891377767,0.03788816055748612,25.02933621406555,240,417.2227363586426,117891.67360305786
swinir,static,div2k,4,blur,0.5,283,4305,0.04694027254978816,26.038390604654946,0.03943338393000886,24.812210750579833,240,412.97154688835144,118304.64514994621
swinir,static,div2k,4,blur,0.5,284,4320,0.045179682224988936,26.308736165364582,0.03710194886662066,25.141877031326295,240,414.4235808849335,118719.06873083115
swinir,static,div2k,4,blur,0.5,285,4335,0.04413517192006111,26.86270243326823,0.036347850307356565,25.172811031341553,240,426.8019678592682,119145.87069869041
swinir,static,div2k,4,blur,0.5,286,4350,0.044962939868370695,26.438484064737956,0.03646219281945377,25.17344958782196,240,420.3730568885803,119566.243755579
swinir,static,div2k,4,blur,0.5,287,4365,0.04452409185469151,26.50752919514974,0.03667139421449974,25.185079908370973,240,417.256707906723,119983.50046348572
swinir,static,div2k,4,blur,0.5,288,4380,0.04197456936041514,27.318165079752603,0.03603852119413205,25.218152952194213,240,405.7083308696747,120389.20879435539
swinir,static,div2k,4,blur,0.5,289,4395,0.043759715557098386,26.84955711364746,0.04050885352771729,24.738850688934328,240,401.40807461738586,120790.61686897278
swinir,static,div2k,4,blur,0.5,290,4410,0.04751553957660993,25.548858388264975,0.03860287534771487,24.945940566062927,240,405.367595911026,121195.9844648838
swinir,static,div2k,4,blur,0.5,291,4425,0.04601299986243248,25.693430455525718,0.03661648687557317,25.150054621696473,240,418.75819182395935,121614.74265670776
swinir,static,div2k,4,blur,0.5,292,4440,0.04560252328713735,26.19428316752116,0.03635715408017859,25.197687196731568,240,425.94348192214966,122040.68613862991
swinir,static,div2k,4,blur,0.5,293,4455,0.04385956351955732,26.99721794128418,0.03601596073131077,25.253243732452393,240,422.8404760360718,122463.52661466599
swinir,static,div2k,4,blur,0.5,294,4470,0.04593287358681361,26.250816090901694,0.03589373236754909,25.24039967060089,240,411.9959819316864,122875.52259659767
swinir,static,div2k,4,blur,0.5,295,4485,0.043834955493609114,26.74624760945638,0.03698707630392164,25.157607769966127,240,395.35581612586975,123270.87841272354
swinir,static,div2k,4,blur,0.5,296,4500,0.04325635979572932,26.863298161824545,0.03717587565770373,25.156956052780153,240,384.9249110221863,123655.80332374573
swinir,static,div2k,4,blur,0.5,297,4515,0.04456078037619591,26.570498911539712,0.03584725902765058,25.29368305206299,240,420.6185109615326,124076.42183470726
swinir,static,div2k,4,blur,0.5,298,4530,0.0456224170823892,26.283937962849937,0.035839143575867635,25.30519413948059,240,411.63363218307495,124488.05546689034
swinir,static,div2k,4,blur,0.5,299,4545,0.04256038616100947,27.083708318074546,0.0357952096441295,25.29474005699158,240,418.48703718185425,124906.54250407219
swinir,static,div2k,4,blur,0.5,300,4560,0.04466478936374187,26.455015436808267,0.03581474162056111,25.31713411808014,240,416.031672000885,125322.57417607307
swinir,static,div2k,4,blur,0.5,301,4575,0.04196017061670621,27.00637372334798,0.03649312586057931,25.18445477485657,240,404.4311509132385,125727.00532698631
swinir,static,div2k,4,blur,0.5,302,4590,0.04291325608889262,26.614073944091796,0.03640184839605354,25.281960248947144,240,402.77882170677185,126129.78414869308
swinir,static,div2k,4,blur,0.5,303,4605,0.045231677840153375,26.20405476888021,0.03586197997792624,25.32171106338501,240,411.54760909080505,126541.33175778389
swinir,static,div2k,4,blur,0.5,304,4620,0.04299417957663536,26.595008850097656,0.036798787652514875,25.235170245170593,240,418.2257490158081,126959.5575067997
swinir,static,div2k,4,blur,0.5,305,4635,0.04628362730145454,25.780280558268228,0.03916843165643513,24.905505180358887,240,406.810005903244,127366.36751270294
swinir,static,div2k,4,blur,0.5,306,4650,0.04589553400874138,25.83443768819173,0.03793439007131383,25.102954697608947,240,394.67811584472656,127761.04562854767
swinir,static,div2k,4,blur,0.5,307,4665,0.047745924443006516,25.65123608907064,0.036140310438349844,25.25752067565918,240,392.26430082321167,128153.30992937088
swinir,static,div2k,4,blur,0.5,308,4680,0.04490302155415217,26.217417907714843,0.03563812065403908,25.34305398464203,240,387.9593381881714,128541.26926755905
swinir,static,div2k,4,blur,0.5,309,4695,0.04486902952194214,26.05895881652832,0.035818164731608704,25.327310061454774,240,395.46069502830505,128936.72996258736
swinir,static,div2k,4,blur,0.5,310,4710,0.04372049967447917,26.841335678100585,0.03620930647011846,25.268117570877074,240,396.17408895492554,129332.90405154228
swinir,static,div2k,4,blur,0.5,311,4725,0.042052556822697325,26.908464686075845,0.03623881470994093,25.270449209213258,240,394.8145899772644,129727.71864151955
swinir,static,div2k,4,blur,0.5,312,4740,0.04279096461832523,26.84730733235677,0.037131712550763044,25.147265124320985,240,391.67490100860596,130119.39354252815
swinir,static,div2k,4,blur,0.5,313,4755,0.044507014006376265,26.151220321655273,0.035804604971781374,25.297202825546265,240,386.6418921947479,130506.0354347229
swinir,static,div2k,4,blur,0.5,314,4770,0.04345869198441506,26.701247787475587,0.03713753493502736,25.182934093475343,240,393.26174211502075,130899.29717683792
swinir,static,div2k,4,blur,0.5,315,4785,0.04500624649226666,25.873650868733723,0.03750933150295168,25.146787214279176,240,407.52539682388306,131306.8225736618
swinir,static,div2k,4,blur,0.5,316,4800,0.04469888831178347,26.143806584676106,0.03883495767368004,24.974379587173463,240,397.851145029068,131704.67371869087
swinir,static,div2k,4,blur,0.5,317,4815,0.04494753653804461,25.940483601888022,0.037599903775844726,25.083962845802308,240,392.0247149467468,132096.69843363762
swinir,static,div2k,4,blur,0.5,318,4830,0.045583899567524594,26.31096216837565,0.036890236183535305,25.258272290229797,240,414.2290840148926,132510.9275176525
swinir,static,div2k,4,blur,0.5,319,4845,0.04504963606595993,26.19548161824544,0.03581137405708432,25.372112703323364,240,397.2384738922119,132908.16599154472
swinir,static,div2k,4,blur,0.5,320,4860,0.04308909972508748,26.47204157511393,0.03654509197222069,25.28009874820709,240,404.77542996406555,133312.9414215088
swinir,static,div2k,4,blur,0.5,321,4875,0.04525424713889758,26.164689381917317,0.03626226169290021,25.315356850624084,240,407.94465923309326,133720.88608074188
swinir,static,div2k,4,blur,0.5,322,4890,0.04654518018166224,25.842545064290366,0.035954791912809016,25.372211575508118,240,402.1863808631897,134123.07246160507
swinir,static,div2k,4,blur,0.5,323,4905,0.04380669854581356,26.838923263549805,0.035468304640380664,25.417147946357726,240,395.55563712120056,134518.62809872627
swinir,static,div2k,4,blur,0.5,324,4920,0.04359028860926628,26.75322697957357,0.035598506376845765,25.386707997322084,240,409.1240327358246,134927.7521314621
swinir,static,div2k,4,blur,0.5,325,4935,0.04506391435861588,26.409962590535482,0.03602072624489665,25.3357013463974,240,416.3550281524658,135344.10715961456
swinir,static,div2k,4,blur,0.5,326,4950,0.04602343638737996,25.878947830200197,0.0371627951040864,25.16913866996765,240,432.23369908332825,135776.3408586979
swinir,static,div2k,4,blur,0.5,327,4965,0.04303957199056943,26.78237533569336,0.036071236041607335,25.35059013366699,240,425.01845598220825,136201.3593146801
swinir,static,div2k,4,blur,0.5,328,4980,0.04518369535605113,26.178313064575196,0.03634685380384326,25.321083760261537,240,439.3086199760437,136640.66793465614
swinir,static,div2k,4,blur,0.5,329,4995,0.042558790743350984,26.598746490478515,0.0375094213639386,25.187609910964966,240,430.0222210884094,137070.69015574455
swinir,static,div2k,4,blur,0.5,330,5010,0.042573885371287666,27.16982955932617,0.036147677747067064,25.313864254951476,240,415.77440881729126,137486.46456456184
swinir,online,div2k,4,blur,0.5,0,14,0.19908611448826613,14.239035465099194,0.09792794538661838,18.044666874408723,216,422.03226804733276,422.03226804733276
swinir,online,div2k,4,blur,0.5,1,28,0.09862532190702579,17.93557075217918,0.07203968151006848,20.22631812095642,216,400.2893750667572,822.32164311409
swinir,online,div2k,4,blur,0.5,2,42,0.08753631015618642,18.918156305948894,0.07081349629443139,20.446489083766938,216,424.22813177108765,1246.5497748851776
swinir,online,div2k,4,blur,0.5,3,56,0.08412408773545865,19.394223672372323,0.07416995093226433,20.22625970840454,216,419.7562749385834,1666.306049823761
swinir,online,div2k,4,blur,0.5,4,70,0.07475724154048496,20.295905784324365,0.06562985521741212,20.845742201805116,216,419.3281321525574,2085.6341819763184
swinir,online,div2k,4,blur,0.5,5,84,0.06756935710156406,21.043391898826318,0.060514638246968386,21.36484216451645,216,424.06731510162354,2509.701497077942
swinir,online,div2k,4,blur,0.5,6,98,0.06359460398002907,21.60991788793493,0.05931857812684029,21.502261137962343,216,428.83759689331055,2938.5390939712524
swinir,online,div2k,4,blur,0.5,7,112,0.05587307032611635,22.643049028184677,0.056116596306674184,21.762471973896027,216,424.054456949234,3362.5935509204865
swinir,online,div2k,4,blur,0.5,8,126,0.05700768075055546,22.73743580005787,0.05428733543958515,22.011925184726714,216,430.71551609039307,3793.3090670108795
swinir,online,div2k,4,blur,0.5,9,140,0.05561736488231906,22.740920879222728,0.05303228807169944,22.133069264888764,216,426.627014875412,4219.9360818862915
swinir,online,div2k,4,blur,0.5,10,154,0.05591650527936441,22.974187003241646,0.06164156598970294,21.4560045003891,216,402.363498210907,4622.2995800971985
swinir,online,div2k,4,blur,0.5,11,168,0.05444191161681105,23.260432631881148,0.05419401180697605,22.119820761680604,216,418.13472604751587,5040.434306144714
swinir,online,div2k,4,blur,0.5,12,182,0.05491585601811056,23.32646588925962,0.06235575093887746,21.43614743947983,216,417.0765960216522,5457.510902166367
swinir,online,div2k,4,blur,0.5,13,196,0.05737656272119946,22.89791276719835,0.05817493593785912,21.77714396715164,216,418.4154167175293,5875.926318883896
swinir,online,div2k,4,blur,0.5,14,210,0.05485153184444816,23.301244382505065,0.05272869626060128,22.25262533426285,216,455.5926959514618,6331.519014835358
swinir,online,div2k,4,blur,0.5,15,224,0.0508041910275265,24.02900830021611,0.054832519381307065,22.08681356906891,216,403.6317219734192,6735.150736808777
swinir,online,div2k,4,blur,0.5,16,238,0.04689668367306391,24.634043587578667,0.05829094406217337,21.937039744853973,216,391.04613995552063,7126.1968767642975
swinir,online,div2k,4,blur,0.5,17,252,0.05044508421862567,24.105793211195206,0.0510366118280217,22.44471937417984,216,393.73677802085876,7519.933654785156
swinir,online,div2k,4,blur,0.5,18,266,0.04917421191930771,24.424856468483252,0.051652006013318895,22.447269880771636,216,384.11554288864136,7904.049197673798
swinir,online,div2k,4,blur,0.5,19,280,0.04574508799446954,25.100301248055917,0.05153915786650032,22.47185297012329,216,383.4311099052429,8287.48030757904
swinir,online,div2k,4,blur,0.5,20,294,0.04719192755443079,24.759769722267432,0.05111287839245051,22.54133813381195,216,401.26703214645386,8688.747339725494
swinir,online,div2k,4,blur,0.5,21,308,0.04196133230019499,25.63543227866844,0.051551053090952335,22.45154139995575,216,402.33226203918457,9091.079601764679
swinir,online,div2k,4,blur,0.5,22,322,0.04319021078171553,25.56327890466761,0.049244117084890605,22.68243600130081,216,394.66186332702637,9485.741465091705
swinir,online,div2k,4,blur,0.5,23,336,0.04546638854123928,25.05747886940285,0.04959381044609472,22.689545595645903,216,402.3326196670532,9888.074084758759
swinir,online,div2k,4,blur,0.5,24,350,0.04658320780705522,24.790755377875435,0.05252664959989488,22.46380068063736,216,392.9784712791443,10281.052556037903
swinir,online,div2k,4,blur,0.5,25,364,0.044154092531513284,25.27879015604655,0.048423444817308335,22.769601571559907,216,400.4390559196472,10681.49161195755
swinir,online,div2k,4,blur,0.5,26,378,0.04435957968235016,25.427509449146413,0.04872160672675818,22.763708794116972,216,405.0692789554596,11086.56089091301
swinir,online,div2k,4,blur,0.5,27,392,0.04252163037933685,25.861262921933776,0.04917205121601,22.750620305538177,216,401.34348225593567,11487.904373168945
swinir,online,div2k,4,blur,0.5,28,406,0.0408751685862188,25.936779446072048,0.04947436997899786,22.75109750032425,216,418.22679924964905,11906.131172418594
swinir,online,div2k,4,blur,0.5,29,420,0.04388108076872649,25.532695911548757,0.04907796583138406,22.77439389228821,216,405.6557459831238,12311.786918401718
swinir,online,div2k,4,blur,0.5,30,434,0.04238848912495154,25.485235426161026,0.04914824169827625,22.762830591201784,216,410.3500699996948,12722.136988401413
swinir,online,div2k,4,blur,0.5,31,448,0.043827221625381045,25.599107954237198,0.04944895989028737,22.744097006320953,216,406.8650162220001,13129.002004623413
swinir,online,div2k,4,blur,0.5,32,462,0.04706667639591076,24.776501408329718,0.048543784255161884,22.851456534862518,216,416.01108717918396,13545.013091802597
swinir,online,div2k,4,blur,0.5,33,476,0.04239290221421807,25.676744672987198,0.05004017129540443,22.73122193813324,216,418.84081387519836,13963.853905677795
swinir,online,div2k,4,blur,0.5,34,490,0.041385246647728816,25.947426407425493,0.047655394079629335,22.923258662223816,216,409.9462788105011,14373.800184488297
swinir,online,div2k,4,blur,0.5,35,504,0.04042945181330045,25.866011654889142,0.04766570150386542,22.923897790908814,216,407.70188903808594,14781.502073526382
swinir,online,div2k,4,blur,0.5,36,518,0.04273237301795571,25.608760409884983,0.04785131891258061,22.922795522212983,216,402.95719504356384,15184.459268569946
swinir,online,div2k,4,blur,0.5,37,532,0.04256278000496052,25.89892945466218,0.04854719447903335,22.880966591835023,216,384.4142129421234,15568.87348151207
swinir,online,div2k,4,blur,0.5,38,546,0.042025584106644,25.835015897397643,0.04910845041740686,22.81545820236206,216,412.17542910575867,15981.048910617828
swinir,online,div2k,4,blur,0.5,39,560,0.04205447683731715,25.85618711400915,0.049010254989843814,22.85053837299347,216,415.96179008483887,16397.010700702667
swinir,online,div2k,4,blur,0.5,40,574,0.042854744389101314,25.929199289392542,0.05156480590812862,22.634806418418883,216,401.82872581481934,16798.839426517487
swinir,online,div2k,4,blur,0.5,41,588,0.04343460307077125,25.53179712648745,0.05055986632360145,22.781676983833314,216,398.7981390953064,17197.637565612793
swinir,online,div2k,4,blur,0.5,42,602,0.04402988914538313,25.532504540902597,0.05499561615288258,22.429223775863647,216,408.0645091533661,17605.70207476616
swinir,online,div2k,4,blur,0.5,43,616,0.04020473278231091,26.26143024585865,0.046784841164480895,23.05671422481537,216,407.0053780078888,18012.707452774048
swinir,online,div2k,4,blur,0.5,44,630,0.04082671690870215,26.23444754989059,0.04759327673818916,22.997100985050203,216,418.9351921081543,18431.642644882202
swinir,online,div2k,4,blur,0.5,45,644,0.04165848813675068,26.09280049359357,0.047512672911398116,23.00811733007431,216,402.9608488082886,18834.60349369049
swinir,online,div2k,4,blur,0.5,46,658,0.03983773511868936,26.31340973465531,0.04753733272664249,23.01748172044754,216,398.3401038646698,19232.94359755516
swinir,online,div2k,4,blur,0.5,47,672,0.037798974525045465,26.977857731006765,0.047769928653724494,22.9897754073143,216,397.71914291381836,19630.66274046898
swinir,online,div2k,4,blur,0.5,48,686,0.03938223490560496,26.27447043524848,0.04845968633890152,22.90377527475357,216,416.44378900527954,20047.10652947426
swinir,online,div2k,4,blur,0.5,49,700,0.04127530450070346,25.98143238491482,0.048408659547567366,22.980789732933044,216,405.7417027950287,20452.848232269287
swinir,online,div2k,4,blur,0.5,50,714,0.04103934778659432,26.024794613873517,0.046549962274730204,23.104561114311217,216,404.05066776275635,20856.898900032043
swinir,online,div2k,4,blur,0.5,51,728,0.040273476116083284,26.304356469048393,0.053821615502238275,22.49083250761032,216,399.4611451625824,21256.360045194626
swinir,online,div2k,4,blur,0.5,52,742,0.0428462870143078,25.924109776814777,0.05073067643679678,22.780952644348144,216,413.7112147808075,21670.071259975433
swinir,online,div2k,4,blur,0.5,53,756,0.038372160659896,26.614966498480904,0.04715175804449245,23.056761276721954,216,404.44563579559326,22074.516895771027
swinir,online,div2k,4,blur,0.5,54,770,0.04136504315667682,25.924904152199073,0.047417630499694496,23.070047187805176,216,402.6018829345703,22477.118778705597
swinir,online,div2k,4,blur,0.5,55,784,0.038190708530169946,26.458378544560187,0.04781777550233528,23.053476226329803,216,400.7250397205353,22877.843818426132
swinir,online,div2k,4,blur,0.5,56,798,0.03856565734302556,26.898799684312607,0.04722243300639093,23.07358502149582,216,386.7696499824524,23264.613468408585
swinir,online,div2k,4,blur,0.5,57,812,0.03918622572112967,26.400088557490594,0.049619313632138076,22.888073647022246,216,385.12780380249023,23649.741272211075
swinir,online,div2k,4,blur,0.5,58,826,0.04151252298443406,26.08648745218913,0.050355213787406684,22.780509412288666,216,400.57053685188293,24050.311809062958
swinir,online,div2k,4,blur,0.5,59,840,0.04335467951993147,25.64785201461227,0.04822631818242371,23.01658489704132,216,396.2842538356781,24446.596062898636
swinir,online,div2k,4,blur,0.5,60,854,0.04089653188431704,26.140161726209854,0.04777819934533909,23.042322266101838,216,400.69232296943665,24847.288385868073
swinir,online,div2k,4,blur,0.5,61,868,0.038840192473597,26.538126910174334,0.04693295382894576,23.12581388950348,216,404.1633050441742,25251.451690912247
swinir,online,div2k,4,blur,0.5,62,882,0.039435319050594615,26.65713557490596,0.04683061190880835,23.163374376296996,216,396.0376048088074,25647.489295721054
swinir,online,div2k,4,blur,0.5,63,896,0.04182258662250307,25.977200543438947,0.046738612768240276,23.145879125595094,216,394.0864419937134,26041.575737714767
swinir,online,div2k,4,blur,0.5,64,910,0.04026686979664697,26.254150531910085,0.046950053377076986,23.139123845100404,216,399.07715702056885,26440.652894735336
swinir,online,div2k,4,blur,0.5,65,924,0.03667320442144518,27.196198993259006,0.04586283044191077,23.219706749916078,216,399.6658351421356,26840.318729877472
swinir,online,div2k,4,blur,0.5,66,938,0.03884426814814409,26.671478977909796,0.04599716641241684,23.218145859241485,216,386.6367611885071,27226.95549106598
swinir,online,div2k,4,blur,0.5,67,952,0.03849866420582489,26.771490591543692,0.04594688010402024,23.221832370758058,216,411.5758247375488,27638.531315803528
swinir,online,div2k,4,blur,0.5,68,966,0.0374860018491745,27.17087858694571,0.04698372650891543,23.139501023292542,216,407.7018313407898,28046.233147144318
swinir,online,div2k,4,blur,0.5,69,980,0.038384368643164635,27.052049071700484,0.04880174216814339,22.989056205749513,216,413.96968698501587,28460.202834129333
swinir,online,div2k,4,blur,0.5,70,994,0.03952674153778288,26.570911760683412,0.05196179251652211,22.77462387084961,216,411.7087781429291,28871.911612272263
swinir,online,div2k,4,blur,0.5,71,1008,0.04313097204323168,25.77877214219835,0.04723436213098466,23.122140431404112,216,414.9472870826721,29286.858899354935
swinir,online,div2k,4,blur,0.5,72,1022,0.040364719099468656,26.175474943938077,0.04602212616009638,23.211482417583465,216,398.91347908973694,29685.77237844467
swinir,online,div2k,4,blur,0.5,73,1036,0.03927794747330524,26.505536962438512,0.04656487723113969,23.2057425737381,216,403.2449200153351,30089.017298460007
swinir,online,div2k,4,blur,0.5,74,1050,0.04045519177560453,26.136291080051,0.045985337882302704,23.262658143043517,216,411.43394780158997,30500.451246261597
swinir,online,div2k,4,blur,0.5,75,1064,0.03828505468037394,26.658347800925927,0.04713844507932663,23.160338616371156,216,412.23120284080505,30912.6824491024
swinir,online,div2k,4,blur,0.5,76,1078,0.03721622212065591,27.32029625221535,0.04509343373356387,23.32706685066223,216,411.4349377155304,31324.117386817932
swinir,online,div2k,4,blur,0.5,77,1092,0.03689919598400593,26.95573079144513,0.045318139682058244,23.307476425170897,216,418.10735416412354,31742.224740982056
swinir,online,div2k,4,blur,0.5,78,1106,0.03830026904190028,26.80800974810565,0.04535827714717015,23.326626110076905,216,403.40774607658386,32145.63248705864
swinir,online,div2k,4,blur,0.5,79,1120,0.041224521619302255,26.37877923470956,0.04948200453072786,22.99865539073944,216,424.4699709415436,32570.102458000183
swinir,online,div2k,4,blur,0.5,80,1134,0.04058536266287168,26.396272518016673,0.048303484660573305,23.04333734512329,216,414.4397203922272,32984.54217839241
swinir,online,div2k,4,blur,0.5,81,1148,0.040587168738797856,26.531555670279044,0.04492935556918383,23.361079120635985,216,418.63886070251465,33403.181039094925
swinir,online,div2k,4,blur,0.5,82,1162,0.0377760104559086,26.811623326054328,0.045005089277401565,23.367980313301086,216,421.2625341415405,33824.443573236465
swinir,online,div2k,4,blur,0.5,83,1176,0.03611518801362426,27.116651605676722,0.04504422679310664,23.345216512680054,216,421.4055061340332,34245.8490793705
swinir,online,div2k,4,blur,0.5,84,1190,0.038185210829531704,26.82288289953161,0.045978455105796456,23.291445660591126,216,412.51137614250183,34658.360455513
swinir,online,div2k,4,blur,0.5,85,1204,0.03641628101468086,27.20215825681333,0.04789547664113343,23.149668550491334,216,386.9739320278168,35045.33438754082
swinir,online,div2k,4,blur,0.5,86,1218,0.039917176244435484,26.392565268057364,0.04486269468907267,23.376343250274658,216,390.3863799571991,35435.720767498016
swinir,online,div2k,4,blur,0.5,87,1232,0.03629862075602567,27.506277296278213,0.04517247488256544,23.3577317237854,216,387.24777030944824,35822.968537807465
swinir,online,div2k,4,blur,0.5,88,1246,0.03691473382490652,27.33720807675962,0.0445793162449263,23.427947902679442,216,371.0999848842621,36194.06852269173
swinir,online,div2k,4,blur,0.5,89,1260,0.0396286879700643,26.840138894540292,0.04551040783990175,23.313665914535523,216,382.4952611923218,36576.56378388405
swinir,online,div2k,4,blur,0.5,90,1274,0.03849273519935431,27.068437505651403,0.04667210908373818,23.29206762313843,216,382.8254110813141,36959.38919496536
swinir,online,div2k,4,blur,0.5,91,1288,0.03843344603147772,26.73584132724338,0.04445578214945271,23.472515487670897,216,388.92494916915894,37348.31414413452
swinir,online,div2k,4,blur,0.5,92,1302,0.03722547312025671,27.22904318350333,0.04504115351010114,23.418156123161317,216,384.34241795539856,37732.65656208992
swinir,online,div2k,4,blur,0.5,93,1316,0.036343029941673634,27.27451988502785,0.044995887286495416,23.40709888935089,216,377.39162278175354,38110.04818487167
swinir,online,div2k,4,blur,0.5,94,1330,0.036567462125310195,27.287973757143373,0.044393562304321676,23.49776210784912,216,368.8162627220154,38478.86444759369
swinir,online,div2k,4,blur,0.5,95,1344,0.03579880214399762,27.627964302345557,0.04403766979230568,23.529047465324403,216,382.3286509513855,38861.193098545074
swinir,online,div2k,4,blur,0.5,96,1358,0.03581853721428801,27.506601333618164,0.044602594349998984,23.501801109313966,216,414.63790798187256,39275.83100652695
swinir,online,div2k,4,blur,0.5,97,1372,0.035984241438132746,27.346254066184716,0.044386919017415497,23.539718508720398,216,419.4561698436737,39695.28717637062
swinir,online,div2k,4,blur,0.5,98,1386,0.03606473171600589,27.461046501442237,0.04406051279511303,23.576005053520202,216,413.5605118274689,40108.84768819809
swinir,online,div2k,4,blur,0.5,99,1400,0.03937637254043862,26.641435411241318,0.043846426508389415,23.6295126914978,216,404.2018451690674,40513.04953336716
swinir,online,div2k,4,blur,0.5,100,1414,0.037075602897891295,27.299942793669523,0.044896265945862976,23.561787700653078,216,409.2230851650238,40922.27261853218
swinir,online,div2k,4,blur,0.5,101,1428,0.037429059131277934,27.21463535450123,0.044173901248723266,23.647098994255067,216,421.06889176368713,41343.34151029587
swinir,online,div2k,4,blur,0.5,102,1442,0.03754659197120755,27.003364845558448,0.04388215354410931,23.662949633598327,216,414.4862451553345,41757.8277554512
swinir,online,div2k,4,blur,0.5,103,1456,0.03808504867332953,26.99007401642976,0.04365959544666111,23.72110798358917,216,414.5431730747223,42172.370928525925
swinir,online,div2k,4,blur,0.5,104,1470,0.039297528840877394,26.663274270516855,0.04560295988339931,23.54681751728058,216,425.85734605789185,42598.22827458382
swinir,online,div2k,4,blur,0.5,105,1484,0.03542081887523333,27.70454004075792,0.04353302171221003,23.816682744026185,216,384.34329319000244,42982.57156777382
swinir,online,div2k,4,blur,0.5,106,1498,0.036832629116597,27.20570981061017,0.044028733298182486,23.781406235694885,216,399.12963008880615,43381.701197862625
swinir,online,div2k,4,blur,0.5,107,1512,0.03689243478907479,27.17692537660952,0.04236377095803619,23.9223664522171,216,425.5328481197357,43807.23404598236
swinir,online,div2k,4,blur,0.5,108,1526,0.035967683488572086,27.481385972764755,0.042688850674312565,23.94840168952942,216,426.48829889297485,44233.722344875336
swinir,online,div2k,4,blur,0.5,109,1540,0.03776750685992064,27.028963371559424,0.04337214939296245,23.907302594184877,216,421.31771421432495,44655.04005908966
swinir,online,div2k,4,blur,0.5,110,1554,0.03638056237940435,27.211261184127242,0.04306545079452917,23.935160875320435,216,411.2331829071045,45066.273241996765
swinir,online,div2k,4,blur,0.5,111,1568,0.0356362525511671,27.608240763346355,0.04160274777095765,24.057717156410217,216,419.3724889755249,45485.64573097229
swinir,online,div2k,4,blur,0.5,112,1582,0.03471825644373894,27.732508906611688,0.04145543861668557,24.070322251319887,216,432.6359181404114,45918.2816491127
swinir,online,div2k,4,blur,0.5,113,1596,0.03475380137010857,27.786956151326496,0.04551898438949138,23.68828754425049,216,421.1513178348541,46339.432966947556
swinir,online,div2k,4,blur,0.5,114,1610,0.036742139883615355,27.156276844165944,0.0439849614049308,23.876299333572387,216,412.0341510772705,46751.467118024826
swinir,online,div2k,4,blur,0.5,115,1624,0.0367051605825071,27.25804102862323,0.04185025003971532,24.087065720558165,216,404.4411852359772,47155.9083032608
swinir,online,div2k,4,blur,0.5,116,1638,0.03447251380593688,27.860402990270543,0.041494086384773254,24.101318192481994,216,406.3152287006378,47562.22353196144
swinir,online,div2k,4,blur,0.5,117,1652,0.03525034531399056,27.768191302264178,0.04158702528802678,24.113123083114623,216,421.80111598968506,47984.024647951126
swinir,online,div2k,4,blur,0.5,118,1666,0.03388243196187196,28.00012129324454,0.04147915124194697,24.1153306722641,216,430.3939962387085,48414.418644189835
swinir,online,div2k,4,blur,0.5,119,1680,0.03444232019009413,27.92886698687518,0.042018674290739,24.115273213386537,216,422.5577781200409,48836.976422309875
swinir,online,div2k,4,blur,0.5,120,1694,0.03777548891526682,27.06311685067636,0.04312380645424128,24.00494945049286,216,408.9233100414276,49245.8997323513
swinir,online,div2k,4,blur,0.5,121,1708,0.03488252477513419,27.920775095621746,0.042129364248830826,24.064084553718565,216,405.19073700904846,49651.09046936035
swinir,online,div2k,4,blur,0.5,122,1722,0.036294052860251176,27.34503357498734,0.041325623937882486,24.136867189407347,216,418.135822057724,50069.226291418076
swinir,online,div2k,4,blur,0.5,123,1736,0.034402106095243384,28.279032248037833,0.040623391012195496,24.25898680686951,216,418.4917209148407,50487.718012332916
swinir,online,div2k,4,blur,0.5,124,1750,0.03563707314983562,27.691308622007018,0.04198440305190161,24.18154971599579,216,423.73631501197815,50911.454327344894
swinir,online,div2k,4,blur,0.5,125,1764,0.035690966027754324,27.551521371912074,0.04197656497126445,24.169149589538574,216,405.57351899147034,51317.027846336365
swinir,online,div2k,4,blur,0.5,126,1778,0.037591985806270885,27.11332568415889,0.043862153240479526,23.997881174087524,216,425.50707507133484,51742.5349214077
swinir,online,div2k,4,blur,0.5,127,1792,0.03520438737339444,27.577965912995516,0.0414180159335956,24.207827663421632,216,410.14413189888,52152.67905330658
swinir,online,div2k,4,blur,0.5,128,1806,0.035083021968603134,27.66541106612594,0.04126374126644805,24.22172303199768,216,417.7405481338501,52570.41960144043
swinir,online,div2k,4,blur,0.5,129,1820,0.03626472116620452,27.66306107132523,0.04120828963350505,24.266386842727663,216,424.9578068256378,52995.37740826607
swinir,online,div2k,4,blur,0.5,130,1834,0.036278425750357134,27.41798245465314,0.04980410221032798,23.33155736923218,216,424.74838185310364,53420.12579011917
swinir,online,div2k,4,blur,0.5,131,1848,0.0417500204510159,26.01951712149161,0.04668236300349236,23.504659295082092,216,418.4176483154297,53838.5434384346
swinir,online,div2k,4,blur,0.5,132,1862,0.040610690221742345,26.176364404183847,0.04756664972519502,23.497699189186097,216,409.8121840953827,54248.35562252998
swinir,online,div2k,4,blur,0.5,133,1876,0.03686378772060076,27.099226986920392,0.042968375177588315,24.075846457481383,216,421.6532690525055,54670.00889158249
swinir,online,div2k,4,blur,0.5,134,1890,0.03559868562000769,27.480717411747687,0.040577892953297126,24.278786659240723,216,408.3833451271057,55078.392236709595
swinir,online,div2k,4,blur,0.5,135,1904,0.032339974134056655,28.381832829228156,0.04034909615293145,24.339104342460633,216,427.81862568855286,55506.21086239815
swinir,online,div2k,4,blur,0.5,136,1918,0.03459239502747854,27.927012761433918,0.04017773580271751,24.359141135215758,216,408.26765298843384,55914.47851538658
swinir,online,div2k,4,blur,0.5,137,1932,0.033317764186196856,28.227310180664062,0.04052487942390144,24.36259686946869,216,403.9833548069,56318.46187019348
swinir,online,div2k,4,blur,0.5,138,1946,0.032279417332675725,28.717605449535228,0.041109533957205714,24.28720803260803,216,417.0336740016937,56735.495544195175
swinir,online,div2k,4,blur,0.5,139,1960,0.034114882074020525,27.73817316691081,0.04184795974288136,24.25057430267334,216,428.7844681739807,57164.280012369156
swinir,online,div2k,4,blur,0.5,140,1974,0.035260307154169786,27.74735161110207,0.04043167345225811,24.33787019252777,216,412.65572786331177,57576.93574023247
swinir,online,div2k,4,blur,0.5,141,1988,0.03286817794044813,28.26322470770942,0.03998506312491372,24.41202507019043,216,414.8960990905762,57991.831839323044
swinir,online,div2k,4,blur,0.5,142,2002,0.03267494823645662,28.47272406684028,0.04058463549008593,24.34510133266449,216,408.1273891925812,58399.959228515625
swinir,online,div2k,4,blur,0.5,143,2016,0.034490471636807477,28.178711078785085,0.04167206851998344,24.254256272315978,216,395.67892718315125,58795.638155698776
swinir,online,div2k,4,blur,0.5,144,2030,0.03683648630976677,27.42592649106626,0.040904914459679274,24.33883903026581,216,393.81557989120483,59189.45373558998
swinir,online,div2k,4,blur,0.5,145,2044,0.034893028162143847,27.821720405861182,0.041797417961061,24.292082238197327,216,422.9523890018463,59612.40612459183
swinir,online,div2k,4,blur,0.5,146,2058,0.036113357792298,27.40149420279044,0.0411025924840942,24.355206394195555,216,419.32737398147583,60031.7334985733
swinir,online,div2k,4,blur,0.5,147,2072,0.03286185639875906,28.402548754656756,0.046419458242598924,23.78195993900299,216,430.87033104896545,60462.60382962227
swinir,online,div2k,4,blur,0.5,148,2086,0.039474061517803756,26.64203643798828,0.04411303729284555,23.98775758743286,216,420.32821822166443,60882.93204784393
swinir,online,div2k,4,blur,0.5,149,2100,0.035266322946106946,27.911359575059677,0.045719071035273375,23.850933647155763,216,415.3789677619934,61298.31101560593
swinir,online,div2k,4,blur,0.5,150,2114,0.03874796532370426,26.631384602299445,0.04365087202750147,24.07219879627228,216,413.6331567764282,61711.944172382355
swinir,online,div2k,4,blur,0.5,151,2128,0.03546108277859511,27.477802205968786,0.04191238294588402,24.238505005836487,216,422.3039700984955,62134.24814248085
swinir,online,div2k,4,blur,0.5,152,2142,0.03495747333875409,27.7185093915021,0.04302788486238569,24.154018926620484,216,416.19243812561035,62550.44058060646
swinir,online,div2k,4,blur,0.5,153,2156,0.036212998545832105,27.517587308530455,0.039850535860750824,24.486446142196655,216,402.75057578086853,62953.19115638733
swinir,online,div2k,4,blur,0.5,154,2170,0.03248590796634003,28.409356576425058,0.03949917576974258,24.503419589996337,216,431.3160948753357,63384.507251262665
swinir,online,div2k,4,blur,0.5,155,2184,0.03419978516521277,28.174479166666668,0.03946333139901981,24.512589979171754,216,429.52396178245544,63814.03121304512
swinir,online,div2k,4,blur,0.5,156,2198,0.03468717717462116,27.859379521122687,0.0395678449771367,24.516409254074098,216,422.0029499530792,64236.0341629982
swinir,online,div2k,4,blur,0.5,157,2212,0.033298739680537474,28.680150420577437,0.03970042202854529,24.519970870018007,216,411.6628918647766,64647.697054862976
swinir,online,div2k,4,blur,0.5,158,2226,0.03386603447574156,28.130625124330873,0.04085908564738929,24.435638117790223,216,416.2014820575714,65063.89853692055
swinir,online,div2k,4,blur,0.5,159,2240,0.03339967400663429,27.991505093044704,0.039470896031707524,24.497805047035218,216,409.5345993041992,65473.43313622475
swinir,online,div2k,4,blur,0.5,160,2254,0.03290603020124965,28.545209248860676,0.0393701025925111,24.57021858692169,216,415.9523329734802,65889.38546919823
swinir,online,div2k,4,blur,0.5,161,2268,0.03327184377445115,28.537743886311848,0.0396285506314598,24.57504835128784,216,422.2855260372162,66311.67099523544
swinir,online,div2k,4,blur,0.5,162,2282,0.032344991272246396,28.650405883789062,0.03929365195217542,24.551620507240294,216,406.86923909187317,66718.54023432732
swinir,online,div2k,4,blur,0.5,163,2296,0.03189706512623363,28.806349012586807,0.039435237855650486,24.556616163253786,216,427.6491448879242,67146.18937921524
swinir,online,div2k,4,blur,0.5,164,2310,0.03316163175083973,28.348304395322447,0.03993495306931436,24.517509078979494,216,420.8411741256714,67567.03055334091
swinir,online,div2k,4,blur,0.5,165,2324,0.03492135485565221,27.568839320430047,0.043332065409049395,24.159002208709715,216,413.0596590042114,67980.09021234512
swinir,online,div2k,4,blur,0.5,166,2338,0.035104286201574186,27.76048179909035,0.03996681357966736,24.4601669549942,216,416.8315348625183,68396.92174720764
swinir,online,div2k,4,blur,0.5,167,2352,0.03623348998802679,27.3645309165672,0.04747079738881439,23.652985954284667,216,412.7270851135254,68809.64883232117
swinir,online,div2k,4,blur,0.5,168,2366,0.03764970793768212,26.954520331488716,0.04021653067320585,24.493852138519287,216,419.7853193283081,69229.43415164948
swinir,online,div2k,4,blur,0.5,169,2380,0.03280178864521009,28.86962198328089,0.04090888438513503,24.44690818786621,216,410.2299189567566,69639.66407060623
swinir,online,div2k,4,blur,0.5,170,2394,0.035996215211020574,27.33669916788737,0.03939990269718692,24.613796854019164,216,405.78960704803467,70045.45367765427
swinir,online,div2k,4,blur,0.5,171,2408,0.033190228320934156,28.322316063774956,0.03983598204795271,24.551755714416505,216,386.2722270488739,70431.72590470314
swinir,online,div2k,4,blur,0.5,172,2422,0.03556869344578849,27.477684656778973,0.04026597624178976,24.514581871032714,216,402.4697458744049,70834.19565057755
swinir,online,div2k,4,blur,0.5,173,2436,0.03777447329075248,27.251574904830367,0.04045269425259903,24.442875576019286,216,420.69202613830566,71254.88767671585
swinir,online,div2k,4,blur,0.5,174,2450,0.03534983153696413,27.63625222665292,0.03953761295415461,24.577176260948182,216,410.2758300304413,71665.16350674629
swinir,online,div2k,4,blur,0.5,175,2464,0.03175934555905836,28.860354529486763,0.03914379607886076,24.621662044525145,216,385.2716579437256,72050.43516469002
swinir,online,div2k,4,blur,0.5,176,2478,0.03536155378376996,27.828249825371635,0.04014094645390287,24.53586709499359,216,394.34423780441284,72444.77940249443
swinir,online,div2k,4,blur,0.5,177,2492,0.035089340819804755,27.762629897506148,0.0397586552426219,24.5826376914978,216,397.1754949092865,72841.95489740372
swinir,online,div2k,4,blur,0.5,178,2506,0.032870247684143206,28.32570238466616,0.03918430190533399,24.639861130714415,216,399.2853219509125,73241.24021935463
swinir,online,div2k,4,blur,0.5,179,2520,0.032601240194506116,28.554974803218133,0.039225483196787536,24.63392915725708,216,404.1424551010132,73645.38267445564
swinir,online,div2k,4,blur,0.5,180,2534,0.03272351070686623,28.521899258648908,0.039698390138801186,24.55872526168823,216,392.5057330131531,74037.8884074688
swinir,online,div2k,4,blur,0.5,181,2548,0.03341779471547515,28.071261088053387,0.03965318483533338,24.582071590423585,216,385.0996859073639,74422.98809337616
swinir,online,div2k,4,blur,0.5,182,2562,0.03465991377554558,27.97517126577872,0.039959412429016086,24.567922902107238,216,369.88328099250793,74792.87137436867
swinir,online,div2k,4,blur,0.5,183,2576,0.030249723543723423,29.350604869701243,0.038856005878187716,24.677374172210694,216,378.8047502040863,75171.67612457275
swinir,online,div2k,4,blur,0.5,184,2590,0.032284144657077615,28.650560590955948,0.039096393826184794,24.654317593574525,216,383.077743768692,75554.75386834145
swinir,online,div2k,4,blur,0.5,185,2604,0.03170777760722019,28.839351654052734,0.03907827046932653,24.61466438770294,216,363.4595739841461,75918.21344232559
swinir,online,div2k,4,blur,0.5,186,2618,0.03192649188416975,28.765823081687646,0.04051216241205111,24.558199644088745,216,368.9557147026062,76287.1691570282
swinir,online,div2k,4,blur,0.5,187,2632,0.0359910042197616,27.6406285321271,0.04018492257455364,24.572622418403625,216,369.79307317733765,76656.96223020554
swinir,online,div2k,4,blur,0.5,188,2646,0.03284312839861269,28.744922214084202,0.03861969419522211,24.663336324691773,216,384.87218713760376,77041.83441734314
swinir,online,div2k,4,blur,0.5,189,2660,0.03186759545847222,28.752727932400173,0.038981697522103786,24.68645257949829,216,380.1657898426056,77422.00020718575
swinir,online,div2k,4,blur,0.5,190,2674,0.0316503775064592,28.887254149825484,0.03902890107128769,24.654793429374696,216,388.6770179271698,77810.67722511292
swinir,online,div2k,4,blur,0.5,191,2688,0.0312412154895288,29.131845827455873,0.040587755443993956,24.506184554100038,216,387.20027804374695,78197.87750315666
swinir,online,div2k,4,blur,0.5,192,2702,0.03253685269090864,28.514045362119322,0.04120758173521608,24.450624871253968,216,378.0049772262573,78575.88248038292
swinir,online,div2k,4,blur,0.5,193,2716,0.03192791439316891,28.66654466699671,0.0419917632942088,24.44076611995697,216,379.42154908180237,78955.30402946472
swinir,online,div2k,4,blur,0.5,194,2730,0.0348629850756239,27.72352042021575,0.040883228019811216,24.44453809261322,216,385.8668761253357,79341.17090559006
swinir,online,div2k,4,blur,0.5,195,2744,0.03329852885670132,28.236013059262877,0.04049184693722054,24.492177391052245,216,381.37755012512207,79722.54845571518
swinir,online,div2k,4,blur,0.5,196,2758,0.03329554469221168,28.371928674203378,0.039463850914034995,24.643788409233093,216,362.78372597694397,80085.33218169212
swinir,online,div2k,4,blur,0.5,197,2772,0.030386266471059235,29.19647146154333,0.03925353592494503,24.647949743270875,216,367.9666180610657,80453.29879975319
swinir,online,div2k,4,blur,0.5,198,2786,0.03005317308836513,29.30106876514576,0.038543378718895835,24.72797818183899,216,382.95143604278564,80836.25023579597
swinir,online,div2k,4,blur,0.5,199,2800,0.03349414826543243,28.079393104270654,0.03897555430885404,24.679512882232665,216,387.15873098373413,81223.40896677971
swinir,online,div2k,4,blur,0.5,200,2814,0.033406235139679025,28.10132662455241,0.038740086945472284,24.68752841949463,216,388.95557713508606,81612.3645439148
swinir,online,div2k,4,blur,0.5,201,2828,0.0307666373749574,29.334349314371746,0.03846958472859115,24.729844093322754,216,384.0071439743042,81996.3716878891
swinir,online,div2k,4,blur,0.5,202,2842,0.03137624153384456,29.036227614791304,0.038509292050730434,24.723232245445253,216,409.2677512168884,82405.63943910599
swinir,online,div2k,4,blur,0.5,203,2856,0.032328626761833824,28.760682141339338,0.03969876754563302,24.590719175338744,216,411.23327112197876,82816.87271022797
swinir,online,div2k,4,blur,0.5,204,2870,0.03273776932447045,28.36840926276313,0.038889666146133095,24.720184540748598,216,424.18789505958557,83241.06060528755
swinir,online,div2k,4,blur,0.5,205,2884,0.033605374257873605,28.180393077709056,0.038990681222639975,24.690449953079224,216,417.5280849933624,83658.58869028091
swinir,online,div2k,4,blur,0.5,206,2898,0.03215931549116417,28.554659242983217,0.03967651538550854,24.574617791175843,216,429.4249951839447,84088.01368546486
swinir,online,div2k,4,blur,0.5,207,2912,0.03131127440267139,28.807200113932293,0.039905398909468204,24.602265930175783,216,412.2989811897278,84500.31266665459
swinir,online,div2k,4,blur,0.5,208,2926,0.03189408779144287,28.644887500339085,0.03937105922959745,24.660002064704894,216,406.93655920028687,84907.24922585487
swinir,online,div2k,4,blur,0.5,209,2940,0.030964816610018413,29.174081025300204,0.03931777442339808,24.668957686424257,216,421.94134187698364,85329.19056773186
swinir,online,div2k,4,blur,0.5,210,2954,0.03324084659969365,28.611147986518013,0.040813965792767706,24.506918358802796,216,410.73133969306946,85739.92190742493
swinir,online,div2k,4,blur,0.5,211,2968,0.03368183611719697,28.04634023595739,0.03896755129680969,24.727512764930726,216,437.07524514198303,86176.99715256691
swinir,online,div2k,4,blur,0.5,212,2982,0.0332760616309113,28.433406194051106,0.03842713522608392,24.705939865112306,216,469.9255919456482,86646.92274451256
swinir,online,div2k,4,blur,0.5,213,2996,0.032638885770682934,28.57794373123734,0.039357150346040724,24.698038744926453,216,455.0426528453827,87101.96539735794
swinir,online,div2k,4,blur,0.5,214,3010,0.03372744891654562,28.260778215196396,0.03898719630669802,24.721790075302124,216,465.0108051300049,87566.97620248795
swinir,online,div2k,4,blur,0.5,215,3024,0.03297651572911828,28.270219096431024,0.03923322865739465,24.657777523994447,216,470.613116979599,88037.58931946754
swinir,online,div2k,4,blur,0.5,216,3038,0.033181147166976226,28.488810221354168,0.039866226818412544,24.56307351589203,216,485.01377177238464,88522.60309123993
