arch,strategy,dataset,scale,degradation,deg_level,epoch,total_steps,train_loss,train_psnr,val_loss,val_psnr,subset_size,epoch_time,total_time
srcnn,baseline,div2k,4,blur,0.5,0,45,0.19800612611903085,14.295577801598442,0.10210951250046492,18.05085018873215,720,43.88250494003296,43.88250494003296
srcnn,baseline,div2k,4,blur,0.5,1,90,0.0960549995303154,18.426555336846246,0.06776404362171888,20.550780725479125,720,42.30232095718384,86.1848258972168
srcnn,baseline,div2k,4,blur,0.5,2,135,0.07246571340494685,20.116261121961806,0.05917326621711254,21.34358208179474,720,42.00647807121277,128.19130396842957
srcnn,baseline,div2k,4,blur,0.5,3,180,0.06963710909088452,20.540410444471572,0.055983851628843694,21.669244205951692,720,43.29731202125549,171.48861598968506
srcnn,baseline,div2k,4,blur,0.5,4,225,0.06330207685629527,21.246036444769967,0.05514420997351408,21.784222435951232,720,44.90484619140625,216.3934621810913
srcnn,baseline,div2k,4,blur,0.5,5,270,0.060709576143158805,22.01470620897081,0.0545358641888015,21.818466997146608,720,45.766136169433594,262.1595983505249
srcnn,baseline,div2k,4,blur,0.5,6,315,0.061199888586997986,22.50122227138943,0.054401440767105666,21.839553582668305,720,45.0006890296936,307.1602873802185
srcnn,baseline,div2k,4,blur,0.5,7,360,0.05620354231860902,23.4177860683865,0.054704110755119474,21.840746879577637,720,45.079042196273804,352.2393295764923
srcnn,baseline,div2k,4,blur,0.5,8,405,0.06025063296159108,22.99530381096734,0.05498322380008176,21.826329278945924,720,45.15012884140015,397.38945841789246
srcnn,baseline,div2k,4,blur,0.5,9,450,0.05928429539004962,23.350867886013454,0.0541643044911325,21.88141551017761,720,45.04607057571411,442.43552899360657
srcnn,baseline,div2k,4,blur,0.5,10,495,0.059023799581660166,23.382942793104384,0.05334179828641936,21.934996247291565,720,45.03738975524902,487.4729187488556
srcnn,baseline,div2k,4,blur,0.5,11,540,0.05513218931025929,23.996639039781357,0.05401163795031607,21.917620241642,720,45.118226051330566,532.5911448001862
srcnn,baseline,div2k,4,blur,0.5,12,585,0.055434087001615104,24.044164445665146,0.05505972561659291,21.86696239709854,720,45.00384998321533,577.5949947834015
srcnn,baseline,div2k,4,blur,0.5,13,630,0.05781076451142629,23.38639585706923,0.0543863692204468,21.907148599624634,720,45.112531900405884,622.7075266838074
srcnn,baseline,div2k,4,blur,0.5,14,675,0.05774859893653128,23.54007517496745,0.054437782394234094,21.92053587436676,720,45.202942848205566,667.9104695320129
srcnn,baseline,div2k,4,blur,0.5,15,720,0.05693505249089665,23.884710693359374,0.05370727749541402,21.9636971116066,720,45.602794885635376,713.5132644176483
srcnn,baseline,div2k,4,blur,0.5,16,765,0.05540237799286842,24.197809388902453,0.05338603927521035,21.99134840965271,720,45.12311339378357,758.6363778114319
srcnn,baseline,div2k,4,blur,0.5,17,810,0.05462424440516366,24.232717810736762,0.053550457628443834,21.979109835624694,720,45.00599002838135,803.6423678398132
srcnn,baseline,div2k,4,blur,0.5,18,855,0.057025704367293255,23.972313351101345,0.05382349161664024,21.977113914489745,720,45.24477696418762,848.8871448040009
srcnn,baseline,div2k,4,blur,0.5,19,900,0.056640419115622835,23.80193066067166,0.05286933331517503,22.032363867759706,720,45.08992624282837,893.9770710468292
srcnn,baseline,div2k,4,blur,0.5,20,945,0.054705266902844114,24.191824128892687,0.054206640808843076,21.963435614109038,720,45.34507203102112,939.3221430778503
srcnn,baseline,div2k,4,blur,0.5,21,990,0.05503817581468158,24.291943020290798,0.052186622878070923,22.087425673007964,720,45.089406967163086,984.4115500450134
srcnn,baseline,div2k,4,blur,0.5,22,1035,0.05438418959577878,24.425188234117297,0.05281624193303287,22.058389449119566,720,45.161340951919556,1029.572890996933
srcnn,baseline,div2k,4,blur,0.5,23,1080,0.05350843022267024,24.33840755886502,0.0526643484714441,22.067448830604555,720,44.93011403083801,1074.503005027771
srcnn,baseline,div2k,4,blur,0.5,24,1125,0.05255012893014484,24.592908350626626,0.05279538710601628,22.057524597644807,720,45.66748785972595,1120.170492887497
srcnn,baseline,div2k,4,blur,0.5,25,1170,0.054357142166958916,24.73691791958279,0.05220322913955897,22.117317426204682,720,45.62694811820984,1165.7974410057068
srcnn,baseline,div2k,4,blur,0.5,26,1215,0.05438701659440994,24.79460678100586,0.054322061501443385,21.95853281021118,720,45.26932978630066,1211.0667707920074
srcnn,baseline,div2k,4,blur,0.5,27,1260,0.054355506930086346,24.37051289876302,0.05210205188486725,22.114404678344727,720,45.036853075027466,1256.103623867035
srcnn,baseline,div2k,4,blur,0.5,28,1305,0.05494519530071153,24.479694493611653,0.052410618623252955,22.12237550020218,720,45.605178117752075,1301.708801984787
srcnn,baseline,div2k,4,blur,0.5,29,1350,0.055106798890564176,24.533933300442165,0.05327107256744057,22.08294584751129,720,45.04020619392395,1346.749008178711
srcnn,baseline,div2k,4,blur,0.5,30,1395,0.05393741445408927,24.643134095933704,0.051884657330811025,22.138139736652374,720,45.1023530960083,1391.8513612747192
srcnn,baseline,div2k,4,blur,0.5,31,1440,0.0521894300977389,24.75456233554416,0.05532273976132274,21.89576507806778,720,45.241257190704346,1437.0926184654236
srcnn,baseline,div2k,4,blur,0.5,32,1485,0.05483180102374818,24.504486338297525,0.05130474721081555,22.19098584651947,720,45.41101312637329,1482.5036315917969
srcnn,baseline,div2k,4,blur,0.5,33,1530,0.05344585999846459,24.527454079522027,0.05284802400274202,22.096736347675325,720,45.14184236526489,1527.6454739570618
srcnn,baseline,div2k,4,blur,0.5,34,1575,0.05381435826420784,24.803644053141277,0.05119919431162998,22.203028118610384,720,45.323342084884644,1572.9688160419464
srcnn,baseline,div2k,4,blur,0.5,35,1620,0.05247186869382858,24.944804339938692,0.05146094581577927,22.206968462467195,720,45.073533058166504,1618.042349100113
srcnn,baseline,div2k,4,blur,0.5,36,1665,0.056096839076942864,24.258441501193577,0.053809460066258905,22.043241965770722,720,45.15051007270813,1663.192859172821
srcnn,baseline,div2k,4,blur,0.5,37,1710,0.05315340807040533,24.674031109280058,0.05121520153479651,22.219581365585327,720,45.29447603225708,1708.4873352050781
srcnn,baseline,div2k,4,blur,0.5,38,1755,0.05252891497479545,24.968645265367297,0.052975432819221166,22.094308519363402,720,45.31638503074646,1753.8037202358246
srcnn,baseline,div2k,4,blur,0.5,39,1800,0.05424478294120894,24.721534093221027,0.05101598955225199,22.260561859607698,720,45.25262212753296,1799.0563423633575
srcnn,baseline,div2k,4,blur,0.5,40,1845,0.053287946350044677,24.93152559068468,0.05102032816503197,22.259175848960876,720,45.07362174987793,1844.1299641132355
srcnn,baseline,div2k,4,blur,0.5,41,1890,0.05306094777252939,24.833004887898763,0.0513796396786347,22.21647754907608,720,45.52926301956177,1889.6592271327972
srcnn,baseline,div2k,4,blur,0.5,42,1935,0.05376977208587858,24.822520446777343,0.051484103070106355,22.240503203868865,720,45.35322976112366,1935.012456893921
srcnn,baseline,div2k,4,blur,0.5,43,1980,0.054132553769482505,24.838376744588217,0.05094133858801797,22.29115880727768,720,45.256664991378784,1980.2691218852997
srcnn,baseline,div2k,4,blur,0.5,44,2025,0.051680243925915824,25.043602328830296,0.0511174528975971,22.25484104156494,720,45.13709807395935,2025.406219959259
srcnn,baseline,div2k,4,blur,0.5,45,2070,0.05195019013351864,25.164552052815754,0.052010402898304164,22.2210501909256,720,45.173983335494995,2070.580203294754
srcnn,baseline,div2k,4,blur,0.5,46,2115,0.05294799150692092,24.54761199951172,0.05176074709743261,22.264831411838532,720,45.358713150024414,2115.9389164447784
srcnn,baseline,div2k,4,blur,0.5,47,2160,0.05459965384668774,24.454144753350153,0.05029666912741959,22.318607687950134,720,45.23017907142639,2161.169095516205
srcnn,baseline,div2k,4,blur,0.5,48,2205,0.05225722665588061,24.72609503004286,0.05084023878443986,22.280947399139404,720,45.381377935409546,2206.5504734516144
srcnn,baseline,div2k,4,blur,0.5,49,2250,0.05263723780711492,24.784157943725585,0.05014724861830473,22.353658783435822,720,45.37454271316528,2251.9250161647797
srcnn,baseline,div2k,4,blur,0.5,50,2295,0.053591636402739416,24.796892505221898,0.050846488564275205,22.32092649936676,720,45.228102922439575,2297.1531190872192
srcnn,baseline,div2k,4,blur,0.5,51,2340,0.053927271399233076,24.697875595092775,0.050047350814566016,22.368091654777526,720,45.24058532714844,2342.3937044143677
srcnn,baseline,div2k,4,blur,0.5,52,2385,0.05197571520176199,24.8113771226671,0.05032349661923945,22.33981111049652,720,45.24076008796692,2387.6344645023346
srcnn,baseline,div2k,4,blur,0.5,53,2430,0.05251219164994028,24.873773405287,0.0500729629653506,22.377729856967925,720,45.39573407173157,2433.030198574066
srcnn,baseline,div2k,4,blur,0.5,54,2475,0.052075540439950094,25.114133877224393,0.05064325433922932,22.32867827415466,720,45.21523594856262,2478.245434522629
srcnn,baseline,div2k,4,blur,0.5,55,2520,0.04964323143164317,25.616434478759764,0.05160239654360339,22.276478230953217,720,45.037988901138306,2523.283423423767
srcnn,baseline,div2k,4,blur,0.5,56,2565,0.05424704493747817,24.385264417860242,0.04984487238107249,22.386477839946746,720,45.06414794921875,2568.347571372986
srcnn,baseline,div2k,4,blur,0.5,57,2610,0.05391335520479414,24.53850835164388,0.04969687348930165,22.42005364894867,720,45.47205305099487,2613.8196244239807
srcnn,baseline,div2k,4,blur,0.5,58,2655,0.05262340224451489,24.792440032958986,0.04964916635071859,22.42789969444275,720,45.220852851867676,2659.0404772758484
srcnn,baseline,div2k,4,blur,0.5,59,2700,0.05336601701047686,24.718477461073135,0.05121084647253156,22.302338087558745,720,46.37450885772705,2705.4149861335754
srcnn,baseline,div2k,4,blur,0.5,60,2745,0.053005635862549146,24.58943943447537,0.04981385596329346,22.41556646823883,720,45.54314589500427,2750.9581320285797
srcnn,baseline,div2k,4,blur,0.5,61,2790,0.05057475748989317,25.210111363728842,0.049908860702998936,22.43635630607605,720,45.179250955581665,2796.1373829841614
srcnn,baseline,div2k,4,blur,0.5,62,2835,0.05268327287501759,24.906552166408964,0.049874569254461674,22.457336807250975,720,45.68114519119263,2841.818528175354
srcnn,baseline,div2k,4,blur,0.5,63,2880,0.05423834141757753,24.539975738525392,0.04933786318870261,22.470949292182922,720,45.153656005859375,2886.9721841812134
srcnn,baseline,div2k,4,blur,0.5,64,2925,0.052617618317405385,24.846960322062174,0.04960671527078375,22.474304723739625,720,45.24047899246216,2932.2126631736755
srcnn,baseline,div2k,4,blur,0.5,65,2970,0.050596987331906956,25.347371334499783,0.049102604878135024,22.471178388595582,720,45.1174750328064,2977.330138206482
srcnn,baseline,div2k,4,blur,0.5,66,3015,0.050971092945999566,25.118633185492623,0.05105658903485164,22.399549543857574,720,45.19414401054382,3022.5242822170258
srcnn,baseline,div2k,4,blur,0.5,67,3060,0.05205297817786535,25.048372353447807,0.04909202561248094,22.497016811370848,720,45.166796922683716,3067.6910791397095
srcnn,baseline,div2k,4,blur,0.5,68,3105,0.048885744313398996,25.671098073323567,0.04881837799912318,22.52285017967224,720,45.195621728897095,3112.8867008686066
srcnn,baseline,div2k,4,blur,0.5,69,3150,0.05118945472770267,25.211868031819662,0.04944057253887877,22.480674314498902,720,45.28262400627136,3158.169324874878
srcnn,baseline,div2k,4,blur,0.5,70,3195,0.052916052440802254,24.47277103000217,0.052728147036395966,22.287265598773956,720,45.16475009918213,3203.33407497406
srcnn,baseline,div2k,4,blur,0.5,71,3240,0.053100457125239905,24.615711296929252,0.04910363426897675,22.52568346261978,720,45.19263219833374,3248.526707172394
srcnn,baseline,div2k,4,blur,0.5,72,3285,0.05260670218202803,24.879819446139866,0.0500226101023145,22.48834834098816,720,45.29004788398743,3293.816755056381
srcnn,baseline,div2k,4,blur,0.5,73,3330,0.052307302918699054,24.950302844577365,0.04928256946150213,22.534309017658234,720,45.06850004196167,3338.885255098343
srcnn,baseline,div2k,4,blur,0.5,74,3375,0.0524967174563143,25.00424715677897,0.04869478709297255,22.56643660068512,720,45.19353771209717,3384.07879281044
srcnn,baseline,div2k,4,blur,0.5,75,3420,0.0501411985192034,25.279762691921658,0.050628661701921374,22.435117948055268,720,45.12404990196228,3429.2028427124023
srcnn,baseline,div2k,4,blur,0.5,76,3465,0.05049154253469573,25.174000379774306,0.04938891131896526,22.525524532794954,720,45.526175022125244,3474.7290177345276
srcnn,baseline,div2k,4,blur,0.5,77,3510,0.05199981522228983,25.07153426276313,0.051403797033708544,22.39498038291931,720,46.469303607940674,3521.1983213424683
srcnn,baseline,div2k,4,blur,0.5,78,3555,0.05078088061677085,25.367122226291233,0.04863463841611519,22.568158209323883,720,47.06916880607605,3568.2674901485443
srcnn,baseline,div2k,4,blur,0.5,79,3600,0.05115865560041533,25.240907202826605,0.049187168281059714,22.567188882827757,720,47.78736925125122,3616.0548593997955
srcnn,baseline,div2k,4,blur,0.5,80,3645,0.050829297138584986,25.17655143737793,0.04887208351865411,22.572664201259613,720,47.71575093269348,3663.770610332489
srcnn,baseline,div2k,4,blur,0.5,81,3690,0.04846797610322635,25.876767094930013,0.04875949885463342,22.56396014690399,720,48.093196630477905,3711.863806962967
srcnn,baseline,div2k,4,blur,0.5,82,3735,0.04794397598339452,25.69805013868544,0.048278478789143264,22.593874478340148,720,48.07693386077881,3759.9407408237457
srcnn,baseline,div2k,4,blur,0.5,83,3780,0.05198213714692328,25.086314307318794,0.04851056147599593,22.583621203899384,720,47.93359303474426,3807.87433385849
srcnn,baseline,div2k,4,blur,0.5,84,3825,0.050713761233621174,25.225562371148005,0.048206462129019204,22.623572492599486,720,47.60110020637512,3855.475434064865
srcnn,baseline,div2k,4,blur,0.5,85,3870,0.04979322478175163,25.416615846421983,0.04831265395041555,22.611995887756347,720,48.17026472091675,3903.645698785782
srcnn,baseline,div2k,4,blur,0.5,86,3915,0.05071733428372277,24.983655802408855,0.05682614091783762,22.056189286708832,720,48.007328033447266,3951.653026819229
srcnn,baseline,div2k,4,blur,0.5,87,3960,0.052786366558737224,24.624399948120118,0.048854945506900546,22.632046282291412,720,47.65995788574219,3999.3129847049713
srcnn,baseline,div2k,4,blur,0.5,88,4005,0.05001400038599968,25.539905971950954,0.049851189949549735,22.55081868171692,720,47.817917823791504,4047.130902528763
srcnn,baseline,div2k,4,blur,0.5,89,4050,0.050395638826820584,25.337472873263888,0.048789027193561194,22.63425991535187,720,47.83061599731445,4094.9615185260773
srcnn,baseline,div2k,4,blur,0.5,90,4095,0.051020965725183484,25.442594485812716,0.048438426363281904,22.651382780075075,720,47.977545976638794,4142.939064502716
srcnn,baseline,div2k,4,blur,0.5,91,4140,0.05236335264311896,24.93499412536621,0.048149941430892795,22.67776312828064,720,47.7512731552124,4190.6903376579285
srcnn,baseline,div2k,4,blur,0.5,92,4185,0.05138318397932583,25.00385309855143,0.04840034039225429,22.645833098888396,720,47.837146043777466,4238.527483701706
srcnn,baseline,div2k,4,blur,0.5,93,4230,0.052418771551715,25.129274283515084,0.048701844655442986,22.647212731838227,720,47.57905912399292,4286.106542825699
srcnn,baseline,div2k,4,blur,0.5,94,4275,0.049189565082391105,25.691736221313477,0.048454607010353354,22.65629286766052,720,47.74411106109619,4333.850653886795
srcnn,baseline,div2k,4,blur,0.5,95,4320,0.050450852720273866,25.49056748284234,0.048006822227034715,22.711375331878664,720,47.7735538482666,4381.624207735062
srcnn,baseline,div2k,4,blur,0.5,96,4365,0.049231378899680246,25.521677525838218,0.047658240038435905,22.73310160636902,720,47.88691782951355,4429.511125564575
srcnn,baseline,div2k,4,blur,0.5,97,4410,0.051087329619460636,25.12072614034017,0.049102962936740366,22.61995484828949,720,47.571563959121704,4477.082689523697
srcnn,baseline,div2k,4,blur,0.5,98,4455,0.05005636550486088,25.469472969902885,0.048193600599188355,22.72270483970642,720,47.950891971588135,4525.033581495285
srcnn,baseline,div2k,4,blur,0.5,99,4500,0.05119080510404375,25.255040147569446,0.05279481065226719,22.38741660118103,720,47.598206996917725,4572.631788492203
srcnn,baseline,div2k,4,blur,0.5,100,4545,0.052032722698317636,25.046156395806207,0.05094262205529958,22.50116765499115,720,47.81304478645325,4620.444833278656
srcnn,baseline,div2k,4,blur,0.5,101,4590,0.05089257616135809,25.121488698323567,0.04805454765446484,22.714681220054626,720,48.52256798744202,4668.967401266098
srcnn,baseline,div2k,4,blur,0.5,102,4635,0.05196610564986865,25.183904774983723,0.04818183095194399,22.697747111320496,720,48.106833934783936,4717.074235200882
srcnn,baseline,div2k,4,blur,0.5,103,4680,0.04779615563650926,25.97730916341146,0.04760362639790401,22.74270329475403,720,48.00741410255432,4765.081649303436
srcnn,baseline,div2k,4,blur,0.5,104,4725,0.05085465121600363,25.273284657796225,0.04898070766357705,22.67575581073761,720,47.79650688171387,4812.87815618515
srcnn,baseline,div2k,4,blur,0.5,105,4770,0.05161392423841688,25.220706939697266,0.04845460589276627,22.680438852310182,720,47.671685218811035,4860.549841403961
srcnn,baseline,div2k,4,blur,0.5,106,4815,0.049313438104258644,25.561928600735136,0.04890638247597963,22.67755138874054,720,47.969189167022705,4908.519030570984
srcnn,baseline,div2k,4,blur,0.5,107,4860,0.05124837648537424,25.25260827806261,0.048060240817721936,22.718152832984924,720,48.115610122680664,4956.634640693665
srcnn,baseline,div2k,4,blur,0.5,108,4905,0.04848611826697986,25.773624716864692,0.047431350674014536,22.75114948749542,720,48.01323890686035,5004.647879600525
srcnn,baseline,div2k,4,blur,0.5,109,4950,0.05101797017786238,25.2644467247857,0.050289519922807814,22.565057229995727,720,47.884608030319214,5052.532487630844
srcnn,baseline,div2k,4,blur,0.5,110,4995,0.05020862420399984,25.461365042792426,0.04735301719047129,22.763522481918336,720,47.780394077301025,5100.312881708145
srcnn,baseline,div2k,4,blur,0.5,111,5040,0.04846424468689495,25.77404001024034,0.04807341228006408,22.73044583797455,720,47.89952802658081,5148.212409734726
srcnn,stagewise,div2k,4,blur,0.5,0,14,0.31208314884591987,10.808473763642487,0.12842369922436775,16.185231459140777,216,28.161868810653687,28.161868810653687
srcnn,stagewise,div2k,4,blur,0.5,1,28,0.13284538824249198,16.506676991780598,0.10738085070624948,17.605787229537963,216,28.80083990097046,56.962708711624146
srcnn,stagewise,div2k,4,blur,0.5,2,42,0.11312144580814573,17.343024995591904,0.09979062252677977,18.16915171146393,216,29.388643980026245,86.35135269165039
srcnn,stagewise,div2k,4,blur,0.5,3,56,0.09953364371149628,18.456992396601922,0.08677048559766262,19.024233889579772,216,29.29615807533264,115.64751076698303
srcnn,stagewise,div2k,4,blur,0.5,4,70,0.09161275376876195,18.817260459617334,0.0762903433991596,19.857440602779388,216,29.35053586959839,144.99804663658142
srcnn,stagewise,div2k,4,blur,0.5,5,84,0.0774155546117712,20.021656036376953,0.06670245495624841,20.71982444524765,216,29.28489899635315,174.28294563293457
srcnn,stagewise,div2k,4,blur,0.5,6,98,0.06891272796524896,20.46135210107874,0.0613507793052122,21.15845410823822,216,29.371800899505615,203.65474653244019
srcnn,stagewise,div2k,4,blur,0.5,7,112,0.06757567753946339,20.5436072172942,0.06118412783835083,21.208530271053313,216,29.02703094482422,232.6817774772644
srcnn,stagewise,div2k,4,blur,0.5,8,126,0.0658284839656618,20.795783431441695,0.06111471087206155,21.247161650657652,216,29.30784797668457,261.989625453949
srcnn,stagewise,div2k,4,blur,0.5,9,140,0.06577182174832732,21.08141228004738,0.061732933996245264,21.23166674375534,216,29.193830966949463,291.18345642089844
srcnn,stagewise,div2k,4,blur,0.5,10,154,0.06558432512813145,20.995741385000724,0.05909958370029926,21.423217010498046,216,29.417479991912842,320.6009364128113
srcnn,stagewise,div2k,4,blur,0.5,11,168,0.06244709425502353,21.65816328260634,0.05717591035645455,21.556545197963715,216,29.502820014953613,350.1037564277649
srcnn,stagewise,div2k,4,blur,0.5,12,182,0.059086427092552185,22.018416651973016,0.05664201714098453,21.619728350639342,216,29.39789390563965,379.50165033340454
srcnn,stagewise,div2k,4,blur,0.5,13,196,0.05717700581859659,22.306747648451065,0.055525085038971154,21.716104865074158,216,29.28610897064209,408.78775930404663
srcnn,stagewise,div2k,4,blur,0.5,14,210,0.058067277901702456,22.26864164846915,0.05563463121652603,21.73408398628235,216,29.361712217330933,438.14947152137756
srcnn,stagewise,div2k,4,blur,0.5,15,224,0.05332506889546359,22.76376102588795,0.05655164087656885,21.683623147010803,216,29.633270025253296,467.78274154663086
srcnn,stagewise,div2k,4,blur,0.5,16,238,0.05451314675587195,22.842552608913845,0.05562281000893563,21.742929315567018,216,29.550527095794678,497.33326864242554
srcnn,stagewise,div2k,4,blur,0.5,17,252,0.05591038821472062,22.598522610134548,0.05651732215192169,21.703441047668456,216,29.43397569656372,526.7672443389893
srcnn,stagewise,div2k,4,blur,0.5,18,266,0.05303619181116422,23.227033403184677,0.05441355414222926,21.83742822408676,216,29.58681082725525,556.3540551662445
srcnn,stagewise,div2k,4,blur,0.5,19,280,0.05488615372666606,23.027580402515554,0.05616165900137275,21.73571778535843,216,29.64546799659729,585.9995231628418
srcnn,stagewise,div2k,4,blur,0.5,20,294,0.05365784438671889,23.10856670803494,0.05423655710183084,21.869572901725768,216,29.33461618423462,615.3341393470764
srcnn,stagewise,div2k,4,blur,0.5,21,308,0.052306603364370485,23.363487031724716,0.05488215173827484,21.842756700515746,216,29.593626022338867,644.9277653694153
srcnn,stagewise,div2k,4,blur,0.5,22,322,0.04977468649546305,23.861799452039932,0.055178328591864556,21.80303564071655,216,29.402588844299316,674.3303542137146
srcnn,stagewise,div2k,4,blur,0.5,23,336,0.05161885434278735,23.644616303620516,0.05493572435807437,21.84350565671921,216,29.44847083091736,703.778825044632
srcnn,stagewise,div2k,4,blur,0.5,24,350,0.052647977929424356,23.584444964373553,0.05594880334101617,21.743042063713073,216,29.322283029556274,733.1011080741882
srcnn,stagewise,div2k,4,blur,0.5,25,364,0.05293491455139937,23.74712018613462,0.057479748781770465,21.644975471496583,216,29.3297700881958,762.430878162384
srcnn,stagewise,div2k,4,blur,0.5,26,378,0.05214566930576607,23.76192636843081,0.053939428785815834,21.904703104496,216,29.310840129852295,791.7417182922363
srcnn,stagewise,div2k,4,blur,0.5,27,392,0.05046543009855129,24.04675688566985,0.054802466509863736,21.8646008849144,216,29.43738293647766,821.179101228714
srcnn,stagewise,div2k,4,blur,0.5,28,406,0.05294219652811686,23.58148482993797,0.055037178774364294,21.84925060272217,216,29.427788734436035,850.60688996315
srcnn,stagewise,div2k,4,blur,0.5,29,420,0.04824484884738922,24.457383614999276,0.054468940466176716,21.89733282327652,216,29.451098918914795,880.0579888820648
srcnn,stagewise,div2k,4,blur,0.5,30,434,0.04872508595387141,24.669193550392432,0.05484052015235648,21.867409229278564,216,29.430291891098022,909.4882807731628
srcnn,stagewise,div2k,4,blur,0.5,31,448,0.049925621736932685,24.19977668479637,0.05338310408405959,21.942256236076354,216,29.19902014732361,938.6873009204865
srcnn,stagewise,div2k,4,blur,0.5,32,462,0.04999627393704874,24.296062893337673,0.05328776559326798,21.953966069221497,216,29.46528196334839,968.1525828838348
srcnn,stagewise,div2k,4,blur,0.5,33,476,0.04606723192113417,25.20522011650933,0.053593775711487976,21.946808207035065,216,29.458845853805542,997.6114287376404
srcnn,stagewise,div2k,4,blur,0.5,34,490,0.047904496667561705,24.91049321492513,0.05398794093634933,21.909372544288637,216,29.238209009170532,1026.849637746811
srcnn,stagewise,div2k,4,blur,0.5,35,504,0.04782566221223937,24.967866826940465,0.05394849360454827,21.93378825187683,216,29.511445999145508,1056.3610837459564
srcnn,stagewise,div2k,4,blur,0.5,36,518,0.050234126272024934,24.25090111626519,0.05432528745150193,21.904049050807952,216,29.40118384361267,1085.762267589569
srcnn,stagewise,div2k,4,blur,0.5,37,532,0.0487160826170886,24.744760160092955,0.05293498436221853,21.983690786361695,216,29.43242597579956,1115.1946935653687
srcnn,stagewise,div2k,4,blur,0.5,38,546,0.04979528376349696,24.36714122913502,0.053743039548862725,21.95104092359543,216,29.25011396408081,1144.4448075294495
srcnn,stagewise,div2k,4,blur,0.5,39,560,0.04735509664924056,25.230206666169344,0.053307187708560376,21.971222019195558,216,29.781299114227295,1174.2261066436768
srcnn,stagewise,div2k,4,blur,0.5,40,574,0.04659368842840195,24.881600909762913,0.05406771785346791,21.918447637557982,216,29.422019243240356,1203.6481258869171
srcnn,stagewise,div2k,4,blur,0.5,41,588,0.048994626573942324,24.731929213912398,0.0552426389651373,21.845497238636018,216,29.598076820373535,1233.2462027072906
srcnn,stagewise,div2k,4,blur,0.5,42,602,0.04821768899758657,24.906144460042317,0.053341665165498854,21.971572744846345,216,29.32231593132019,1262.5685186386108
srcnn,stagewise,div2k,4,blur,0.5,43,616,0.04651722629313116,25.315457661946613,0.05499698407948017,21.86397342681885,216,29.438601970672607,1292.0071206092834
srcnn,stagewise,div2k,4,blur,0.5,44,630,0.052129660491590145,24.295378225821036,0.0541286809486337,21.931974291801453,216,29.218650817871094,1321.2257714271545
srcnn,stagewise,div2k,4,blur,0.5,45,644,0.04412739806705051,25.402173784044052,0.05552582428790629,21.843966615200042,216,29.380944967269897,1350.6067163944244
srcnn,stagewise,div2k,4,blur,0.5,46,658,0.05010863421139894,24.580860279224538,0.052835186035372315,22.01855311393738,216,29.39891791343689,1380.0056343078613
srcnn,stagewise,div2k,4,blur,0.5,47,672,0.0480126217007637,24.77747012950756,0.053091032395604996,21.998998403549194,216,29.78718590736389,1409.7928202152252
srcnn,stagewise,div2k,4,blur,0.5,48,686,0.046350157371273744,25.190342232033057,0.053042413282673805,22.011477053165436,216,29.218544006347656,1439.0113642215729
srcnn,stagewise,div2k,4,blur,0.5,49,700,0.047004070270944526,25.19023980034722,0.05555600211955607,21.83934590816498,216,29.61240315437317,1468.623767375946
srcnn,stagewise,div2k,4,blur,0.5,50,714,0.04690723052179372,25.372981742576318,0.05280975751811638,22.030511116981508,216,29.802780151367188,1498.4265475273132
srcnn,stagewise,div2k,4,blur,0.5,51,728,0.04670068483661722,25.37503496805827,0.05389829756459221,21.97268581390381,216,29.667856693267822,1528.094404220581
srcnn,stagewise,div2k,4,blur,0.5,52,742,0.050105159205419046,24.91289746319806,0.05305103413993493,22.019071555137636,216,29.773410081863403,1557.8678143024445
srcnn,stagewise,div2k,4,blur,0.5,53,756,0.045939640452464424,25.428593670880353,0.05271725268103182,22.035568237304688,216,29.547584056854248,1587.4153983592987
srcnn,stagewise,div2k,4,blur,0.5,54,770,0.04674008074733946,24.943528634530526,0.0533837927156128,21.99473853111267,216,30.465752124786377,1617.881150484085
srcnn,stagewise,div2k,4,blur,0.5,55,784,0.046420264851163934,25.11378931116175,0.055039321316871795,21.886277496814728,216,29.874045848846436,1647.7551963329315
srcnn,stagewise,div2k,4,blur,0.5,56,798,0.04647639780132859,25.499718418827765,0.0558210089802742,21.863310241699217,216,29.673505067825317,1677.4287014007568
srcnn,stagewise,div2k,4,blur,0.5,57,812,0.04573934359682931,25.649130785906756,0.05340904048644006,21.98671556711197,216,29.447686195373535,1706.8763875961304
srcnn,stagewise,div2k,4,blur,0.5,58,826,0.04807860514631978,25.005327154088903,0.05276302460115403,22.039117217063904,216,29.34570002555847,1736.2220876216888
srcnn,stagewise,div2k,4,blur,0.5,59,840,0.045035037453527806,25.583549075656467,0.05306267001433298,22.02877621650696,216,29.240373134613037,1765.4624607563019
srcnn,stagewise,div2k,4,blur,0.5,60,854,0.047471957902113594,24.712461471557617,0.052995219512376936,22.050032091140746,216,29.29095435142517,1794.753415107727
srcnn,stagewise,div2k,4,blur,0.5,61,868,0.04494979494699725,25.907001354076243,0.05277972046751529,22.05753834247589,216,29.394654273986816,1824.1480693817139
srcnn,stagewise,div2k,4,blur,0.5,62,882,0.04910038273643564,24.747470785070348,0.05242564140353352,22.07374006509781,216,29.957206964492798,1854.1052763462067
srcnn,stagewise,div2k,4,blur,0.5,63,896,0.04993664611268927,24.790442643342196,0.05211882176809013,22.08419246673584,216,29.64691996574402,1883.7521963119507
srcnn,stagewise,div2k,4,blur,0.5,64,910,0.04537156762348281,25.66304510611075,0.05445465815719217,21.964289438724517,216,28.712157011032104,1912.4643533229828
srcnn,stagewise,div2k,4,blur,0.5,65,924,0.04653669369441492,25.40561986852575,0.053096759226173164,22.055364847183228,216,28.363332748413086,1940.8276860713959
srcnn,stagewise,div2k,4,blur,0.5,66,938,0.04687186827262243,24.697630846941912,0.05216570277698338,22.088558793067932,216,27.55714774131775,1968.3848338127136
srcnn,stagewise,div2k,4,blur,0.5,67,952,0.0453034793889081,25.605591738665545,0.05220094784162939,22.106882750988007,216,28.128669023513794,1996.5135028362274
srcnn,stagewise,div2k,4,blur,0.5,68,966,0.04496349794445215,25.44613477918837,0.052408316789660604,22.087351965904237,216,27.629154920578003,2024.1426577568054
srcnn,stagewise,div2k,4,blur,0.5,69,980,0.045857510081043946,25.219765769110786,0.05291140006156638,22.050834369659423,216,27.62801194190979,2051.770669698715
srcnn,stagewise,div2k,4,blur,0.5,70,994,0.046714206536610924,25.434609448468244,0.052540924423374234,22.086075294017792,216,28.938732147216797,2080.709401845932
srcnn,stagewise,div2k,4,blur,0.5,71,1008,0.04398289971329548,25.6054362544307,0.05359648150624707,22.028426706790924,216,29.53677725791931,2110.2461791038513
srcnn,stagewise,div2k,4,blur,0.5,72,1022,0.04490239117984419,25.69277615017361,0.0527677803998813,22.083841466903685,216,30.936734914779663,2141.182914018631
srcnn,stagewise,div2k,4,blur,0.5,73,1036,0.0464085770977868,25.380513155901873,0.052783966914284976,22.094284105300904,216,29.315845727920532,2170.4987597465515
srcnn,stagewise,div2k,4,blur,0.5,74,1050,0.04790433827373716,24.954057693481445,0.052243694686330854,22.11874394416809,216,29.455689907073975,2199.9544496536255
srcnn,stagewise,div2k,4,blur,0.5,75,1064,0.049432856755124197,24.757122181080007,0.052836060186382386,22.06974470615387,216,29.703850984573364,2229.658300638199
srcnn,stagewise,div2k,4,blur,0.5,76,1078,0.04847317713278311,24.845371175695348,0.052329393418040125,22.121705317497252,216,29.697493314743042,2259.355793952942
srcnn,stagewise,div2k,4,blur,0.5,77,1092,0.04413422252292986,25.69167384394893,0.053867657645605506,22.00800552368164,216,29.732670783996582,2289.0884647369385
srcnn,stagewise,div2k,4,blur,0.5,78,1106,0.0462870321891926,25.117016121193213,0.05231084056431427,22.094115257263184,216,29.614020109176636,2318.702484846115
srcnn,stagewise,div2k,4,blur,0.5,79,1120,0.047594208270311356,24.977087797941984,0.05312693913001567,22.070875203609468,216,29.80489706993103,2348.507381916046
srcnn,stagewise,div2k,4,blur,0.5,80,1134,0.046657052718930773,25.260675077085143,0.051725053612608464,22.14301288127899,216,29.619765996932983,2378.127147912979
srcnn,stagewise,div2k,4,blur,0.5,81,1148,0.04639523904080744,25.51221791020146,0.05236807492328808,22.12802208662033,216,29.61828112602234,2407.7454290390015
srcnn,stagewise,div2k,4,blur,0.5,82,1162,0.045012477371427745,25.670095019870335,0.05163409587694332,22.152791881561278,216,29.55299997329712,2437.2984290122986
srcnn,stagewise,div2k,4,blur,0.5,83,1176,0.046688588681044405,25.308100241201895,0.05168344131670892,22.15544488430023,216,29.508741855621338,2466.80717086792
srcnn,stagewise,div2k,4,blur,0.5,84,1190,0.04601071968122765,25.167678267867476,0.05151313265087083,22.165538203716277,216,29.788496017456055,2496.595666885376
srcnn,stagewise,div2k,4,blur,0.5,85,1204,0.04508520207471318,25.60470015914352,0.05256843916140497,22.083641052246094,216,30.055418729782104,2526.651085615158
srcnn,stagewise,div2k,4,blur,0.5,86,1218,0.04250536803846006,26.126167368005824,0.05194840666372329,22.144619154930115,216,29.503190994262695,2556.154276609421
srcnn,stagewise,div2k,4,blur,0.5,87,1232,0.046202507283952504,25.225630018446182,0.05168714687461033,22.154651474952697,216,29.665987014770508,2585.8202636241913
srcnn,stagewise,div2k,4,blur,0.5,88,1246,0.04692209870726974,25.140243106418186,0.051900965033564714,22.14047951698303,216,29.742148876190186,2615.5624125003815
srcnn,stagewise,div2k,4,blur,0.5,89,1260,0.044375986964614304,25.840934612132884,0.051794023590628055,22.142481517791747,216,29.606212854385376,2645.168625354767
srcnn,stagewise,div2k,4,blur,0.5,90,1274,0.04805954352573112,24.77603488498264,0.05351030394667759,22.051728355884553,216,29.664704084396362,2674.833329439163
srcnn,stagewise,div2k,4,blur,0.5,91,1288,0.041559612585438624,26.58579812226472,0.05420606043189764,22.011916196346284,216,29.60841679573059,2704.441746234894
srcnn,stagewise,div2k,4,blur,0.5,92,1302,0.04961761045787069,24.392051484849716,0.05132746794261038,22.19464820623398,216,29.636541843414307,2734.078288078308
srcnn,stagewise,div2k,4,blur,0.5,93,1316,0.04564130540799211,25.799380125822843,0.051438173151109365,22.18297698497772,216,29.466832160949707,2763.545120239258
srcnn,stagewise,div2k,4,blur,0.5,94,1330,0.04399055987596512,25.81401189168294,0.05395054898690432,21.999902975559234,216,29.540677070617676,2793.0857973098755
srcnn,stagewise,div2k,4,blur,0.5,95,1344,0.045181079043282404,25.501808731644243,0.051412804389838127,22.193719696998595,216,29.27858018875122,2822.3643774986267
srcnn,stagewise,div2k,4,blur,0.5,96,1358,0.04797249108001038,25.22307671440972,0.05223551770905033,22.153733575344084,216,29.59813404083252,2851.9625115394592
srcnn,stagewise,div2k,4,blur,0.5,97,1372,0.047994453046056956,25.1467697708695,0.051037214766256514,22.213472485542297,216,30.071838855743408,2882.0343503952026
srcnn,stagewise,div2k,4,blur,0.5,98,1386,0.044360486445603545,25.665790699146413,0.052357798523735254,22.158046984672545,216,30.21619200706482,2912.2505424022675
srcnn,stagewise,div2k,4,blur,0.5,99,1400,0.04639633400020776,25.167629524513526,0.05264191675232723,22.134651041030885,216,29.59490990638733,2941.845452308655
srcnn,stagewise,div2k,4,blur,0.5,100,1414,0.04418851531766079,25.71628740098741,0.05246596107026562,22.143338334560394,216,30.1906099319458,2972.0360622406006
srcnn,stagewise,div2k,4,blur,0.5,101,1428,0.046869545761081904,25.198809729682075,0.051375646307133135,22.180664801597594,216,29.681034088134766,3001.7170963287354
srcnn,stagewise,div2k,4,blur,0.5,102,1442,0.04506724245018429,25.963191703513818,0.05227240775711835,22.128953337669373,216,29.692749977111816,3031.409846305847
srcnn,stagewise,div2k,4,blur,0.5,103,1456,0.04582062363624573,25.408618715074326,0.05135273947380483,22.20648459196091,216,29.548233032226562,3060.9580793380737
srcnn,stagewise,div2k,4,blur,0.5,104,1470,0.04592477668214728,25.57858657836914,0.05118329506367445,22.22521141767502,216,29.720053911209106,3090.678133249283
srcnn,stagewise,div2k,4,blur,0.5,105,1484,0.04249040851438487,26.065304791485822,0.052194479620084167,22.150404310226442,216,29.582102060317993,3120.260235309601
srcnn,stagewise,div2k,4,blur,0.5,106,1498,0.04793757669351719,24.904477578622323,0.05135781147982925,22.19695861339569,216,29.55604314804077,3149.8162784576416
srcnn,stagewise,div2k,4,blur,0.5,107,1512,0.04684919919128771,25.41838200887044,0.05234527856810019,22.168380117416383,216,29.27340316772461,3179.089681625366
srcnn,stagewise,div2k,4,blur,0.5,108,1526,0.04613957554101944,25.36354015491627,0.05263569136150181,22.15545645952225,216,29.520358324050903,3208.610039949417
srcnn,stagewise,div2k,4,blur,0.5,109,1540,0.04572910125608797,25.468855116102432,0.05119573174742982,22.236913430690766,216,29.76094102859497,3238.370980978012
srcnn,stagewise,div2k,4,blur,0.5,110,1554,0.04621737119224337,25.303151731137877,0.05235455780057237,22.151058292388917,216,29.72110605239868,3268.0920870304108
srcnn,stagewise,div2k,4,blur,0.5,111,1568,0.04615390052398046,25.39409277174208,0.05132143268128857,22.21037368774414,216,29.335701942443848,3297.4277889728546
srcnn,stagewise,div2k,4,blur,0.5,112,1582,0.045038202984465495,25.42036204867893,0.05098641411168501,22.24869101047516,216,29.76250910758972,3327.1902980804443
srcnn,stagewise,div2k,4,blur,0.5,113,1596,0.047596439719200134,24.95103581746419,0.05126161593943834,22.248741364479066,216,29.954429864883423,3357.1447279453278
srcnn,stagewise,div2k,4,blur,0.5,114,1610,0.046961643215682775,24.90684989646629,0.051069210399873555,22.246111106872558,216,29.345407962799072,3386.490135908127
srcnn,stagewise,div2k,4,blur,0.5,115,1624,0.04412575176468602,26.087903764512802,0.05122176234144717,22.23231848478317,216,29.70878505706787,3416.1989209651947
srcnn,stagewise,div2k,4,blur,0.5,116,1638,0.043039119216027086,25.832684269657843,0.051028083567507564,22.23636747598648,216,29.766950130462646,3445.9658710956573
srcnn,stagewise,div2k,4,blur,0.5,117,1652,0.043993633792356206,25.557881531892,0.052204709046054634,22.146108043193816,216,29.548217058181763,3475.514088153839
srcnn,stagewise,div2k,4,blur,0.5,118,1666,0.0429074110256301,25.970264788027162,0.05062507230322808,22.264671552181245,216,29.26693296432495,3504.781021118164
srcnn,stagewise,div2k,4,blur,0.5,119,1680,0.06509868386718962,22.588269692880136,0.05103485091822222,22.23247722387314,216,29.535218000411987,3534.316239118576
srcnn,stagewise,div2k,4,blur,0.5,120,1694,0.061987361284317796,22.947098908600985,0.050940278265625236,22.260095357894897,216,30.05016016960144,3564.3663992881775
srcnn,stagewise,div2k,4,blur,0.5,121,1708,0.06119461523161994,22.79268596790455,0.05074384424369782,22.27456316947937,216,29.548213958740234,3593.9146132469177
srcnn,stagewise,div2k,4,blur,0.5,122,1722,0.06019505361715952,22.847263477466726,0.05113911697408184,22.263014900684357,216,30.75135374069214,3624.66596698761
srcnn,stagewise,div2k,4,blur,0.5,123,1736,0.06604567501280043,21.688810136583115,0.05087677207775414,22.25304780006409,216,29.626323223114014,3654.292290210724
srcnn,stagewise,div2k,4,blur,0.5,124,1750,0.0635964675909943,22.490761509648078,0.05053834925638512,22.275164771080018,216,29.79193902015686,3684.0842292308807
srcnn,stagewise,div2k,4,blur,0.5,125,1764,0.0584412537239216,22.715219992178458,0.05373129891231656,22.05224095582962,216,29.947798013687134,3714.032027244568
srcnn,stagewise,div2k,4,blur,0.5,126,1778,0.06368253918157683,22.169062084621853,0.05143208794761449,22.24183498620987,216,30.101465225219727,3744.1334924697876
srcnn,stagewise,div2k,4,blur,0.5,127,1792,0.05938071785149751,22.427410832157843,0.051643586449790745,22.26859917640686,216,29.724933862686157,3773.8584263324738
srcnn,stagewise,div2k,4,blur,0.5,128,1806,0.05900489525110633,22.66251090720848,0.05041431274730712,22.31067249774933,216,30.67897081375122,3804.537397146225
srcnn,stagewise,div2k,4,blur,0.5,129,1820,0.059967705221087846,22.343339708116318,0.05126021023606882,22.27280616760254,216,29.95568609237671,3834.4930832386017
srcnn,stagewise,div2k,4,blur,0.5,130,1834,0.057813735195884,22.840044374819154,0.05332900979556143,22.075788068771363,216,29.537874937057495,3864.030958175659
srcnn,stagewise,div2k,4,blur,0.5,131,1848,0.05962802662893578,22.595779842800564,0.0502912339521572,22.303035020828247,216,29.990968942642212,3894.0219271183014
srcnn,stagewise,div2k,4,blur,0.5,132,1862,0.058746967326711724,22.73870920251917,0.05019774141255766,22.336838841438293,216,30.029742002487183,3924.0516691207886
srcnn,stagewise,div2k,4,blur,0.5,133,1876,0.062144257680133534,22.327076594034832,0.049999050446785986,22.325738430023193,216,30.613242864608765,3954.6649119853973
srcnn,stagewise,div2k,4,blur,0.5,134,1890,0.06322686181024269,22.077714849401403,0.0514258231385611,22.29612694978714,216,29.706976890563965,3984.3718888759613
srcnn,stagewise,div2k,4,blur,0.5,135,1904,0.06066656305834099,22.10377375284831,0.05062272195937112,22.312125396728515,216,29.979039907455444,4014.3509287834167
srcnn,stagewise,div2k,4,blur,0.5,136,1918,0.062126159116073894,22.191792947274667,0.05070141998585313,22.30787898302078,216,29.772259950637817,4044.1231887340546
srcnn,stagewise,div2k,4,blur,0.5,137,1932,0.0636763647198677,21.820309674298322,0.05097391557646915,22.29256566762924,216,30.007954120635986,4074.1311428546906
srcnn,stagewise,div2k,4,blur,0.5,138,1946,0.05821080643821646,22.58384139449508,0.05033787313150242,22.353260123729704,216,30.19005513191223,4104.321197986603
srcnn,stagewise,div2k,4,blur,0.5,139,1960,0.06061194257603751,22.409101556848597,0.05014437517384067,22.312424969673156,216,30.02518916130066,4134.346387147903
srcnn,stagewise,div2k,4,blur,0.5,140,1974,0.0600098583985258,23.00135676066081,0.05015808753669262,22.33653794527054,216,30.07468008995056,4164.421067237854
srcnn,stagewise,div2k,4,blur,0.5,141,1988,0.06283452913716987,22.11261494954427,0.04984238959150389,22.382646369934083,216,29.784698963165283,4194.205766201019
srcnn,stagewise,div2k,4,blur,0.5,142,2002,0.05913065456681781,22.782561054936163,0.050399626651778814,22.360110795497896,216,29.844136953353882,4224.049903154373
srcnn,stagewise,div2k,4,blur,0.5,143,2016,0.05736142976416482,23.02171262105306,0.05117731756763533,22.24391689300537,216,29.661736965179443,4253.711640119553
srcnn,stagewise,div2k,4,blur,0.5,144,2030,0.05974480495960624,22.682682461208767,0.04980418893974274,22.35683171749115,216,29.67860198020935,4283.390242099762
srcnn,stagewise,div2k,4,blur,0.5,145,2044,0.05538854389278977,23.273197739212602,0.04975963530596346,22.370573794841768,216,29.845622062683105,4313.235864162445
srcnn,stagewise,div2k,4,blur,0.5,146,2058,0.05517537505538375,23.260465763233327,0.049474744615145026,22.38660078048706,216,29.674946069717407,4342.9108102321625
srcnn,stagewise,div2k,4,blur,0.5,147,2072,0.05733904104541849,23.129489616111474,0.04994635838083923,22.36307213306427,216,29.77279806137085,4372.683608293533
srcnn,stagewise,div2k,4,blur,0.5,148,2086,0.0590224900731334,22.407517397845233,0.05072084892308339,22.37832419872284,216,30.50301504135132,4403.186623334885
srcnn,stagewise,div2k,4,blur,0.5,149,2100,0.05299507164292865,23.42521448488589,0.05020254608243704,22.377583372592927,216,29.825164794921875,4433.0117881298065
srcnn,stagewise,div2k,4,blur,0.5,150,2114,0.05613168522163674,23.318503344500506,0.04990896328818053,22.401814150810242,216,30.16039800643921,4463.172186136246
srcnn,stagewise,div2k,4,blur,0.5,151,2128,0.059947810929130624,22.528216891818577,0.049252038553822784,22.42053656578064,216,30.143258810043335,4493.315444946289
srcnn,stagewise,div2k,4,blur,0.5,152,2142,0.05734263250121364,22.72308533279984,0.05031371481018141,22.395148527622222,216,30.02617621421814,4523.341621160507
srcnn,stagewise,div2k,4,blur,0.5,153,2156,0.05707113886321032,22.851209711145472,0.0505262499442324,22.393672227859497,216,29.618608951568604,4552.960230112076
srcnn,stagewise,div2k,4,blur,0.5,154,2170,0.058216107112390024,22.546157907556605,0.04978923232993111,22.391053009033204,216,29.61189603805542,4582.572126150131
srcnn,stagewise,div2k,4,blur,0.5,155,2184,0.05725578963756561,22.936550281665944,0.049809981929138304,22.419323110580443,216,29.51255702972412,4612.084683179855
srcnn,stagewise,div2k,4,blur,0.5,156,2198,0.05616159212810022,23.265069467050058,0.051588527334388345,22.27176240682602,216,29.810564756393433,4641.895247936249
srcnn,stagewise,div2k,4,blur,0.5,157,2212,0.055916733763836046,23.05773388897931,0.05068576883058995,22.411120545864105,216,29.886616945266724,4671.7818648815155
srcnn,stagewise,div2k,4,blur,0.5,158,2226,0.05808925877014796,22.85485302960431,0.04997650098521263,22.446557545661925,216,29.857831954956055,4701.639696836472
srcnn,stagewise,div2k,4,blur,0.5,159,2240,0.057669711471707734,22.882265161584925,0.049485876224935055,22.412433528900145,216,29.852942943572998,4731.492639780045
srcnn,stagewise,div2k,4,blur,0.5,160,2254,0.05752788014985897,22.89994677790889,0.04996501310961321,22.414028060436248,216,30.399514198303223,4761.892153978348
srcnn,stagewise,div2k,4,blur,0.5,161,2268,0.05878620539550428,22.80342158564815,0.04924846269423142,22.45785746574402,216,29.667351007461548,4791.559504985809
srcnn,stagewise,div2k,4,blur,0.5,162,2282,0.05631262891822391,22.989222915084273,0.049281259591225535,22.475559759140015,216,30.147305011749268,4821.706809997559
srcnn,stagewise,div2k,4,blur,0.5,163,2296,0.05424709742267927,23.247209902162904,0.04924505584640428,22.47231992483139,216,29.71502375602722,4851.421833753586
srcnn,stagewise,div2k,4,blur,0.5,164,2310,0.05838228499999753,22.751852953875506,0.04958096131449565,22.467541813850403,216,29.69749689102173,4881.1193306446075
srcnn,stagewise,div2k,4,blur,0.5,165,2324,0.05881070814750813,22.71014220626266,0.05101313814520836,22.323595380783082,216,29.690200090408325,4910.809530735016
srcnn,stagewise,div2k,4,blur,0.5,166,2338,0.05900675030770125,22.844106179696542,0.049388746125623585,22.486530017852782,216,29.794215202331543,4940.603745937347
srcnn,stagewise,div2k,4,blur,0.5,167,2352,0.056265067723062306,22.904624938964844,0.05031155183678493,22.415642631053924,216,30.03470015525818,4970.638446092606
srcnn,stagewise,div2k,4,blur,0.5,168,2366,0.05841830759136765,22.728612263997395,0.04912128105061129,22.4724613904953,216,29.784932851791382,5000.423378944397
srcnn,stagewise,div2k,4,blur,0.5,169,2380,0.0567895190583335,22.989076685022425,0.04947987059131265,22.50411810874939,216,30.046995878219604,5030.470374822617
srcnn,stagewise,div2k,4,blur,0.5,170,2394,0.05857177271887108,22.709236710159868,0.04897994021885097,22.507778930664063,216,29.880181074142456,5060.350555896759
srcnn,stagewise,div2k,4,blur,0.5,171,2408,0.0574646164421682,22.811209078188295,0.04892435031943023,22.51299080848694,216,29.685465097427368,5090.036020994186
srcnn,stagewise,div2k,4,blur,0.5,172,2422,0.05880586913338414,22.59684725160952,0.04898789029102772,22.50281628370285,216,30.028093099594116,5120.0641140937805
srcnn,stagewise,div2k,4,blur,0.5,173,2436,0.057361294273976925,22.875110767505788,0.04902664013206959,22.51048949956894,216,29.67740225791931,5149.7415163517
srcnn,stagewise,div2k,4,blur,0.5,174,2450,0.05513613781443349,23.223577075534397,0.048630944883916526,22.530166482925416,216,29.568326234817505,5179.309842586517
srcnn,stagewise,div2k,4,blur,0.5,175,2464,0.05392760921407629,23.734849435311776,0.049397678405512124,22.457338643074035,216,29.651204109191895,5208.961046695709
srcnn,stagewise,div2k,4,blur,0.5,176,2478,0.05568911687091545,23.12945231684932,0.05072484059492126,22.470097100734712,216,29.632627964019775,5238.593674659729
srcnn,stagewise,div2k,4,blur,0.5,177,2492,0.05733991276334833,23.18447819462529,0.04990085439058021,22.417743623256683,216,29.803215742111206,5268.39689040184
srcnn,stagewise,div2k,4,blur,0.5,178,2506,0.060572737344989074,22.400169160630966,0.048995352059137076,22.540271818637848,216,29.49878978729248,5297.895680189133
srcnn,stagewise,div2k,4,blur,0.5,179,2520,0.05924082961347368,22.521704921015985,0.04942384142195806,22.528599321842194,216,29.73938012123108,5327.635060310364
srcnn,stagewise,div2k,4,blur,0.5,180,2534,0.0564525466826227,23.00820364775481,0.04883356628706679,22.526778364181517,216,29.765401124954224,5357.400461435318
srcnn,stagewise,div2k,4,blur,0.5,181,2548,0.057690094190615195,22.777044790762442,0.04853749703615904,22.55351827144623,216,29.621543884277344,5387.022005319595
srcnn,stagewise,div2k,4,blur,0.5,182,2562,0.05673799843147949,23.13267891495316,0.049188916804268956,22.5456445813179,216,30.05358386039734,5417.075589179993
srcnn,stagewise,div2k,4,blur,0.5,183,2576,0.056612825917976874,23.227564281887478,0.04915924818487838,22.5417697429657,216,30.033897161483765,5447.109486341476
srcnn,stagewise,div2k,4,blur,0.5,184,2590,0.05738152811924616,22.77320593374747,0.04883389897877351,22.558045959472658,216,29.771812200546265,5476.881298542023
srcnn,stagewise,div2k,4,blur,0.5,185,2604,0.05654713759819666,23.1087356849953,0.048868292151018976,22.54910477399826,216,29.798596143722534,5506.679894685745
srcnn,stagewise,div2k,4,blur,0.5,186,2618,0.057019605542774555,22.925814451994718,0.04841230007587001,22.580746626853944,216,29.729928970336914,5536.409823656082
srcnn,stagewise,div2k,4,blur,0.5,187,2632,0.05455120156208674,23.489317858660662,0.049073026527184996,22.520660090446473,216,29.757843017578125,5566.16766667366
srcnn,stagewise,div2k,4,blur,0.5,188,2646,0.05594918573344195,23.16292310644079,0.04824672976974398,22.60154981613159,216,30.01048707962036,5596.178153753281
srcnn,stagewise,div2k,4,blur,0.5,189,2660,0.05520053897742872,23.317873071741175,0.048273070435971024,22.602061092853546,216,29.988347053527832,5626.1665008068085
srcnn,stagewise,div2k,4,blur,0.5,190,2674,0.05718021343151728,23.301943955598055,0.048283805465325715,22.59601171016693,216,30.18719506263733,5656.353695869446
srcnn,stagewise,div2k,4,blur,0.5,191,2688,0.05566732778593346,23.181695443612558,0.05258051633136347,22.354674553871156,216,28.82593607902527,5685.179631948471
srcnn,stagewise,div2k,4,blur,0.5,192,2702,0.05737640267169034,22.938101026746963,0.050002403627149763,22.482619631290437,216,28.653345108032227,5713.832977056503
srcnn,stagewise,div2k,4,blur,0.5,193,2716,0.05695198476314545,22.783084374886972,0.04941699565388262,22.57511262893677,216,28.508623123168945,5742.341600179672
srcnn,stagewise,div2k,4,blur,0.5,194,2730,0.055539191872985276,23.255462858412002,0.04822607872774824,22.620558905601502,216,28.031960248947144,5770.373560428619
srcnn,stagewise,div2k,4,blur,0.5,195,2744,0.05715325309170617,22.85735257466634,0.048595563811250034,22.586057567596434,216,29.042471170425415,5799.416031599045
srcnn,stagewise,div2k,4,blur,0.5,196,2758,0.05916713785242151,22.60762490166558,0.04872039039619267,22.576054191589357,216,29.992146015167236,5829.408177614212
srcnn,stagewise,div2k,4,blur,0.5,197,2772,0.058795976418036,22.87566630045573,0.04810844521271065,22.61092985868454,216,29.914376974105835,5859.322554588318
srcnn,stagewise,div2k,4,blur,0.5,198,2786,0.057378004408544965,22.90698383472584,0.04944718803744763,22.51134808063507,216,30.095028162002563,5889.41758275032
srcnn,stagewise,div2k,4,blur,0.5,199,2800,0.053059812911130766,23.75692876180013,0.048997254483401774,22.607856917381287,216,30.10352897644043,5919.521111726761
srcnn,stagewise,div2k,4,blur,0.5,200,2814,0.052209774377169435,23.699159763477468,0.048069275286979976,22.64399631023407,216,29.729878902435303,5949.250990629196
srcnn,stagewise,div2k,4,blur,0.5,201,2828,0.05422883232434591,23.34218180621112,0.04975956495618448,22.56746335029602,216,29.751343965530396,5979.002334594727
srcnn,stagewise,div2k,4,blur,0.5,202,2842,0.054258196304241814,23.336839887830948,0.051690099225379524,22.374903452396392,216,30.62075686454773,6009.623091459274
srcnn,stagewise,div2k,4,blur,0.5,203,2856,0.0558629353289251,23.3235412173801,0.049422027508262543,22.59121651649475,216,29.970886945724487,6039.593978404999
srcnn,stagewise,div2k,4,blur,0.5,204,2870,0.05624623458694528,23.258569222909433,0.04918939422350377,22.56567703485489,216,30.090590000152588,6069.684568405151
srcnn,stagewise,div2k,4,blur,0.5,205,2884,0.052410313652621374,23.626707854094327,0.04821570864878595,22.65055606365204,216,30.278218030929565,6099.962786436081
srcnn,stagewise,div2k,4,blur,0.5,206,2898,0.055079393088817596,23.425069597032333,0.047899950097780676,22.663546204566956,216,29.96606993675232,6129.928856372833
srcnn,stagewise,div2k,4,blur,0.5,207,2912,0.055908166975886735,23.189125343605323,0.05086340827401727,22.505430340766907,216,30.049240112304688,6159.978096485138
srcnn,stagewise,div2k,4,blur,0.5,208,2926,0.05766375418062563,23.06695231684932,0.049711593077518046,22.557911884784698,216,30.15202283859253,6190.1301193237305
srcnn,stagewise,div2k,4,blur,0.5,209,2940,0.05999904815797453,22.685659761782045,0.049302245455328374,22.55423069000244,216,29.817265033721924,6219.947384357452
srcnn,stagewise,div2k,4,blur,0.5,210,2954,0.05390134026054983,23.287744734022354,0.049784925673156975,22.532369661331177,216,29.976810932159424,6249.924195289612
srcnn,stagewise,div2k,4,blur,0.5,211,2968,0.056442948127234424,23.019342846340603,0.048683440615423026,22.644567096233366,216,30.07118797302246,6279.995383262634
srcnn,stagewise,div2k,4,blur,0.5,212,2982,0.05312087331657057,23.923801139548974,0.04791934636887163,22.672116112709045,216,30.121166944503784,6310.116550207138
srcnn,stagewise,div2k,4,blur,0.5,213,2996,0.0572608539627658,22.935576686152704,0.048539135430473834,22.652022588253022,216,30.107082843780518,6340.223633050919
srcnn,stagewise,div2k,4,blur,0.5,214,3010,0.05562248908811145,23.15904716209129,0.04774287798209116,22.68507241010666,216,29.91516089439392,6370.1387939453125
srcnn,stagewise,div2k,4,blur,0.5,215,3024,0.05375994107237569,23.754690382215713,0.0489363812841475,22.611115479469298,216,30.210241079330444,6400.349035024643
srcnn,stagewise,div2k,4,blur,0.5,216,3038,0.05577537058680146,23.285533269246418,0.04873606087639928,22.62028512954712,216,30.097986936569214,6430.447021961212
srcnn,stagewise,div2k,4,blur,0.5,217,3052,0.05701749054370103,23.15323653044524,0.04941578812431544,22.556356287002565,216,29.999984979629517,6460.447006940842
srcnn,stagewise,div2k,4,blur,0.5,218,3066,0.05426689389127272,23.59618497777868,0.048707672173623,22.635993230342866,216,29.793644905090332,6490.240651845932
srcnn,stagewise,div2k,4,blur,0.5,219,3080,0.05649598812063535,23.18605677286784,0.04878981048241258,22.57693758010864,216,29.798649072647095,6520.039300918579
srcnn,stagewise,div2k,4,blur,0.5,220,3094,0.05516885690115116,23.211153030395508,0.0478085913695395,22.697549772262573,216,30.15977120399475,6550.199072122574
srcnn,stagewise,div2k,4,blur,0.5,221,3108,0.05755689795370455,22.733659320407444,0.048007216153200714,22.702374863624573,216,29.97230625152588,6580.1713783741
srcnn,stagewise,div2k,4,blur,0.5,222,3122,0.055789627962642245,23.320199330647785,0.04855000467505306,22.65567555427551,216,29.92488384246826,6610.096262216568
srcnn,stagewise,div2k,4,blur,0.5,223,3136,0.0584709121397248,23.075904422336155,0.04792501148767769,22.701246631145477,216,30.2239511013031,6640.320213317871
srcnn,stagewise,div2k,4,blur,0.5,224,3150,0.054009527519897176,23.57603214405201,0.0480675364844501,22.69675757884979,216,30.104913234710693,6670.425126552582
srcnn,stagewise,div2k,4,blur,0.5,225,3164,0.056136718226803675,23.196678161621094,0.04771618184167892,22.700972867012023,216,30.27490520477295,6700.700031757355
srcnn,stagewise,div2k,4,blur,0.5,226,3178,0.055094561367123214,23.509392773663556,0.04782546835485846,22.71495200395584,216,30.27601408958435,6730.976045846939
srcnn,stagewise,div2k,4,blur,0.5,227,3192,0.05656172086795171,23.091311278166593,0.04910530321067199,22.623880541324617,216,30.215841054916382,6761.1918869018555
srcnn,stagewise,div2k,4,blur,0.5,228,3206,0.058105395899878606,22.77270465426975,0.04848524548579007,22.703544211387634,216,30.05948805809021,6791.251374959946
srcnn,stagewise,div2k,4,blur,0.5,229,3220,0.0576340150501993,22.869746455439813,0.05003987222444266,22.55743932723999,216,29.887088775634766,6821.13846373558
srcnn,stagewise,div2k,4,blur,0.5,230,3234,0.05774578686665605,22.864011764526367,0.04875688451575115,22.683600521087648,216,29.827769994735718,6850.966233730316
srcnn,stagewise,div2k,4,blur,0.5,231,3248,0.056404441871024946,23.10564140037254,0.048912086966447534,22.678889513015747,216,29.970107316970825,6880.936341047287
srcnn,stagewise,div2k,4,blur,0.5,232,3262,0.056245575210562455,23.122221840752495,0.04806110752979294,22.69135502576828,216,30.03066325187683,6910.967004299164
srcnn,stagewise,div2k,4,blur,0.5,233,3276,0.055205916364987694,23.41688424569589,0.04818737769965083,22.70330755710602,216,30.11821413040161,6941.085218429565
srcnn,stagewise,div2k,4,blur,0.5,234,3290,0.05654346694548925,23.01271410341616,0.04858854204649106,22.654075372219086,216,29.543793201446533,6970.629011631012
srcnn,stagewise,div2k,4,blur,0.5,235,3304,0.05490769501085634,23.102298665929723,0.048247071378864345,22.71111891269684,216,30.29921793937683,7000.928229570389
srcnn,stagewise,div2k,4,blur,0.5,236,3318,0.057360922572789366,22.97659902219419,0.04757930947234854,22.732318258285524,216,30.132837057113647,7031.061066627502
srcnn,stagewise,div2k,4,blur,0.5,237,3332,0.055444321146717775,23.383611961647315,0.04825543281622231,22.688054049015044,216,30.998740911483765,7062.059807538986
srcnn,stagewise,div2k,4,blur,0.5,238,3346,0.05579085992994132,23.41675850197121,0.04892218068707734,22.701371955871583,216,30.044238805770874,7092.104046344757
srcnn,stagewise,div2k,4,blur,0.5,239,3364,0.049587273970246315,25.742090861002605,0.04842266472987831,22.692824363708496,288,32.04679203033447,7124.150838375092
srcnn,stagewise,div2k,4,blur,0.5,240,3382,0.06400920636951923,22.458773718939888,0.04805908306734637,22.725758612155914,288,32.62437200546265,7156.775210380554
srcnn,stagewise,div2k,4,blur,0.5,241,3400,0.06549449202915032,22.14957374996609,0.04854295069817453,22.651225447654724,288,32.88399529457092,7189.659205675125
srcnn,stagewise,div2k,4,blur,0.5,242,3418,0.0599261981745561,23.04727077484131,0.0479751548031345,22.70846244096756,288,32.51944136619568,7222.178647041321
srcnn,stagewise,div2k,4,blur,0.5,243,3436,0.0634360011253092,22.7282469007704,0.047897226351778954,22.726540446281433,288,32.54597806930542,7254.724625110626
srcnn,stagewise,div2k,4,blur,0.5,244,3454,0.059253680209318794,23.241906272040474,0.0479116344708018,22.736078286170958,288,32.28624701499939,7287.010872125626
srcnn,stagewise,div2k,4,blur,0.5,245,3472,0.06118353000945515,22.622416920132107,0.04922906450228766,22.651298809051514,288,32.75002598762512,7319.760898113251
srcnn,stagewise,div2k,4,blur,0.5,246,3490,0.05883641168475151,22.85015360514323,0.04851865454111248,22.70415332317352,288,32.94183897972107,7352.702737092972
srcnn,stagewise,div2k,4,blur,0.5,247,3508,0.062487110702527895,22.398358662923176,0.04762427801033482,22.740150487422945,288,32.773860931396484,7385.476598024368
srcnn,stagewise,div2k,4,blur,0.5,248,3526,0.061119536558787026,22.699244923061794,0.04990006876178086,22.6042422413826,288,33.0173077583313,7418.4939057827
srcnn,stagewise,div2k,4,blur,0.5,249,3544,0.06101475180023246,22.66216892666287,0.050088730559218676,22.5540828704834,288,32.86349701881409,7451.357402801514
srcnn,stagewise,div2k,4,blur,0.5,250,3562,0.0632756029566129,22.31019613477919,0.048057266080286355,22.749192440509795,288,32.763023138046265,7484.12042593956
srcnn,stagewise,div2k,4,blur,0.5,251,3580,0.058526687117086515,23.092061784532333,0.049437482480425385,22.643860375881196,288,32.9921190738678,7517.112545013428
srcnn,stagewise,div2k,4,blur,0.5,252,3598,0.06200324619809786,22.510469966464573,0.0477961246855557,22.73697693347931,288,32.54023814201355,7549.652783155441
srcnn,stagewise,div2k,4,blur,0.5,253,3616,0.061924171530538134,22.427979787190754,0.047807027539238336,22.732076823711395,288,32.632296323776245,7582.2850794792175
srcnn,stagewise,div2k,4,blur,0.5,254,3634,0.06117370083100266,22.729142294989693,0.04878743755398318,22.670016014575957,288,33.252609968185425,7615.537689447403
srcnn,stagewise,div2k,4,blur,0.5,255,3652,0.06017715194159084,22.890194151136612,0.04780736846150831,22.75543361902237,288,32.64521527290344,7648.182904720306
srcnn,stagewise,div2k,4,blur,0.5,256,3670,0.06334679387509823,22.35740417904324,0.04809071198105812,22.75856158733368,288,32.922104835510254,7681.105009555817
srcnn,stagewise,div2k,4,blur,0.5,257,3688,0.05966218333277437,22.71066485510932,0.047881463973317294,22.756391203403474,288,32.709996938705444,7713.815006494522
srcnn,stagewise,div2k,4,blur,0.5,258,3706,0.061988369251290955,22.47317494286431,0.048062969278544185,22.74050054550171,288,32.88342595100403,7746.698432445526
srcnn,stagewise,div2k,4,blur,0.5,259,3724,0.06093721774717172,22.63100571102566,0.048027322674170134,22.759471774101257,288,32.86666703224182,7779.565099477768
srcnn,stagewise,div2k,4,blur,0.5,260,3742,0.060198865830898285,22.77659077114529,0.04733663270017132,22.792526566982268,288,32.89821696281433,7812.463316440582
srcnn,stagewise,div2k,4,blur,0.5,261,3760,0.05926364680959119,22.739578670925564,0.049994657060597095,22.616463077068328,288,32.83313512802124,7845.2964515686035
srcnn,stagewise,div2k,4,blur,0.5,262,3778,0.05778758434785737,22.85689247979058,0.04739185548387468,22.79874186515808,288,32.789048194885254,7878.085499763489
srcnn,stagewise,div2k,4,blur,0.5,263,3796,0.060062327732642494,22.745374573601616,0.047175461647566405,22.80515013933182,288,32.77168822288513,7910.857187986374
srcnn,stagewise,div2k,4,blur,0.5,264,3814,0.05935085895988676,22.966325759887695,0.047570612526033076,22.784124851226807,288,32.61588478088379,7943.473072767258
srcnn,stagewise,div2k,4,blur,0.5,265,3832,0.05563864732782046,23.24286715189616,0.04766997616970912,22.7820694565773,288,32.74649906158447,7976.219571828842
srcnn,stagewise,div2k,4,blur,0.5,266,3850,0.054808189885483846,23.65163305070665,0.04716509423451498,22.81102740764618,288,33.22667407989502,8009.446245908737
srcnn,stagewise,div2k,4,blur,0.5,267,3868,0.06001880868441529,22.69993167453342,0.04785154890269041,22.773166465759278,288,32.62588405609131,8042.0721299648285
srcnn,stagewise,div2k,4,blur,0.5,268,3886,0.059389124520950846,22.76333851284451,0.04719028343679384,22.812075781822205,288,32.76804304122925,8074.840173006058
srcnn,stagewise,div2k,4,blur,0.5,269,3904,0.059357507361306086,22.63993242051866,0.0474341815453954,22.803129732608795,288,32.86506128311157,8107.705234289169
srcnn,stagewise,div2k,4,blur,0.5,270,3922,0.06126944865617487,22.58904054429796,0.04724446075269952,22.82080273628235,288,33.44689106941223,8141.1521253585815
srcnn,stagewise,div2k,4,blur,0.5,271,3940,0.06299601971275276,22.199509302775066,0.04731717668473721,22.815410172939302,288,33.22077178955078,8174.372897148132
srcnn,stagewise,div2k,4,blur,0.5,272,3958,0.05949998874631193,22.936421712239582,0.048036196967586875,22.760721278190612,288,32.784141063690186,8207.157038211823
srcnn,stagewise,div2k,4,blur,0.5,273,3976,0.060459872914685145,22.573641883002388,0.04819338615052402,22.750440084934233,288,32.75721216201782,8239.91425037384
srcnn,stagewise,div2k,4,blur,0.5,274,3994,0.06199932388133473,22.302537706163193,0.047374036104884,22.814430558681487,288,32.51499128341675,8272.429241657257
srcnn,stagewise,div2k,4,blur,0.5,275,4012,0.0600426174286339,22.73052544063992,0.04829523245571181,22.7829708814621,288,33.10976505279541,8305.539006710052
srcnn,stagewise,div2k,4,blur,0.5,276,4030,0.058386819851067334,23.1736511654324,0.04888675797265023,22.68222827911377,288,33.14729714393616,8338.686303853989
srcnn,stagewise,div2k,4,blur,0.5,277,4048,0.06083804927766323,22.663468572828506,0.048455774446483704,22.760943984985353,288,32.92342472076416,8371.609728574753
srcnn,stagewise,div2k,4,blur,0.5,278,4066,0.06273899144596523,22.376727210150825,0.04753439933992922,22.81922456026077,288,32.630863189697266,8404.24059176445
srcnn,stagewise,div2k,4,blur,0.5,279,4084,0.059596320200297564,22.929402775234646,0.04722323480527848,22.821787810325624,288,32.86211609840393,8437.102707862854
srcnn,stagewise,div2k,4,blur,0.5,280,4102,0.05850063843859567,23.224230024549698,0.04730343000264838,22.82510190010071,288,32.90848112106323,8470.011188983917
srcnn,stagewise,div2k,4,blur,0.5,281,4120,0.058972075995471746,22.92769347296821,0.04789379242574796,22.760289096832274,288,32.83067297935486,8502.841861963272
srcnn,stagewise,div2k,4,blur,0.5,282,4138,0.05943781199554602,23.060672124226887,0.04717403578106314,22.83172562122345,288,32.751214027404785,8535.593075990677
srcnn,stagewise,div2k,4,blur,0.5,283,4156,0.05920920686589347,23.040894826253254,0.04713985493872315,22.83280700445175,288,33.36526322364807,8568.958339214325
srcnn,stagewise,div2k,4,blur,0.5,284,4174,0.061144799201024905,22.6364778942532,0.04765302452724427,22.803150522708894,288,32.79716515541077,8601.755504369736
srcnn,stagewise,div2k,4,blur,0.5,285,4192,0.05823585804965761,22.97768825954861,0.0474537301925011,22.822364509105682,288,32.74956917762756,8634.505073547363
srcnn,stagewise,div2k,4,blur,0.5,286,4210,0.059067747452192836,23.089870240953232,0.04784547550370917,22.79283118247986,288,32.60694670677185,8667.112020254135
srcnn,stagewise,div2k,4,blur,0.5,287,4228,0.06064011094470819,22.676890797085232,0.048590556799899785,22.738702523708344,288,32.74264717102051,8699.854667425156
srcnn,stagewise,div2k,4,blur,0.5,288,4246,0.057202373527818255,23.365236706203884,0.04750466574914754,22.830031168460845,288,32.95350408554077,8732.808171510696
srcnn,stagewise,div2k,4,blur,0.5,289,4264,0.06270840598477258,22.530185063680012,0.051354823843576015,22.568757247924804,288,32.7535936832428,8765.56176519394
srcnn,stagewise,div2k,4,blur,0.5,290,4282,0.06265498201052348,22.290372318691677,0.05105783492326736,22.587783896923064,288,33.02865695953369,8798.590422153473
srcnn,stagewise,div2k,4,blur,0.5,291,4300,0.06199797801673412,22.4895634121365,0.04723805811954662,22.835642516613007,288,32.839093923568726,8831.429516077042
srcnn,stagewise,div2k,4,blur,0.5,292,4318,0.06410478572878572,22.08641465504964,0.047208900505211204,22.83069916963577,288,32.908438205718994,8864.33795428276
srcnn,stagewise,div2k,4,blur,0.5,293,4336,0.06072003373669253,22.803442425198025,0.047997305961325766,22.802523970603943,288,32.886905908584595,8897.224860191345
srcnn,stagewise,div2k,4,blur,0.5,294,4354,0.06110357182721297,22.801356315612793,0.04732842831872404,22.83182783126831,288,33.32476282119751,8930.549623012543
srcnn,stagewise,div2k,4,blur,0.5,295,4372,0.06040602115293344,22.722348107231987,0.04767035737168044,22.81501019001007,288,33.23481488227844,8963.784437894821
srcnn,stagewise,div2k,4,blur,0.5,296,4390,0.05871372090445624,22.953763961791992,0.050268802978098395,22.648935270309448,288,32.89410614967346,8996.678544044495
srcnn,stagewise,div2k,4,blur,0.5,297,4408,0.06040513494776355,22.777153121100532,0.0475294471369125,22.836757349967957,288,33.5268280506134,9030.205372095108
srcnn,stagewise,div2k,4,blur,0.5,298,4426,0.0578434904002481,22.92997137705485,0.04744498016079888,22.815776085853578,288,33.048388957977295,9063.253761053085
srcnn,stagewise,div2k,4,blur,0.5,299,4444,0.058996482027901545,22.960763931274414,0.047137744224164634,22.84097263813019,288,32.78081679344177,9096.034577846527
srcnn,stagewise,div2k,4,blur,0.5,300,4462,0.057338382634851665,23.31837452782525,0.04734916129382327,22.8403257727623,288,32.7407500743866,9128.775327920914
srcnn,stagewise,div2k,4,blur,0.5,301,4480,0.06170167008207904,22.84304078420003,0.04727482694434002,22.842081546783447,288,32.57422590255737,9161.349553823471
srcnn,stagewise,div2k,4,blur,0.5,302,4498,0.057803890771336026,23.106103791130913,0.04738618172705174,22.849925577640533,288,32.80699610710144,9194.156549930573
srcnn,stagewise,div2k,4,blur,0.5,303,4516,0.05882929886380831,22.804477479722763,0.04712820580461994,22.858627104759215,288,32.96306395530701,9227.11961388588
srcnn,stagewise,div2k,4,blur,0.5,304,4534,0.05696264882054594,23.521923065185547,0.046905719570349905,22.85876613855362,288,32.79947900772095,9259.9190928936
srcnn,stagewise,div2k,4,blur,0.5,305,4552,0.060077924074398145,22.686582565307617,0.047545376035850496,22.832720971107484,288,32.70678186416626,9292.625874757767
srcnn,stagewise,div2k,4,blur,0.5,306,4570,0.05906240393718084,22.977589395311142,0.04769904068671167,22.820580697059633,288,33.07056999206543,9325.696444749832
srcnn,stagewise,div2k,4,blur,0.5,307,4588,0.05829539874361621,23.045388327704536,0.04681570667307824,22.88437980413437,288,32.704761028289795,9358.401205778122
srcnn,stagewise,div2k,4,blur,0.5,308,4606,0.05706594429082341,23.380615234375,0.04728305066237226,22.856262540817262,288,33.148030281066895,9391.549236059189
srcnn,stagewise,div2k,4,blur,0.5,309,4624,0.05980860462619199,22.966187477111816,0.04699213267304003,22.860710561275482,288,32.284605979919434,9423.833842039108
srcnn,stagewise,div2k,4,blur,0.5,310,4642,0.06131584714684221,22.317658212449814,0.0470107753528282,22.882069182395934,288,30.949623107910156,9454.783465147018
srcnn,stagewise,div2k,4,blur,0.5,311,4660,0.058602780724565186,22.931934886508518,0.04727004644228146,22.86296933889389,288,30.89355707168579,9485.677022218704
srcnn,stagewise,div2k,4,blur,0.5,312,4678,0.06223226793938213,22.410007688734268,0.048672231123782696,22.7802490234375,288,31.0413019657135,9516.718324184418
srcnn,stagewise,div2k,4,blur,0.5,313,4696,0.061446955841448575,22.528605673048233,0.04931343821808696,22.711454916000367,288,31.02686071395874,9547.745184898376
srcnn,stagewise,div2k,4,blur,0.5,314,4714,0.05849410117500358,23.00756655799018,0.0472041844506748,22.87039589881897,288,30.890334129333496,9578.63551902771
srcnn,stagewise,div2k,4,blur,0.5,315,4732,0.0621720856676499,22.62031512790256,0.0469929005834274,22.879721462726593,288,30.782127857208252,9609.417646884918
srcnn,stagewise,div2k,4,blur,0.5,316,4750,0.059116130901707545,22.934340371025932,0.04701357894809917,22.85553696155548,288,30.84391713142395,9640.261564016342
srcnn,stagewise,div2k,4,blur,0.5,317,4768,0.06242053190039264,22.539666175842285,0.04735245845513418,22.87199604511261,288,31.019410848617554,9671.28097486496
srcnn,stagewise,div2k,4,blur,0.5,318,4786,0.061111290835671954,22.615827560424805,0.04700844616163522,22.879763817787172,288,30.990578174591064,9702.27155303955
srcnn,stagewise,div2k,4,blur,0.5,319,4804,0.05839119147923258,23.122846815321182,0.04731378629803658,22.86656289100647,288,30.417670011520386,9732.689223051071
srcnn,stagewise,div2k,4,blur,0.5,320,4822,0.05947632549537553,22.930767165289986,0.04719494073651731,22.860956680774688,288,30.79330611228943,9763.48252916336
srcnn,stagewise,div2k,4,blur,0.5,321,4840,0.05755943287577894,22.993348863389755,0.047324706183280794,22.867040240764616,288,30.701719045639038,9794.184248209
srcnn,stagewise,div2k,4,blur,0.5,322,4858,0.05719270805517832,23.254960272047256,0.047854016127530485,22.827501928806306,288,31.106479167938232,9825.290727376938
srcnn,static,div2k,4,blur,0.5,0,60,0.08670520434776942,19.424869791666666,0.0799881611019373,19.768550169467925,240,27.969253063201904,27.969253063201904
srcnn,static,div2k,4,blur,0.5,1,75,0.07347569167613983,20.336993916829428,0.06746586970984936,20.661755084991455,240,26.80830407142639,54.777557134628296
srcnn,static,div2k,4,blur,0.5,2,90,0.06367474049329758,21.020387522379558,0.06455452914815396,20.8718088388443,240,27.502205848693848,82.27976298332214
srcnn,static,div2k,4,blur,0.5,3,105,0.0632064774632454,21.405793889363608,0.06297532618045806,21.070634591579438,240,28.695470809936523,110.97523379325867
srcnn,static,div2k,4,blur,0.5,4,120,0.061746427416801454,21.21565450032552,0.062441750126890835,21.122991156578063,240,28.903002977371216,139.87823677062988
srcnn,static,div2k,4,blur,0.5,5,135,0.05902128890156746,21.77487653096517,0.06095224895980209,21.255844259262084,240,28.473360061645508,168.3515968322754
srcnn,static,div2k,4,blur,0.5,6,150,0.05752462521195412,21.953403600056966,0.06001073985826224,21.291313540935516,240,28.380605936050415,196.7322027683258
srcnn,static,div2k,4,blur,0.5,7,165,0.05748950218160947,22.166775767008463,0.058284508041106166,21.428176176548003,240,28.014158964157104,224.7463617324829
srcnn,static,div2k,4,blur,0.5,8,180,0.05883699854214986,21.915642166137694,0.05858602819498628,21.43931086063385,240,28.37907075881958,253.1254324913025
srcnn,static,div2k,4,blur,0.5,9,195,0.05628638491034508,22.559389877319337,0.05689066902268678,21.558528912067413,240,28.6233811378479,281.7488136291504
srcnn,static,div2k,4,blur,0.5,10,210,0.05461154406269391,22.729145050048828,0.05763163424562663,21.57215745449066,240,29.545244932174683,311.2940585613251
srcnn,static,div2k,4,blur,0.5,11,225,0.05575464392701785,22.64190330505371,0.05785204840358347,21.57178587913513,240,28.46193289756775,339.7559914588928
srcnn,static,div2k,4,blur,0.5,12,240,0.05199468011657397,22.982358932495117,0.055915044201537964,21.699994146823883,240,29.04068875312805,368.7966802120209
srcnn,static,div2k,4,blur,0.5,13,255,0.05474635163942973,23.21251525878906,0.05545341941760853,21.758268082141875,240,30.788844108581543,399.5855243206024
srcnn,static,div2k,4,blur,0.5,14,270,0.05757442737619082,22.74255714416504,0.05489066974259913,21.780750143527985,240,30.630618810653687,430.2161431312561
srcnn,static,div2k,4,blur,0.5,15,285,0.05044600814580917,23.595838673909505,0.05548590533435345,21.766484332084655,240,30.955568313598633,461.17171144485474
srcnn,static,div2k,4,blur,0.5,16,300,0.053120084355274835,23.536576334635416,0.0544347491231747,21.848247790336607,240,31.624292135238647,492.7960035800934
srcnn,static,div2k,4,blur,0.5,17,315,0.04916938245296478,23.61464042663574,0.05432429719949141,21.851306831836702,240,30.66892981529236,523.4649333953857
srcnn,static,div2k,4,blur,0.5,18,330,0.051951299607753756,23.81794128417969,0.05503988917917013,21.82436224222183,240,30.907419681549072,554.3723530769348
srcnn,static,div2k,4,blur,0.5,19,345,0.05136107156674067,23.976460647583007,0.05372842827346176,21.87685661315918,240,30.426992893218994,584.7993459701538
srcnn,static,div2k,4,blur,0.5,20,360,0.052240246037642164,23.736917114257814,0.05458168920595199,21.855217719078063,240,30.279428005218506,615.0787739753723
srcnn,static,div2k,4,blur,0.5,21,375,0.050666791200637815,24.07140197753906,0.057341324724256994,21.63909822702408,240,30.370633840560913,645.4494078159332
srcnn,static,div2k,4,blur,0.5,22,390,0.04932468483845393,24.327529780069987,0.053751901618670675,21.88660212755203,240,30.486578226089478,675.9359860420227
srcnn,static,div2k,4,blur,0.5,23,405,0.04923299327492714,24.483059056599934,0.05390040569473058,21.896088588237763,240,30.463730812072754,706.3997168540955
srcnn,static,div2k,4,blur,0.5,24,420,0.05252041046818098,24.119779713948567,0.05635812184773385,21.74698920249939,240,30.404711961746216,736.8044288158417
srcnn,static,div2k,4,blur,0.5,25,435,0.049096886565287906,24.356308873494466,0.06022160807624459,21.48772268295288,240,29.9917049407959,766.7961337566376
srcnn,static,div2k,4,blur,0.5,26,450,0.048740158478418984,24.68275515238444,0.05467299359152093,21.8655758023262,240,30.242350101470947,797.0384838581085
srcnn,static,div2k,4,blur,0.5,27,465,0.047608411063750584,24.806768290201823,0.05395539563614875,21.90056856870651,240,29.99751591682434,827.0359997749329
srcnn,static,div2k,4,blur,0.5,28,480,0.05255971426765124,24.014962895711264,0.05446591288782656,21.864998364448546,240,30.232821941375732,857.2688217163086
srcnn,static,div2k,4,blur,0.5,29,495,0.048320598403612774,24.824596150716147,0.05373088832711801,21.910989475250243,240,32.40461611747742,889.673437833786
srcnn,static,div2k,4,blur,0.5,30,510,0.04800196935733159,24.82130584716797,0.05388320328202099,21.91589206457138,240,33.329349994659424,923.0027878284454
srcnn,static,div2k,4,blur,0.5,31,525,0.04612448625266552,25.29277229309082,0.05466219848021865,21.862605011463167,240,32.05837798118591,955.0611658096313
srcnn,static,div2k,4,blur,0.5,32,540,0.04883646716674169,24.897367604573567,0.057023429032415154,21.66990441083908,240,31.161951303482056,986.2231171131134
srcnn,static,div2k,4,blur,0.5,33,555,0.047033419956763585,25.22664591471354,0.053551072953268886,21.933132004737853,240,30.669121980667114,1016.8922390937805
srcnn,static,div2k,4,blur,0.5,34,570,0.04605307554205259,25.42981325785319,0.05656380208674818,21.771953964233397,240,30.447197914123535,1047.339437007904
srcnn,static,div2k,4,blur,0.5,35,585,0.050250075509150824,24.58674341837565,0.05541740742046386,21.801859188079835,240,30.46046209335327,1077.7998991012573
srcnn,static,div2k,4,blur,0.5,36,600,0.051446641236543654,24.49009043375651,0.0542135511757806,21.900245428085327,240,30.202742099761963,1108.0026412010193
srcnn,static,div2k,4,blur,0.5,37,615,0.045925453305244446,25.47107302347819,0.053749866946600375,21.936198365688323,240,30.078529834747314,1138.0811710357666
srcnn,static,div2k,4,blur,0.5,38,630,0.044860658297936125,25.623580551147462,0.053845660551451145,21.94342110157013,240,30.269652843475342,1168.350823879242
srcnn,static,div2k,4,blur,0.5,39,645,0.04422324821352959,25.732285690307616,0.05298875285079703,21.985320830345152,240,31.03126811981201,1199.382091999054
srcnn,static,div2k,4,blur,0.5,40,660,0.05018261671066284,24.81582349141439,0.056965002324432135,21.726225745677947,240,31.45657706260681,1230.8386690616608
srcnn,static,div2k,4,blur,0.5,41,675,0.04723497678836187,25.251337178548177,0.055294844508171084,21.862603199481963,240,30.66603374481201,1261.5047028064728
srcnn,static,div2k,4,blur,0.5,42,690,0.04813793102900187,25.577570215861,0.05583279489073902,21.801236701011657,240,31.358362197875977,1292.8630650043488
srcnn,static,div2k,4,blur,0.5,43,705,0.04634095802903175,25.45618273417155,0.05379664511419833,21.93636074066162,240,30.699355840682983,1323.5624208450317
srcnn,static,div2k,4,blur,0.5,44,720,0.04699415924648444,25.444346237182618,0.052733064140193166,22.01232615709305,240,30.927556037902832,1354.4899768829346
srcnn,static,div2k,4,blur,0.5,45,735,0.04514280259609223,25.751825205485027,0.05272274678573012,22.01842967271805,240,30.541983366012573,1385.0319602489471
srcnn,static,div2k,4,blur,0.5,46,750,0.04727466404438019,25.22965710957845,0.05265957872616127,22.02062282562256,240,30.7181077003479,1415.750067949295
srcnn,static,div2k,4,blur,0.5,47,765,0.046947785466909406,25.564424514770508,0.05254310192540288,22.02839403152466,240,30.4517719745636,1446.2018399238586
srcnn,static,div2k,4,blur,0.5,48,780,0.047100082784891126,25.265252431233723,0.053964609187096356,21.961333405971526,240,30.890476942062378,1477.092316865921
srcnn,static,div2k,4,blur,0.5,49,795,0.046920171628395714,25.306650161743164,0.0528880879515782,22.020568990707396,240,30.91175103187561,1508.0040678977966
srcnn,static,div2k,4,blur,0.5,50,810,0.04637831176320712,25.348073959350586,0.052587642706930636,22.028620886802674,240,30.72138810157776,1538.7254559993744
srcnn,static,div2k,4,blur,0.5,51,825,0.04784031411012014,25.44777488708496,0.05278614012058824,22.039036440849305,240,30.901663064956665,1569.627119064331
srcnn,static,div2k,4,blur,0.5,52,840,0.047317983210086824,25.39251136779785,0.05362752770306543,21.987412691116333,240,30.929595708847046,1600.556714773178
srcnn,static,div2k,4,blur,0.5,53,855,0.04913306161761284,24.928853352864582,0.05523105645552277,21.874394357204437,240,30.842586040496826,1631.399300813675
srcnn,static,div2k,4,blur,0.5,54,870,0.045860463629166286,25.408025868733723,0.053822303388733415,21.976418590545656,240,30.429125785827637,1661.8284265995026
srcnn,static,div2k,4,blur,0.5,55,885,0.04806093101700147,25.386953099568686,0.05388112526852638,21.981449472904206,240,30.58088517189026,1692.4093117713928
srcnn,static,div2k,4,blur,0.5,56,900,0.045198041448990506,26.02315483093262,0.05244680473115295,22.046560835838317,240,30.40082097053528,1722.810132741928
srcnn,static,div2k,4,blur,0.5,57,915,0.046203359961509705,26.10899887084961,0.05323799148900434,22.018374300003053,240,30.547770023345947,1753.357902765274
srcnn,static,div2k,4,blur,0.5,58,930,0.0479448314756155,25.715794372558594,0.056797038693912325,21.745942723751067,240,30.67888903617859,1784.0367918014526
srcnn,static,div2k,4,blur,0.5,59,945,0.04837260916829109,25.480662790934243,0.05380065778736025,21.97667591571808,240,30.931564807891846,1814.9683566093445
srcnn,static,div2k,4,blur,0.5,60,960,0.0475442203382651,25.481653213500977,0.052285587962251155,22.071693301200867,240,30.746424913406372,1845.7147815227509
srcnn,static,div2k,4,blur,0.5,61,975,0.046079607556263606,25.741942850748696,0.05289522958919406,22.03722964525223,240,30.843183994293213,1876.557965517044
srcnn,static,div2k,4,blur,0.5,62,990,0.046216093748807904,25.88228925069173,0.053628309979103506,22.01563639640808,240,30.829527139663696,1907.3874926567078
srcnn,static,div2k,4,blur,0.5,63,1005,0.047983382890621824,25.591184361775717,0.05279595690080896,22.048117327690125,240,30.59811496734619,1937.985607624054
srcnn,static,div2k,4,blur,0.5,64,1020,0.04717537226776282,25.590760294596354,0.05455759316682816,21.958153593540192,240,30.881165981292725,1968.8667736053467
srcnn,static,div2k,4,blur,0.5,65,1035,0.04572283426920573,25.975767008463542,0.05292406119406223,22.059076857566833,240,30.592992067337036,1999.4597656726837
srcnn,static,div2k,4,blur,0.5,66,1050,0.046935959408680596,25.562533823649087,0.052569125650916246,22.06140547990799,240,30.541700839996338,2030.00146651268
srcnn,static,div2k,4,blur,0.5,67,1065,0.042252527674039204,26.071496709187826,0.05230205608531833,22.079153263568877,240,30.637784719467163,2060.639251232147
srcnn,static,div2k,4,blur,0.5,68,1080,0.047579805552959445,25.695697657267253,0.05214918303536251,22.08415206670761,240,30.513708114624023,2091.1529593467712
srcnn,static,div2k,4,blur,0.5,69,1095,0.044605234762032826,26.012825393676756,0.05323735648998991,22.033272194862366,240,30.684030055999756,2121.836989402771
srcnn,static,div2k,4,blur,0.5,70,1110,0.04576595897475878,25.908610916137697,0.052042234304826705,22.10530605316162,240,30.32846736907959,2152.1654567718506
srcnn,static,div2k,4,blur,0.5,71,1125,0.04316807637612025,26.439432652791343,0.052026982931420204,22.09516246318817,240,30.99371910095215,2183.1591758728027
srcnn,static,div2k,4,blur,0.5,72,1140,0.04577985927462578,25.724077860514324,0.054279491072520614,21.97336491346359,240,30.7881019115448,2213.9472777843475
srcnn,static,div2k,4,blur,0.5,73,1155,0.04767188231150309,25.871698506673177,0.05229255775921047,22.09082055091858,240,30.812525987625122,2244.7598037719727
srcnn,static,div2k,4,blur,0.5,74,1170,0.049363021304210025,25.85892537434896,0.052729677536990496,22.065085887908936,240,30.83503007888794,2275.5948338508606
srcnn,static,div2k,4,blur,0.5,75,1185,0.04592724964022636,25.98312848409017,0.05192531116772443,22.11823638677597,240,31.079652070999146,2306.6744859218597
srcnn,static,div2k,4,blur,0.5,76,1200,0.04550068452954292,25.574251556396483,0.05205148047534749,22.107026362419127,240,31.052358865737915,2337.7268447875977
srcnn,static,div2k,4,blur,0.5,77,1215,0.045418015619119005,25.737704849243165,0.051984073861967774,22.116282725334166,240,30.92237162590027,2368.649216413498
srcnn,static,div2k,4,blur,0.5,78,1230,0.04523662775754929,26.017040634155272,0.052668036054819824,22.075092828273775,240,30.98023295402527,2399.629449367523
srcnn,static,div2k,4,blur,0.5,79,1245,0.04612173686424891,25.949633407592774,0.052793482108972965,22.084805178642274,240,30.638347864151,2430.267797231674
srcnn,static,div2k,4,blur,0.5,80,1260,0.046593971798817316,25.283314768473307,0.05265074515482411,22.095742225646973,240,30.596735954284668,2460.864533185959
srcnn,static,div2k,4,blur,0.5,81,1275,0.04729769378900528,25.494549560546876,0.051858360867481676,22.1207137465477,240,30.79259991645813,2491.657133102417
srcnn,static,div2k,4,blur,0.5,82,1290,0.04499486026664575,26.17335459391276,0.05208429268095642,22.11879117488861,240,30.989988088607788,2522.647121191025
srcnn,static,div2k,4,blur,0.5,83,1305,0.04756814440091451,25.927713267008464,0.051992488268297166,22.130979824066163,240,30.744515895843506,2553.3916370868683
srcnn,static,div2k,4,blur,0.5,84,1320,0.048904546971122426,25.05198720296224,0.05183573575923219,22.131319630146027,240,30.931323289871216,2584.3229603767395
srcnn,static,div2k,4,blur,0.5,85,1335,0.04607089757919312,25.81750602722168,0.05231779784662649,22.108808755874634,240,30.524851083755493,2614.847811460495
srcnn,static,div2k,4,blur,0.5,86,1350,0.04903904249270757,25.306145477294923,0.05360624765744433,22.035034108161927,240,30.683730840682983,2645.531542301178
srcnn,static,div2k,4,blur,0.5,87,1365,0.04938366288940112,25.49706484476725,0.05337349518667907,22.046877932548522,240,30.561911821365356,2676.0934541225433
srcnn,static,div2k,4,blur,0.5,88,1380,0.04315992419918378,26.159817504882813,0.051636959239840505,22.156239342689513,240,30.95210289955139,2707.0455570220947
srcnn,static,div2k,4,blur,0.5,89,1395,0.04438186263044675,26.305630366007488,0.05257728935685009,22.116841983795165,240,31.05625295639038,2738.101809978485
srcnn,static,div2k,4,blur,0.5,90,1410,0.046013404180606204,25.88290672302246,0.0517609350499697,22.14791269302368,240,31.335258722305298,2769.4370687007904
srcnn,static,div2k,4,blur,0.5,91,1425,0.046544964363177614,26.03677749633789,0.051755807816516605,22.1540105342865,240,30.95203733444214,2800.3891060352325
srcnn,static,div2k,4,blur,0.5,92,1440,0.043723366037011144,26.541262944539387,0.05203760747099295,22.144381010532378,240,30.96677803993225,2831.355884075165
srcnn,static,div2k,4,blur,0.5,93,1455,0.047382697090506555,26.287008158365886,0.05157284634187818,22.16776200532913,240,30.61174988746643,2861.967633962631
srcnn,static,div2k,4,blur,0.5,94,1470,0.044200638930002846,25.975982411702475,0.05300294867483899,22.09909055233002,240,30.803001880645752,2892.770635843277
srcnn,static,div2k,4,blur,0.5,95,1485,0.04277346779902776,26.822429021199543,0.05235757640330121,22.139252138137817,240,32.25712490081787,2925.027760744095
srcnn,static,div2k,4,blur,0.5,96,1500,0.044402780135472615,26.673808034261068,0.052423146122600885,22.123513770103454,240,31.018295764923096,2956.046056509018
srcnn,static,div2k,4,blur,0.5,97,1515,0.0442377174894015,26.090011215209962,0.05161958340322599,22.177155900001527,240,30.888990879058838,2986.935047388077
srcnn,static,div2k,4,blur,0.5,98,1530,0.04600378423929215,26.08324940999349,0.05319701576372608,22.08711919784546,240,31.075732946395874,3018.0107803344727
srcnn,static,div2k,4,blur,0.5,99,1545,0.04576963757475217,25.744583638509116,0.05266600580653176,22.10076973438263,240,30.868574857711792,3048.8793551921844
srcnn,static,div2k,4,blur,0.5,100,1560,0.045184266691406565,26.143277486165363,0.05178995747119188,22.175387811660766,240,30.479887008666992,3079.3592422008514
srcnn,static,div2k,4,blur,0.5,101,1575,0.0450878418982029,26.148890431722005,0.051280139735899864,22.19049189090729,240,30.84084916114807,3110.2000913619995
srcnn,static,div2k,4,blur,0.5,102,1590,0.04491800318161646,26.323506164550782,0.051701132813468574,22.169421279430388,240,30.816354036331177,3141.0164453983307
srcnn,static,div2k,4,blur,0.5,103,1605,0.05033399711052577,25.016482798258462,0.0536989985499531,22.055879712104797,240,31.847650051116943,3172.8640954494476
srcnn,static,div2k,4,blur,0.5,104,1620,0.0480446661512057,25.78296445210775,0.05325768237235025,22.09433904886246,240,30.783560752868652,3203.6476562023163
srcnn,static,div2k,4,blur,0.5,105,1635,0.04407629097501437,26.1603209177653,0.05173718734877184,22.17548825740814,240,30.649121046066284,3234.2967772483826
srcnn,static,div2k,4,blur,0.5,106,1650,0.04504329189658165,26.346095530192056,0.051428511179983614,22.192668557167053,240,30.79468011856079,3265.0914573669434
srcnn,static,div2k,4,blur,0.5,107,1665,0.04619848976532618,25.844045639038086,0.05127270150696859,22.203966665267945,240,30.641597986221313,3295.7330553531647
srcnn,static,div2k,4,blur,0.5,108,1680,0.04569052035609881,26.032695007324218,0.05140708385733887,22.211206877231596,240,30.707360982894897,3326.4404163360596
srcnn,static,div2k,4,blur,0.5,109,1695,0.05358327503005664,24.690886306762696,0.05106379254721105,22.22643036842346,240,32.1858971118927,3358.6263134479523
srcnn,static,div2k,4,blur,0.5,110,1710,0.05630533049503962,24.20369046529134,0.052655587170738725,22.11436882019043,240,31.22985601425171,3389.856169462204
srcnn,static,div2k,4,blur,0.5,111,1725,0.055177005877097444,24.083075841267902,0.051983628422021866,22.193558406829833,240,31.15134310722351,3421.0075125694275
srcnn,static,div2k,4,blur,0.5,112,1740,0.05751247927546501,23.880667622884115,0.052324096136726436,22.1730238199234,240,30.91971230506897,3451.9272248744965
srcnn,static,div2k,4,blur,0.5,113,1755,0.0571907343963782,23.949844868977866,0.053058365010656416,22.11247190237045,240,31.046092987060547,3482.973317861557
srcnn,static,div2k,4,blur,0.5,114,1770,0.05815034955739975,23.550011825561523,0.052012159023433924,22.194913363456727,240,30.806883096694946,3513.780200958252
srcnn,static,div2k,4,blur,0.5,115,1785,0.05711729104320208,24.030201085408528,0.05158880008384585,22.22619981765747,240,30.66199779510498,3544.442198753357
srcnn,static,div2k,4,blur,0.5,116,1800,0.05822308684388797,23.53787498474121,0.05143597217975184,22.226993894577028,240,30.81688928604126,3575.259088039398
srcnn,static,div2k,4,blur,0.5,117,1815,0.05588272685805957,23.907188161214194,0.051466298557352276,22.233078396320344,240,30.738528966903687,3605.997617006302
srcnn,static,div2k,4,blur,0.5,118,1830,0.056517721215883894,24.10895118713379,0.05118260870222002,22.25915458202362,240,30.99887180328369,3636.9964888095856
srcnn,static,div2k,4,blur,0.5,119,1845,0.05719102347890536,23.826007334391274,0.050961292476858946,22.27400438785553,240,30.975083112716675,3667.9715719223022
srcnn,static,div2k,4,blur,0.5,120,1860,0.055071770151456194,24.154937108357746,0.05549060006160289,21.964398097991943,240,31.373748064041138,3699.3453199863434
srcnn,static,div2k,4,blur,0.5,121,1875,0.057592928409576416,23.644785563151043,0.05349659536732361,22.136723053455352,240,31.01970386505127,3730.3650238513947
srcnn,static,div2k,4,blur,0.5,122,1890,0.05766971483826637,23.701926294962565,0.05125953848473728,22.246206164360046,240,31.064040899276733,3761.4290647506714
srcnn,static,div2k,4,blur,0.5,123,1905,0.05674941788117091,24.056546274820963,0.05117333997040987,22.263592851161956,240,31.471307039260864,3792.9003717899323
srcnn,static,div2k,4,blur,0.5,124,1920,0.05802112768093745,23.567996342976887,0.05124814477749169,22.265867030620576,240,30.88774609565735,3823.7881178855896
srcnn,static,div2k,4,blur,0.5,125,1935,0.05212112963199615,24.527774302164712,0.05130402940558269,22.259270918369293,240,30.985443115234375,3854.773561000824
srcnn,static,div2k,4,blur,0.5,126,1950,0.05608937442302704,24.224843724568686,0.05145598681410775,22.248844265937805,240,31.99653911590576,3886.7701001167297
srcnn,static,div2k,4,blur,0.5,127,1965,0.0556188369790713,23.86904462178548,0.0505475293379277,22.301567804813384,240,30.875962734222412,3917.646062850952
srcnn,static,div2k,4,blur,0.5,128,1980,0.05284785156448682,24.545538457234702,0.052487477578688414,22.207687544822694,240,31.396252155303955,3949.042315006256
srcnn,static,div2k,4,blur,0.5,129,1995,0.05590986708799998,23.989329528808593,0.051165689819026736,22.275595688819884,240,31.196598052978516,3980.2389130592346
srcnn,static,div2k,4,blur,0.5,130,2010,0.05809407805403074,23.855098470052084,0.0518598687951453,22.244067192077637,240,29.84478735923767,4010.0837004184723
srcnn,static,div2k,4,blur,0.5,131,2025,0.05434715996185938,24.047096252441406,0.0556350867729634,21.992415165901186,240,29.38711404800415,4039.4708144664764
srcnn,static,div2k,4,blur,0.5,132,2040,0.058052158604065575,23.653606923421226,0.05298218713141978,22.19018348455429,240,29.41902995109558,4068.889844417572
srcnn,static,div2k,4,blur,0.5,133,2055,0.05425098538398743,24.444386927286782,0.05117144221439958,22.27859809398651,240,29.51968002319336,4098.409524440765
srcnn,static,div2k,4,blur,0.5,134,2070,0.057041911284128825,23.812473678588866,0.051680002035573123,22.253757262229918,240,31.34703493118286,4129.756559371948
srcnn,static,div2k,4,blur,0.5,135,2085,0.05665236885348956,23.878403600056966,0.050434618280269204,22.33065185546875,240,31.540302753448486,4161.296862125397
srcnn,static,div2k,4,blur,0.5,136,2100,0.05441917801896731,24.213796361287436,0.05037480584578589,22.339827442169188,240,31.4135000705719,4192.710362195969
srcnn,static,div2k,4,blur,0.5,137,2115,0.057609729717175165,23.524671936035155,0.054969730461016296,22.049598586559295,240,30.906780242919922,4223.617142438889
srcnn,static,div2k,4,blur,0.5,138,2130,0.05356501713395119,24.425909169514973,0.0510082192835398,22.326184272766113,240,31.002893924713135,4254.620036363602
srcnn,static,div2k,4,blur,0.5,139,2145,0.05638865133126577,24.228098424275718,0.050364754477050154,22.343143033981324,240,31.11403512954712,4285.734071493149
srcnn,static,div2k,4,blur,0.5,140,2160,0.05407691250244776,24.18309783935547,0.05107752149924636,22.311495327949523,240,31.407959938049316,4317.142031431198
srcnn,static,div2k,4,blur,0.5,141,2175,0.054540203015009565,24.179588317871094,0.050981646112632006,22.315283560752867,240,31.388076066970825,4348.530107498169
srcnn,static,div2k,4,blur,0.5,142,2190,0.05467811152338982,24.126940536499024,0.05077043850906193,22.340802347660066,240,31.19248914718628,4379.722596645355
srcnn,static,div2k,4,blur,0.5,143,2205,0.052957680573066074,24.849589284261068,0.0507392869447358,22.351420199871065,240,31.38863515853882,4411.111231803894
srcnn,static,div2k,4,blur,0.5,144,2220,0.05146344328920047,24.94511121114095,0.05043119778856635,22.346697199344636,240,31.041570901870728,4442.152802705765
srcnn,static,div2k,4,blur,0.5,145,2235,0.051873949045936264,24.920958455403646,0.05027585228672251,22.377160823345186,240,31.68688988685608,4473.839692592621
srcnn,static,div2k,4,blur,0.5,146,2250,0.05579235504070918,24.50005137125651,0.05037593983579427,22.370469880104064,240,30.80322813987732,4504.642920732498
srcnn,static,div2k,4,blur,0.5,147,2265,0.05329920699199041,24.302258936564126,0.05029925862327218,22.38730193376541,240,31.385605812072754,4536.028526544571
srcnn,static,div2k,4,blur,0.5,148,2280,0.05595121383666992,24.082686996459962,0.05050587003352121,22.37034237384796,240,31.74176597595215,4567.770292520523
srcnn,static,div2k,4,blur,0.5,149,2295,0.05525713115930557,23.993261591593424,0.05004083954263479,22.396070575714113,240,31.215632915496826,4598.98592543602
srcnn,static,div2k,4,blur,0.5,150,2310,0.05120570386449496,25.00649274190267,0.05017824015812948,22.390760135650634,240,31.423237085342407,4630.409162521362
srcnn,static,div2k,4,blur,0.5,151,2325,0.05519725879033407,23.956475448608398,0.05050448696129024,22.362496531009675,240,31.52100396156311,4661.930166482925
srcnn,static,div2k,4,blur,0.5,152,2340,0.05293691729505857,24.077887471516927,0.050784818560350685,22.371249985694885,240,31.267761945724487,4693.19792842865
srcnn,static,div2k,4,blur,0.5,153,2355,0.05361973941326141,24.61064682006836,0.0498607728513889,22.417337155342103,240,30.998078107833862,4724.196006536484
srcnn,static,div2k,4,blur,0.5,154,2370,0.055262518922487895,24.549866231282554,0.05037972645368427,22.402660715579987,240,30.93643593788147,4755.132442474365
srcnn,static,div2k,4,blur,0.5,155,2385,0.053571714212497075,24.453859074910483,0.05005196603015065,22.42497036457062,240,30.87958312034607,4786.012025594711
srcnn,static,div2k,4,blur,0.5,156,2400,0.0548170767724514,24.50527369181315,0.04988495991565287,22.437310290336608,240,31.1541690826416,4817.166194677353
srcnn,static,div2k,4,blur,0.5,157,2415,0.05249552577733994,24.739149475097655,0.05018151113763451,22.41411945819855,240,30.873340368270874,4848.039535045624
srcnn,static,div2k,4,blur,0.5,158,2430,0.05473631223042806,24.133722686767577,0.049556010810192674,22.451249146461485,240,31.62381410598755,4879.663349151611
srcnn,static,div2k,4,blur,0.5,159,2445,0.05431672111153603,24.581549326578777,0.049583560542669144,22.455459666252136,240,31.549694776535034,4911.213043928146
srcnn,static,div2k,4,blur,0.5,160,2460,0.05270719329516093,24.535225423177085,0.049808560532983395,22.450325763225557,240,31.55550479888916,4942.7685487270355
srcnn,static,div2k,4,blur,0.5,161,2475,0.0529059074819088,24.734022649129233,0.05044426504755393,22.419288015365602,240,31.05254101753235,4973.821089744568
srcnn,static,div2k,4,blur,0.5,162,2490,0.0533294511338075,24.728840382893882,0.053070513042621316,22.204458749294282,240,31.33537793159485,5005.156467676163
srcnn,static,div2k,4,blur,0.5,163,2505,0.0549947885175546,24.257297134399415,0.05068148128921166,22.416868531703948,240,31.164982795715332,5036.321450471878
srcnn,static,div2k,4,blur,0.5,164,2520,0.05449548363685608,24.23043009440104,0.04939063339261338,22.47748534679413,240,31.380106925964355,5067.701557397842
srcnn,static,div2k,4,blur,0.5,165,2535,0.05755508914589882,23.813081359863283,0.049729426368139686,22.46802498102188,240,30.964985847473145,5098.666543245316
srcnn,static,div2k,4,blur,0.5,166,2550,0.055169115960597995,23.984707387288413,0.04978860466508195,22.474068522453308,240,31.257939100265503,5129.924482345581
srcnn,static,div2k,4,blur,0.5,167,2565,0.056010154883066814,24.200157801310223,0.049276907031890006,22.496910524368285,240,31.229660034179688,5161.154142379761
srcnn,static,div2k,4,blur,0.5,168,2580,0.055566104998191194,24.276476923624674,0.050818254612386225,22.431589341163637,240,31.144914865493774,5192.2990572452545
srcnn,static,div2k,4,blur,0.5,169,2595,0.05309845035274823,24.815981674194337,0.04948009189683944,22.495042741298676,240,31.252690076828003,5223.5517473220825
srcnn,static,div2k,4,blur,0.5,170,2610,0.055486920724312466,24.265849431355793,0.05190647979034111,22.336779975891112,240,31.287564992904663,5254.839312314987
srcnn,static,div2k,4,blur,0.5,171,2625,0.05597793385386467,24.163550059000652,0.048984599928371605,22.51410177946091,240,31.100926876068115,5285.940239191055
srcnn,static,div2k,4,blur,0.5,172,2640,0.05394138370951017,24.32279167175293,0.04953375206096098,22.49103523492813,240,30.997634887695312,5316.937874078751
srcnn,static,div2k,4,blur,0.5,173,2655,0.054625742882490155,24.579935455322264,0.049404532904736696,22.522115683555604,240,31.54580593109131,5348.483680009842
srcnn,static,div2k,4,blur,0.5,174,2670,0.05124449357390404,24.85762252807617,0.049249118764419106,22.52161420583725,240,31.324620008468628,5379.808300018311
srcnn,static,div2k,4,blur,0.5,175,2685,0.05377660716573397,24.255174255371095,0.04956852071918547,22.490847325325014,240,31.260679960250854,5411.068979978561
srcnn,static,div2k,4,blur,0.5,176,2700,0.052064916118979454,24.85608507792155,0.048888702783733605,22.53552119731903,240,33.64832425117493,5444.717304229736
srcnn,static,div2k,4,blur,0.5,177,2715,0.05442163695891698,24.438221232096353,0.049819030542857946,22.487364137172698,240,31.646498918533325,5476.36380314827
srcnn,static,div2k,4,blur,0.5,178,2730,0.05155065382520358,24.509650293986002,0.04935068818740547,22.517711305618285,240,31.56636905670166,5507.930172204971
srcnn,static,div2k,4,blur,0.5,179,2745,0.05119453047712644,24.80942268371582,0.05065009547397494,22.441606795787813,240,31.13825297355652,5539.068425178528
srcnn,static,div2k,4,blur,0.5,180,2760,0.05506466204921404,24.04484265645345,0.04934003629023209,22.54061586856842,240,30.75692391395569,5569.8253490924835
srcnn,static,div2k,4,blur,0.5,181,2775,0.05793564741810163,23.768362681070965,0.04965237408177927,22.516466522216795,240,30.754984855651855,5600.580333948135
srcnn,static,div2k,4,blur,0.5,182,2790,0.055307984352111816,24.238811874389647,0.05027449302142486,22.486395645141602,240,30.9363911151886,5631.516725063324
srcnn,static,div2k,4,blur,0.5,183,2805,0.05482457752029101,23.911690775553385,0.04947749946732074,22.52734055519104,240,30.924169063568115,5662.440894126892
srcnn,static,div2k,4,blur,0.5,184,2820,0.05505057672659556,24.311796188354492,0.04887166888220236,22.578679609298707,240,30.937793016433716,5693.378687143326
srcnn,static,div2k,4,blur,0.5,185,2835,0.053132142126560214,24.606479136149087,0.04889650791883469,22.576319313049318,240,30.89689612388611,5724.275583267212
srcnn,static,div2k,4,blur,0.5,186,2850,0.051459904511769614,25.015176391601564,0.05430985144339502,22.237465476989748,240,30.853951930999756,5755.129535198212
srcnn,static,div2k,4,blur,0.5,187,2865,0.05755052144328753,23.83248430887858,0.05309746307320893,22.267445266246796,240,31.06752109527588,5786.197056293488
srcnn,static,div2k,4,blur,0.5,188,2880,0.0540178008377552,24.018034235636392,0.04937358963070437,22.55831551551819,240,31.156729698181152,5817.353785991669
srcnn,static,div2k,4,blur,0.5,189,2895,0.055540135999520616,24.077811431884765,0.04971667047357187,22.51977105140686,240,31.1801438331604,5848.533929824829
srcnn,static,div2k,4,blur,0.5,190,2910,0.05704400067528089,23.36488176981608,0.04965033704647794,22.51291526556015,240,31.255942821502686,5879.789872646332
srcnn,static,div2k,4,blur,0.5,191,2925,0.05255703032016754,24.364583460489907,0.04883984138723463,22.587612867355347,240,31.25062608718872,5911.0404987335205
srcnn,static,div2k,4,blur,0.5,192,2940,0.0515760379532973,24.8066042582194,0.04856527285883203,22.614611887931822,240,30.990516185760498,5942.031014919281
srcnn,static,div2k,4,blur,0.5,193,2955,0.05202174559235573,24.71110585530599,0.049172076035756615,22.565176725387573,240,31.163301944732666,5973.194316864014
srcnn,static,div2k,4,blur,0.5,194,2970,0.051481283952792486,24.703837712605793,0.0486316200112924,22.612262535095216,240,30.939096212387085,6004.133413076401
srcnn,static,div2k,4,blur,0.5,195,2985,0.05205717061956724,25.161582310994465,0.049336934578604996,22.5822425365448,240,31.652038097381592,6035.785451173782
srcnn,static,div2k,4,blur,0.5,196,3000,0.053174706548452376,24.43788096110026,0.0486098209861666,22.619795751571655,240,31.354995012283325,6067.140446186066
srcnn,static,div2k,4,blur,0.5,197,3015,0.05555502672990163,24.263197072347005,0.04839593359502033,22.631553506851198,240,31.558014154434204,6098.6984603405
srcnn,static,div2k,4,blur,0.5,198,3030,0.05392286603649457,24.568080520629884,0.05007534670876339,22.55488063097,240,31.24332857131958,6129.9417889118195
srcnn,static,div2k,4,blur,0.5,199,3045,0.05774746214350065,23.676765823364256,0.04924868845846504,22.58263165950775,240,31.55816102027893,6161.499949932098
srcnn,static,div2k,4,blur,0.5,200,3060,0.05120627135038376,24.723182932535806,0.04916365855606273,22.61037024259567,240,31.161933183670044,6192.661883115768
srcnn,static,div2k,4,blur,0.5,201,3075,0.05439355770746867,24.145553970336913,0.04849956671241671,22.64513804912567,240,30.957370281219482,6223.619253396988
srcnn,static,div2k,4,blur,0.5,202,3090,0.05364187310139338,24.333690643310547,0.04895767350681126,22.616839027404787,240,31.146843910217285,6254.766097307205
srcnn,static,div2k,4,blur,0.5,203,3105,0.05472373788555463,24.18246472676595,0.0486506077228114,22.643480348587037,240,31.514540195465088,6286.28063750267
srcnn,static,div2k,4,blur,0.5,204,3120,0.051063015063603716,24.257993825276692,0.049653315346222374,22.56205313205719,240,31.04377818107605,6317.324415683746
srcnn,static,div2k,4,blur,0.5,205,3135,0.05476948569218318,24.020586903889974,0.049405437591485676,22.598374116420747,240,31.307950258255005,6348.632365942001
srcnn,static,div2k,4,blur,0.5,206,3150,0.05673122877875964,24.207691065470378,0.05091176386922598,22.465216207504273,240,31.69256591796875,6380.32493185997
srcnn,static,div2k,4,blur,0.5,207,3165,0.04995508988698324,24.992367680867513,0.048471019603312016,22.654595458507536,240,31.858526945114136,6412.183458805084
srcnn,static,div2k,4,blur,0.5,208,3180,0.050612261643012364,24.907917912801107,0.04915587151190266,22.613897442817688,240,31.577666997909546,6443.761125802994
srcnn,static,div2k,4,blur,0.5,209,3195,0.050729387998580934,25.000682067871093,0.04794274956220761,22.690720331668853,240,31.170893669128418,6474.932019472122
srcnn,static,div2k,4,blur,0.5,210,3210,0.052322311947743096,25.09156379699707,0.04802545023849234,22.686191308498383,240,31.316657781600952,6506.248677253723
srcnn,static,div2k,4,blur,0.5,211,3225,0.05492929716904958,24.203289286295572,0.04898209909442812,22.626020216941832,240,31.17734980583191,6537.426027059555
srcnn,static,div2k,4,blur,0.5,212,3240,0.052009249478578566,24.73411814371745,0.04844593405723572,22.664948678016664,240,31.407946825027466,6568.8339738845825
srcnn,static,div2k,4,blur,0.5,213,3255,0.04953968810538451,24.88929977416992,0.04805570293683559,22.68283829689026,240,31.312788009643555,6600.146761894226
srcnn,static,div2k,4,blur,0.5,214,3270,0.05383857985337575,24.610978444417317,0.04781710747629404,22.700263690948486,240,31.48045778274536,6631.627219676971
srcnn,static,div2k,4,blur,0.5,215,3285,0.05230525980393092,24.823374684651693,0.04814119522925466,22.702920377254486,240,31.557329893112183,6663.184549570084
srcnn,static,div2k,4,blur,0.5,216,3300,0.053523368388414386,24.37780303955078,0.048976825887802986,22.633881950378417,240,31.62944197654724,6694.813991546631
srcnn,static,div2k,4,blur,0.5,217,3315,0.05458720872799556,24.060959116617838,0.048543478350620714,22.649184429645537,240,31.56615376472473,6726.380145311356
srcnn,static,div2k,4,blur,0.5,218,3330,0.05385683998465538,24.45941619873047,0.04938932424411178,22.6124760389328,240,31.544579029083252,6757.924724340439
srcnn,static,div2k,4,blur,0.5,219,3345,0.052440765251715975,24.708433787027996,0.04934114726493135,22.613466489315034,240,31.947285890579224,6789.872010231018
srcnn,static,div2k,4,blur,0.5,220,3360,0.05516945694883665,24.486202875773113,0.047888971376232804,22.721446895599364,240,31.792606830596924,6821.664617061615
srcnn,static,div2k,4,blur,0.5,221,3375,0.05511147330204646,24.585146077473958,0.04885520174866542,22.663167011737823,240,31.70646333694458,6853.37108039856
srcnn,static,div2k,4,blur,0.5,222,3390,0.05651301294565201,24.56485595703125,0.04844815217657015,22.688720428943633,240,32.24859690666199,6885.619677305222
srcnn,static,div2k,4,blur,0.5,223,3405,0.05426924129327138,24.548324457804362,0.04781833300366998,22.726925671100616,240,32.48221397399902,6918.101891279221
srcnn,static,div2k,4,blur,0.5,224,3420,0.05537371238072713,24.708965428670247,0.04942639302462339,22.642029809951783,240,32.00821089744568,6950.110102176666
srcnn,static,div2k,4,blur,0.5,225,3435,0.05382585351665815,24.844676081339518,0.04801488687517121,22.726684188842775,240,30.940547704696655,6981.050649881363
srcnn,static,div2k,4,blur,0.5,226,3450,0.057673950244983035,24.37474594116211,0.047805408388376235,22.724918723106384,240,30.939035892486572,7011.9896857738495
srcnn,static,div2k,4,blur,0.5,227,3465,0.057182513922452924,24.669771067301433,0.04800908979959786,22.719596648216246,240,31.780144929885864,7043.769830703735
srcnn,static,div2k,4,blur,0.5,228,3480,0.05647940908869108,24.786441040039062,0.048619399673771116,22.691349589824675,240,31.107903957366943,7074.877734661102
srcnn,static,div2k,4,blur,0.5,229,3495,0.057018660753965375,24.06113993326823,0.04827765050577,22.726608180999754,240,31.00813889503479,7105.885873556137
srcnn,static,div2k,4,blur,0.5,230,3510,0.05642882337172826,24.2494504292806,0.047644624719396234,22.756094467639922,240,30.860646963119507,7136.746520519257
srcnn,static,div2k,4,blur,0.5,231,3525,0.05762977922956149,24.120059076944987,0.047710576734971255,22.756038343906404,240,30.79089879989624,7167.537419319153
srcnn,static,div2k,4,blur,0.5,232,3540,0.05430050268769264,24.80100949605306,0.04835068866377697,22.730337059497835,240,30.878609895706177,7198.416029214859
srcnn,static,div2k,4,blur,0.5,233,3555,0.05605468799670537,24.21048927307129,0.052664156933315096,22.359041357040404,240,31.417004823684692,7229.833034038544
srcnn,static,div2k,4,blur,0.5,234,3570,0.05870254983504613,23.747652943929037,0.04854417920578271,22.723460066318513,240,30.96764302253723,7260.800677061081
srcnn,static,div2k,4,blur,0.5,235,3585,0.05956311648090681,23.84407221476237,0.04835382798919454,22.719547116756438,240,30.94261598587036,7291.743293046951
srcnn,static,div2k,4,blur,0.5,236,3600,0.05157112677892049,24.979523340861004,0.04890249918680638,22.709391403198243,240,31.14968705177307,7322.892980098724
srcnn,static,div2k,4,blur,0.5,237,3615,0.05862235575914383,24.039168930053712,0.048210653231944886,22.70636683702469,240,31.268887042999268,7354.161867141724
srcnn,static,div2k,4,blur,0.5,238,3630,0.056145569682121275,24.35369110107422,0.04842365252552554,22.70302411317825,240,31.476672887802124,7385.638540029526
srcnn,static,div2k,4,blur,0.5,239,3645,0.057778121034304304,23.874273935953777,0.0499303505057469,22.625121772289276,240,31.365787982940674,7417.004328012466
srcnn,static,div2k,4,blur,0.5,240,3660,0.056656286617120105,24.28293622334798,0.04935202628839761,22.674929571151733,240,31.312916040420532,7448.317244052887
srcnn,static,div2k,4,blur,0.5,241,3675,0.05498834252357483,24.57866096496582,0.04769329364644363,22.75926697254181,240,31.71608281135559,7480.033326864243
srcnn,static,div2k,4,blur,0.5,242,3690,0.05606733188033104,24.159719212849936,0.04743199764052406,22.781753063201904,240,32.06940412521362,7512.102730989456
srcnn,static,div2k,4,blur,0.5,243,3705,0.05353933920462926,24.751583099365234,0.04794935410609469,22.74446783065796,240,31.48814606666565,7543.590877056122
srcnn,static,div2k,4,blur,0.5,244,3720,0.056784787525733314,24.591476440429688,0.04813113056588918,22.754174327850343,240,31.310513257980347,7574.901390314102
srcnn,static,div2k,4,blur,0.5,245,3735,0.05686668604612351,24.006794865926107,0.04790442440425977,22.776827347278594,240,31.195559978485107,7606.096950292587
srcnn,static,div2k,4,blur,0.5,246,3750,0.05527095198631286,24.56874720255534,0.048213201470207426,22.760910677909852,240,31.073405981063843,7637.170356273651
srcnn,static,div2k,4,blur,0.5,247,3765,0.05560622041424115,24.61533114115397,0.04785272213630378,22.771530532836913,240,31.213196992874146,7668.383553266525
srcnn,static,div2k,4,blur,0.5,248,3780,0.0565018384406964,24.93153305053711,0.048031869425904004,22.756962537765503,240,31.3840970993042,7699.7676503658295
srcnn,static,div2k,4,blur,0.5,249,3795,0.05951293806234995,23.708698654174803,0.04796166195301339,22.758806264400484,240,31.20789408683777,7730.975544452667
srcnn,static,div2k,4,blur,0.5,250,3810,0.055981765935818356,24.182201639811197,0.04896800474962219,22.67311284542084,240,29.64494299888611,7760.620487451553
srcnn,static,div2k,4,blur,0.5,251,3825,0.054985719919204715,24.208911895751953,0.04890206519048661,22.684031987190245,240,29.10259485244751,7789.723082304001
srcnn,static,div2k,4,blur,0.5,252,3840,0.057804742952187856,24.129254659016926,0.04864617191487923,22.72464792728424,240,28.903797149658203,7818.626879453659
srcnn,static,div2k,4,blur,0.5,253,3855,0.05713040704528491,24.539859135945637,0.04723541863495484,22.81128442287445,240,29.024871826171875,7847.651751279831
srcnn,static,div2k,4,blur,0.5,254,3870,0.05537290448943774,24.74332224527995,0.04750431363936514,22.791651809215544,240,28.87212109565735,7876.523872375488
srcnn,static,div2k,4,blur,0.5,255,3885,0.052053387214740114,25.814883295694987,0.047190639132168144,22.811414551734924,240,29.152238845825195,7905.6761112213135
srcnn,static,div2k,4,blur,0.5,256,3900,0.05268222118417422,24.96621259053548,0.04793188467156142,22.779473733901977,240,29.02614402770996,7934.702255249023
srcnn,static,div2k,4,blur,0.5,257,3915,0.05605715215206146,24.566490681966147,0.04743407699279487,22.807745659351347,240,28.662498950958252,7963.364754199982
srcnn,static,div2k,4,blur,0.5,258,3930,0.053766790529092154,25.312634658813476,0.0472380367689766,22.81739284992218,240,28.571715831756592,7991.936470031738
srcnn,static,div2k,4,blur,0.5,259,3945,0.05584700455268224,24.59635353088379,0.048392425570636985,22.767775177955627,240,28.40277409553528,8020.339244127274
srcnn,static,div2k,4,blur,0.5,260,3960,0.05655244464675586,24.56349983215332,0.047326017508748916,22.814164018630983,240,28.587279796600342,8048.926523923874
srcnn,static,div2k,4,blur,0.5,261,3975,0.05982943127552668,23.583707809448242,0.04788283210946247,22.789998412132263,240,28.816616773605347,8077.743140697479
srcnn,static,div2k,4,blur,0.5,262,3990,0.05328504318992297,25.0232666015625,0.047301617602352054,22.82733471393585,240,28.72547483444214,8106.468615531921
srcnn,static,div2k,4,blur,0.5,263,4005,0.05439780329664548,24.84880625406901,0.0476555869798176,22.799751389026643,240,28.751833200454712,8135.220448732376
srcnn,static,div2k,4,blur,0.5,264,4020,0.05287845507264137,25.094173940022788,0.0476321036578156,22.8134947180748,240,28.72870397567749,8163.949152708054
srcnn,static,div2k,4,blur,0.5,265,4035,0.053985847532749175,24.841593805948893,0.0472927373717539,22.81821937561035,240,28.774643898010254,8192.723796606064
srcnn,static,div2k,4,blur,0.5,266,4050,0.05298247151076794,25.163982391357422,0.04756609573960304,22.805521810054778,240,28.58443307876587,8221.30822968483
srcnn,static,div2k,4,blur,0.5,267,4065,0.05383770912885666,24.65335184733073,0.04872631694888696,22.720262145996095,240,28.588210105895996,8249.896439790726
srcnn,static,div2k,4,blur,0.5,268,4080,0.055203051616748176,24.64550272623698,0.047223227471113204,22.824611270427702,240,28.705151081085205,8278.601590871811
srcnn,static,div2k,4,blur,0.5,269,4095,0.05652031848827998,24.59695167541504,0.04814400456380099,22.795379543304442,240,28.673614978790283,8307.275205850601
srcnn,static,div2k,4,blur,0.5,270,4110,0.05087516531348228,25.321826553344728,0.04754015821963549,22.807052314281464,240,28.686850786209106,8335.96205663681
srcnn,static,div2k,4,blur,0.5,271,4125,0.058510209123293556,23.781631978352866,0.047367450501769784,22.824550080299378,240,28.737277030944824,8364.699333667755
srcnn,static,div2k,4,blur,0.5,272,4140,0.05635933876037598,24.678545252482095,0.04834594468120486,22.791024816036224,240,28.962547063827515,8393.661880731583
srcnn,static,div2k,4,blur,0.5,273,4155,0.05425488501787186,25.22203318277995,0.048050263640470804,22.7845676779747,240,28.810232877731323,8422.472113609314
srcnn,static,div2k,4,blur,0.5,274,4170,0.0556217556198438,24.56440607706706,0.0498932630289346,22.680634021759033,240,28.722069025039673,8451.194182634354
srcnn,static,div2k,4,blur,0.5,275,4185,0.05248570119341214,24.801187642415364,0.04831159668974579,22.745817625522612,240,28.71784806251526,8479.912030696869
srcnn,static,div2k,4,blur,0.5,276,4200,0.05613594303528468,24.405242284138996,0.047501029178965835,22.812390065193178,240,28.690152168273926,8508.602182865143
srcnn,static,div2k,4,blur,0.5,277,4215,0.05481045966347058,24.50504493713379,0.04741991527844221,22.812401700019837,240,28.92749309539795,8537.52967596054
srcnn,online,div2k,4,blur,0.5,0,14,0.27782742458361165,11.430076528478551,0.13575667105615138,15.60771279335022,216,27.52929997444153,27.52929997444153
srcnn,online,div2k,4,blur,0.5,1,28,0.12462077262224974,16.687583570127135,0.10538731729611754,17.859615135192872,216,27.23953890800476,54.76883888244629
srcnn,online,div2k,4,blur,0.5,2,42,0.10399824987958979,18.07435480753581,0.08965414962731302,18.897372674942016,216,27.129647970199585,81.89848685264587
srcnn,online,div2k,4,blur,0.5,3,56,0.08641378140008008,19.128189934624565,0.07792301983572543,19.793272650241853,216,27.35285210609436,109.25133895874023
srcnn,online,div2k,4,blur,0.5,4,70,0.07295591604930383,20.117106402361834,0.06798222912475467,20.632575964927675,216,27.06345820426941,136.31479716300964
srcnn,online,div2k,4,blur,0.5,5,84,0.0694285476649249,20.6806214650472,0.06322050015442074,21.048435711860655,216,27.45012402534485,163.7649211883545
srcnn,online,div2k,4,blur,0.5,6,98,0.06714713628645297,20.77674060397678,0.0632475946797058,21.07285133600235,216,27.577004194259644,191.34192538261414
srcnn,online,div2k,4,blur,0.5,7,112,0.06231759267824667,21.382885685673468,0.061461923620663585,21.204269731044768,216,27.676627159118652,219.0185525417328
srcnn,online,div2k,4,blur,0.5,8,126,0.06352625193971174,21.3431361163104,0.06124672892037779,21.26035451889038,216,27.64582109451294,246.66437363624573
srcnn,online,div2k,4,blur,0.5,9,140,0.059619899149294255,21.8216495513916,0.058901012688875196,21.43474462032318,216,27.66635799407959,274.3307316303253
srcnn,online,div2k,4,blur,0.5,10,154,0.05908832781844669,21.82481320699056,0.05798817416653037,21.514307928085326,216,27.418580055236816,301.74931168556213
srcnn,online,div2k,4,blur,0.5,11,168,0.058885616422803315,21.760916533293546,0.05774221066385508,21.55507222414017,216,27.76080632209778,329.5101180076599
srcnn,online,div2k,4,blur,0.5,12,182,0.05550483379650999,22.386109528718173,0.059056477481499316,21.499653303623198,216,27.772865772247314,357.2829837799072
srcnn,online,div2k,4,blur,0.5,13,196,0.050841273808920825,23.103680222122758,0.0565543727716431,21.679523527622223,216,28.032598972320557,385.3155827522278
srcnn,online,div2k,4,blur,0.5,14,210,0.0525604588566003,22.86047137225116,0.05647655811626464,21.682206678390504,216,27.902771949768066,413.21835470199585
srcnn,online,div2k,4,blur,0.5,15,224,0.05042717495450267,23.38395761560511,0.05732699600048363,21.64715896844864,216,27.88258409500122,441.10093879699707
srcnn,online,div2k,4,blur,0.5,16,238,0.052068363737176965,23.47800742255317,0.055134009732864794,21.781448042392732,216,27.805981874465942,468.906920671463
srcnn,online,div2k,4,blur,0.5,17,252,0.05421409811134691,23.30240927802192,0.05686081917956472,21.671856427192687,216,27.60508704185486,496.51200771331787
srcnn,online,div2k,4,blur,0.5,18,266,0.052914595438374415,23.238819546169704,0.055226463789585976,21.784493160247802,216,28.256339073181152,524.768346786499
srcnn,online,div2k,4,blur,0.5,19,280,0.05335957143041822,23.34861727114077,0.054601069958880546,21.819389867782593,216,27.769706964492798,552.5380537509918
srcnn,online,div2k,4,blur,0.5,20,294,0.05272130502594842,23.385194849084925,0.0555245952331461,21.796797585487365,216,27.788670778274536,580.3267245292664
srcnn,online,div2k,4,blur,0.5,21,308,0.05012829270627764,23.771198413990163,0.054631912952754644,21.823204147815705,216,27.82657814025879,608.1533026695251
srcnn,online,div2k,4,blur,0.5,22,322,0.051200516797878126,23.788581918787074,0.055939233093522486,21.753318440914153,216,27.79415798187256,635.9474606513977
srcnn,online,div2k,4,blur,0.5,23,336,0.054334212370492796,23.47485097249349,0.05601256254594773,21.761036968231203,216,27.543926000595093,663.4913866519928
srcnn,online,div2k,4,blur,0.5,24,350,0.05341987118676857,23.454497302020037,0.05510748024098575,21.806685161590575,216,28.113533973693848,691.6049206256866
srcnn,online,div2k,4,blur,0.5,25,364,0.04831291679982786,24.64221685904044,0.055066011007875205,21.813216233253478,216,27.869816780090332,719.474737405777
srcnn,online,div2k,4,blur,0.5,26,378,0.04988287596238984,24.319134182400173,0.05443435448687524,21.853169226646422,216,27.97019076347351,747.4449281692505
srcnn,online,div2k,4,blur,0.5,27,392,0.048588124414285026,24.732424983271844,0.05507995162624866,21.800218212604523,216,27.966562747955322,775.4114909172058
srcnn,online,div2k,4,blur,0.5,28,406,0.04712062660190794,24.604525672064888,0.05527458572760224,21.815455186367036,216,27.805034160614014,803.2165250778198
srcnn,online,div2k,4,blur,0.5,29,420,0.051584124013229656,24.024366590711807,0.05465850753244013,21.860019767284392,216,27.74241805076599,830.9589431285858
srcnn,online,div2k,4,blur,0.5,30,434,0.0487531408391617,24.756943314163774,0.0542037365725264,21.88948001861572,216,27.87822914123535,858.8371722698212
srcnn,online,div2k,4,blur,0.5,31,448,0.04814421937421516,24.65396852846499,0.054381140845362094,21.892548751831054,216,27.540534019470215,886.3777062892914
srcnn,online,div2k,4,blur,0.5,32,462,0.04768717675297349,24.975821883590132,0.05538079077377915,21.834894609451293,216,27.799199104309082,914.1769053936005
srcnn,online,div2k,4,blur,0.5,33,476,0.05234358556292675,24.27762441281919,0.054635050205979495,21.88406859636307,216,27.714043855667114,941.8909492492676
srcnn,online,div2k,4,blur,0.5,34,490,0.04960826260072214,24.33451998675311,0.05341699296841398,21.941636657714845,216,27.67954730987549,969.5704965591431
srcnn,online,div2k,4,blur,0.5,35,504,0.04742606163576797,25.006758795844185,0.05391635689884424,21.910569405555727,216,27.758662939071655,997.3291594982147
srcnn,online,div2k,4,blur,0.5,36,518,0.0484466225736671,24.728644688924152,0.053857945022173226,21.918893826007842,216,27.825872898101807,1025.1550323963165
srcnn,online,div2k,4,blur,0.5,37,532,0.046543887781876105,25.367143701623988,0.05368588041746989,21.94717730283737,216,27.767910957336426,1052.922943353653
srcnn,online,div2k,4,blur,0.5,38,546,0.047115250732059834,25.128420794451678,0.053377656103111806,21.964251470565795,216,27.835432052612305,1080.7583754062653
srcnn,online,div2k,4,blur,0.5,39,560,0.04409550171759394,25.828573721426505,0.053551939397584646,21.948852622509,216,28.039612770080566,1108.7979881763458
srcnn,online,div2k,4,blur,0.5,40,574,0.04723326668695167,25.283500247531467,0.05361051454674452,21.937412571907043,216,27.896806716918945,1136.6947948932648
srcnn,online,div2k,4,blur,0.5,41,588,0.04660873418604886,24.955771764119465,0.05497790594818071,21.873093438148498,216,27.821624994277954,1164.5164198875427
srcnn,online,div2k,4,blur,0.5,42,602,0.04941449976629681,24.863303926255966,0.055219767754897474,21.855034697055817,216,27.787892818450928,1192.3043127059937
srcnn,online,div2k,4,blur,0.5,43,616,0.048921899387130034,24.81836333098235,0.055481941695325075,21.817100477218627,216,27.68651795387268,1219.9908306598663
srcnn,online,div2k,4,blur,0.5,44,630,0.0485876903489784,25.075692424067743,0.0540623125853017,21.92306708097458,216,27.88432216644287,1247.8751528263092
srcnn,online,div2k,4,blur,0.5,45,644,0.04938822391408461,24.75237563804344,0.05351242735050619,21.978952264785768,216,27.99924874305725,1275.8744015693665
srcnn,online,div2k,4,blur,0.5,46,658,0.04666005654467477,25.380894978841145,0.05291255109477788,21.985811495780943,216,27.821395874023438,1303.69579744339
srcnn,online,div2k,4,blur,0.5,47,672,0.04536274241076575,25.548548097963685,0.055702494480647145,21.821093940734862,216,27.84236788749695,1331.5381653308868
srcnn,online,div2k,4,blur,0.5,48,686,0.048198373367389045,24.70853551228841,0.05385048869065941,21.94876387119293,216,27.658378839492798,1359.1965441703796
srcnn,online,div2k,4,blur,0.5,49,700,0.04778565024888074,24.984221705683954,0.05283408776158467,21.99913169145584,216,27.79045796394348,1386.9870021343231
srcnn,online,div2k,4,blur,0.5,50,714,0.045247794025474124,25.508376933910228,0.05338696339167655,21.9808846950531,216,27.67332100868225,1414.6603231430054
srcnn,online,div2k,4,blur,0.5,51,728,0.04698013748835634,25.416205088297527,0.054039258079137655,21.937933349609374,216,27.685932636260986,1442.3462557792664
srcnn,online,div2k,4,blur,0.5,52,742,0.046154322723547615,25.011850992838543,0.05346122020855546,21.975701916217805,216,27.923927068710327,1470.2701828479767
srcnn,online,div2k,4,blur,0.5,53,756,0.04678218770358297,25.258896439163774,0.05297195386374369,22.009434044361115,216,28.04313588142395,1498.3133187294006
srcnn,online,div2k,4,blur,0.5,54,770,0.0486665787520232,24.79460808082863,0.053778855758719143,21.96551412343979,216,28.10599446296692,1526.4193131923676
srcnn,online,div2k,4,blur,0.5,55,784,0.04434618050301516,25.727149539523655,0.052974672324489804,22.019724452495574,216,27.990728855133057,1554.4100420475006
srcnn,online,div2k,4,blur,0.5,56,798,0.04476207853467376,25.61923952455874,0.05412406803807244,21.941742300987244,216,27.91289234161377,1582.3229343891144
srcnn,online,div2k,4,blur,0.5,57,812,0.045653349409500756,25.517579820421005,0.05335579353850335,22.000251269340517,216,28.005669116973877,1610.3286035060883
srcnn,online,div2k,4,blur,0.5,58,826,0.044531967490911484,25.51473518654152,0.05326515627093613,21.99234060049057,216,27.832221269607544,1638.1608247756958
srcnn,online,div2k,4,blur,0.5,59,840,0.047608328638253386,25.105776610197843,0.053040062985382976,22.00725601911545,216,27.849054098129272,1666.009878873825
srcnn,online,div2k,4,blur,0.5,60,854,0.04720851889363042,25.026354825055158,0.05583960481453687,21.820471620559694,216,27.9754319190979,1693.985310792923
srcnn,online,div2k,4,blur,0.5,61,868,0.048206353905024354,24.992639188413268,0.05634128977544606,21.78825008869171,216,28.08374285697937,1722.0690536499023
srcnn,online,div2k,4,blur,0.5,62,882,0.04654725737593792,25.05389149983724,0.05277879391796887,22.036576998233794,216,27.62180995941162,1749.690863609314
srcnn,online,div2k,4,blur,0.5,63,896,0.04900434889175274,24.951320930763526,0.052706426579970864,22.022078466415405,216,27.94011902809143,1777.6309826374054
srcnn,online,div2k,4,blur,0.5,64,910,0.04671354674630695,25.54837276317455,0.05483280415646732,21.92479462623596,216,27.819658994674683,1805.45064163208
srcnn,online,div2k,4,blur,0.5,65,924,0.04305768785653291,25.958286709255642,0.0531013521947898,22.035659885406496,216,27.776314973831177,1833.2269566059113
srcnn,online,div2k,4,blur,0.5,66,938,0.043590708187332856,25.83195537990994,0.05265029749134555,22.03365191221237,216,27.77234411239624,1860.9993007183075
srcnn,online,div2k,4,blur,0.5,67,952,0.04461251088866481,25.57789774294253,0.05237164456630126,22.063622093200685,216,28.025617837905884,1889.0249185562134
srcnn,online,div2k,4,blur,0.5,68,966,0.042856571161084704,26.40856248361093,0.05255979056237266,22.051095628738402,216,28.10247278213501,1917.1273913383484
srcnn,online,div2k,4,blur,0.5,69,980,0.04474107148470702,25.69426091512044,0.056159445480443534,21.801605820655823,216,27.78971529006958,1944.917106628418
srcnn,online,div2k,4,blur,0.5,70,994,0.04553655397008966,24.96674233895761,0.05308915759669617,22.032723164558412,216,28.076557159423828,1972.9936637878418
srcnn,online,div2k,4,blur,0.5,71,1008,0.04429287325452875,26.325622841163916,0.05256700274767354,22.050232934951783,216,27.906157732009888,2000.8998215198517
srcnn,online,div2k,4,blur,0.5,72,1022,0.04511050479831519,25.78314745867694,0.0523046015528962,22.067893707752226,216,28.104230880737305,2029.004052400589
srcnn,online,div2k,4,blur,0.5,73,1036,0.04810613821502085,24.901666146737558,0.056046077609062196,21.817342019081117,216,27.732048273086548,2056.7361006736755
srcnn,online,div2k,4,blur,0.5,74,1050,0.04731901210767252,25.04001115869593,0.05503064546501264,21.90488542318344,216,28.626265048980713,2085.3623657226562
srcnn,online,div2k,4,blur,0.5,75,1064,0.04926802825044702,24.681802043208368,0.05310052504064515,22.024349009990694,216,28.046508073806763,2113.408873796463
srcnn,online,div2k,4,blur,0.5,76,1078,0.04479681452115377,25.512937757703995,0.054697182413656266,21.918556129932405,216,28.00776720046997,2141.416640996933
srcnn,online,div2k,4,blur,0.5,77,1092,0.04491064752693529,25.4053081229881,0.053496171359438446,22.001460719108582,216,27.981063842773438,2169.3977048397064
srcnn,online,div2k,4,blur,0.5,78,1106,0.046848126859576615,25.176293549714266,0.05216599918203428,22.082948875427245,216,28.08967900276184,2197.4873838424683
srcnn,online,div2k,4,blur,0.5,79,1120,0.048777443529279145,24.94369478578921,0.05271131225163117,22.05978388786316,216,27.95326590538025,2225.4406497478485
srcnn,online,div2k,4,blur,0.5,80,1134,0.04547503963112831,25.83418867323134,0.052096170221921055,22.091100764274596,216,27.959041118621826,2253.3996908664703
srcnn,online,div2k,4,blur,0.5,81,1148,0.04565512057807711,25.616298392966943,0.05341787452343851,22.037307572364806,216,28.070910930633545,2281.470601797104
srcnn,online,div2k,4,blur,0.5,82,1162,0.0475675887255757,24.96518509476273,0.05258835301501676,22.06500208377838,216,27.987658977508545,2309.4582607746124
srcnn,online,div2k,4,blur,0.5,83,1176,0.045660335984494954,25.42938783433702,0.05189884610008448,22.114067816734313,216,28.071693897247314,2337.5299546718597
srcnn,online,div2k,4,blur,0.5,84,1190,0.04467782930091575,25.799496403446906,0.052293529373127964,22.10068998336792,216,28.244927883148193,2365.774882555008
srcnn,online,div2k,4,blur,0.5,85,1204,0.04835030188163122,25.076323827107746,0.05293447921285406,22.064412784576415,216,28.122846126556396,2393.8977286815643
srcnn,online,div2k,4,blur,0.5,86,1218,0.04531804430815908,25.83319890057599,0.0525753540918231,22.082387363910676,216,28.04891014099121,2421.9466388225555
srcnn,online,div2k,4,blur,0.5,87,1232,0.044730322228537664,25.729495013201678,0.05248746890574694,22.09313519001007,216,28.14597511291504,2450.0926139354706
srcnn,online,div2k,4,blur,0.5,88,1246,0.046530838779829164,25.504545706289786,0.052282374736387284,22.09061666727066,216,27.89804220199585,2477.9906561374664
srcnn,online,div2k,4,blur,0.5,89,1260,0.04373271335606222,26.459600801821107,0.051779352873563764,22.126470458507537,216,28.0921847820282,2506.0828409194946
srcnn,online,div2k,4,blur,0.5,90,1274,0.04499195102188322,25.59155965734411,0.056597758340649305,21.768825125694274,216,28.42017889022827,2534.503019809723
srcnn,online,div2k,4,blur,0.5,91,1288,0.050828804848370726,24.72182153772425,0.05292078549973667,22.04240792989731,216,28.475439071655273,2562.978458881378
srcnn,online,div2k,4,blur,0.5,92,1302,0.04565981113248401,25.46690269752785,0.052330334507860246,22.09450650215149,216,28.03668999671936,2591.0151488780975
srcnn,online,div2k,4,blur,0.5,93,1316,0.04351752748092016,25.886835380836768,0.0534762084716931,22.01959525346756,216,28.08216905593872,2619.0973179340363
srcnn,online,div2k,4,blur,0.5,94,1330,0.045943311933014125,25.389658751311124,0.05236782301217317,22.11429500579834,216,28.03644895553589,2647.133766889572
srcnn,online,div2k,4,blur,0.5,95,1344,0.045117220668881027,25.589087733515985,0.05258153455797583,22.111613857746125,216,28.048026084899902,2675.181792974472
srcnn,online,div2k,4,blur,0.5,96,1358,0.04398242715332243,25.726711131908274,0.05377156276954338,22.02204246520996,216,27.859621047973633,2703.0414140224457
srcnn,online,div2k,4,blur,0.5,97,1372,0.04420826749669181,25.862330048172563,0.052524634380824865,22.089191246032716,216,27.872113943099976,2730.9135279655457
srcnn,online,div2k,4,blur,0.5,98,1386,0.04772851119438807,25.30591046368634,0.052291634178254755,22.10053870677948,216,28.01118803024292,2758.9247159957886
srcnn,online,div2k,4,blur,0.5,99,1400,0.04252161830663681,26.237391719111688,0.05179410910932347,22.147879946231843,216,28.07342791557312,2786.9981439113617
srcnn,online,div2k,4,blur,0.5,100,1414,0.04668013917075263,25.05528329919886,0.052117665589321405,22.10270869731903,216,28.248577117919922,2815.2467210292816
srcnn,online,div2k,4,blur,0.5,101,1428,0.04695963445636961,25.25900028370045,0.05239100871840492,22.090023720264433,216,28.098705053329468,2843.345426082611
srcnn,online,div2k,4,blur,0.5,102,1442,0.04734191119118973,25.301810653121382,0.05240071469452232,22.12804819345474,216,28.304400205612183,2871.6498262882233
srcnn,online,div2k,4,blur,0.5,103,1456,0.04550905373913271,25.756090658682364,0.053142787888646126,22.088843178749084,216,28.690314054489136,2900.3401403427124
srcnn,online,div2k,4,blur,0.5,104,1470,0.04560824676796242,25.581241678308558,0.051505887019447985,22.165114486217497,216,28.52400779724121,2928.8641481399536
srcnn,online,div2k,4,blur,0.5,105,1484,0.04345528312303402,26.14792435257523,0.05248785734875128,22.0830259680748,216,30.131433248519897,2958.9955813884735
srcnn,online,div2k,4,blur,0.5,106,1498,0.0489384097357591,24.98639127943251,0.05202444110764191,22.15456964969635,216,30.973320245742798,2989.9689016342163
srcnn,online,div2k,4,blur,0.5,107,1512,0.04110123741405981,26.54732400399667,0.05337076807627454,22.0369665145874,216,30.526169061660767,3020.495070695877
srcnn,online,div2k,4,blur,0.5,108,1526,0.04234201405887251,26.302146911621094,0.051624762592837214,22.174231898784637,216,30.333757162094116,3050.828827857971
srcnn,online,div2k,4,blur,0.5,109,1540,0.04745591528437756,25.422675097430194,0.052090446290094405,22.13229305744171,216,30.320494174957275,3081.1493220329285
srcnn,online,div2k,4,blur,0.5,110,1554,0.0423651747405529,26.271409070050275,0.051527211244683714,22.183040976524353,216,30.2641818523407,3111.413503885269
srcnn,online,div2k,4,blur,0.5,111,1568,0.04247521305525744,26.067710170039422,0.05121546249138191,22.196967673301696,216,30.295929193496704,3141.709433078766
srcnn,online,div2k,4,blur,0.5,112,1582,0.046087566349241466,25.423422001026296,0.053041636804118754,22.07922750711441,216,30.394617795944214,3172.10405087471
srcnn,online,div2k,4,blur,0.5,113,1596,0.045575148667450306,25.39470898663556,0.052373876667115835,22.12724153995514,216,30.52798581123352,3202.6320366859436
srcnn,online,div2k,4,blur,0.5,114,1610,0.04793592128488752,24.579738405015732,0.052253998757805675,22.141267943382264,216,30.384604930877686,3233.0166416168213
srcnn,online,div2k,4,blur,0.5,115,1624,0.04468738053131987,25.584935859397607,0.05195527673931792,22.17008364200592,216,30.2303729057312,3263.2470145225525
srcnn,online,div2k,4,blur,0.5,116,1638,0.04608564202984174,25.177583623815465,0.051402417663484815,22.181884348392487,216,30.28686213493347,3293.533876657486
srcnn,online,div2k,4,blur,0.5,117,1652,0.04254894289705488,26.05980357417354,0.05113679489586502,22.208070290088653,216,30.347907781600952,3323.881784439087
srcnn,online,div2k,4,blur,0.5,118,1666,0.04482269811409491,25.568769808168764,0.05106559609994292,22.209039008617403,216,30.48967695236206,3354.371461391449
srcnn,online,div2k,4,blur,0.5,119,1680,0.044361935583529646,25.82345566926179,0.0512916351784952,22.19864817857742,216,30.658654928207397,3385.0301163196564
srcnn,online,div2k,4,blur,0.5,120,1694,0.04491958270470301,26.201007772375036,0.05182728582294658,22.15515912771225,216,30.26792001724243,3415.298036336899
srcnn,online,div2k,4,blur,0.5,121,1708,0.04442762969820588,25.868372952496564,0.05139977753860876,22.194341135025024,216,30.050575971603394,3445.348612308502
srcnn,online,div2k,4,blur,0.5,122,1722,0.04408882737711624,25.77597978379991,0.051297466654796155,22.21076443195343,216,30.35547113418579,3475.704083442688
srcnn,online,div2k,4,blur,0.5,123,1736,0.041820610838907736,26.427105797661675,0.05363401041831821,22.039564657211304,216,30.145775079727173,3505.849858522415
srcnn,online,div2k,4,blur,0.5,124,1750,0.04458574536773893,26.005112330118816,0.05215560720534995,22.121467852592467,216,30.331649780273438,3536.1815083026886
srcnn,online,div2k,4,blur,0.5,125,1764,0.04398666680962951,26.196511727792245,0.05442439808975905,21.9956072807312,216,30.360655784606934,3566.5421640872955
srcnn,online,div2k,4,blur,0.5,126,1778,0.04394838807207567,26.060826902036315,0.052425316639710215,22.1377752661705,216,30.445770025253296,3596.987934112549
srcnn,online,div2k,4,blur,0.5,127,1792,0.04242603122084229,26.2898967884205,0.0521366068162024,22.133376002311707,216,30.280238151550293,3627.268172264099
srcnn,online,div2k,4,blur,0.5,128,1806,0.04455848728065138,25.86212695086444,0.053113107662647964,22.096492993831635,216,30.239010095596313,3657.5071823596954
srcnn,online,div2k,4,blur,0.5,129,1820,0.0460292287170887,25.152520215069806,0.05312199131585658,22.084859001636506,216,30.3771870136261,3687.8843693733215
srcnn,online,div2k,4,blur,0.5,130,1834,0.04438526210961519,25.55548385337547,0.05166750062489882,22.17896592617035,216,30.102940797805786,3717.9873101711273
srcnn,online,div2k,4,blur,0.5,131,1848,0.04529952520021686,25.36182396500199,0.051169952028431,22.209778332710265,216,30.406523942947388,3748.3938341140747
srcnn,online,div2k,4,blur,0.5,132,1862,0.04699290750755204,25.278554845739293,0.05193738562520593,22.138595271110535,216,30.346030950546265,3778.739865064621
srcnn,online,div2k,4,blur,0.5,133,1876,0.0445076467262374,25.585399910255713,0.05130657259142026,22.23328833580017,216,30.224982023239136,3808.96484708786
srcnn,online,div2k,4,blur,0.5,134,1890,0.04616522789001465,25.476845847235786,0.05362270320765674,22.072297120094298,216,30.30159902572632,3839.2664461135864
srcnn,online,div2k,4,blur,0.5,135,1904,0.04247176702375765,26.071415371365017,0.0535904447780922,22.027073407173155,216,30.375300884246826,3869.6417469978333
srcnn,online,div2k,4,blur,0.5,136,1918,0.04519935310990722,25.5514811763057,0.05158789575798437,22.194261813163756,216,29.95964527130127,3899.6013922691345
srcnn,online,div2k,4,blur,0.5,137,1932,0.0456628672502659,25.38184173018844,0.05137962111039087,22.213935923576354,216,29.967943906784058,3929.5693361759186
srcnn,online,div2k,4,blur,0.5,138,1946,0.04515536853836642,25.66434959129051,0.05176681126467884,22.156626892089843,216,30.340179920196533,3959.909516096115
srcnn,online,div2k,4,blur,0.5,139,1960,0.043933695251191104,25.69925555476436,0.05144990977132693,22.19061714410782,216,30.50126600265503,3990.41078209877
srcnn,online,div2k,4,blur,0.5,140,1974,0.04476607839266459,25.57547046520092,0.05171875806991011,22.176165783405303,216,30.52137541770935,4020.9321575164795
srcnn,online,div2k,4,blur,0.5,141,1988,0.041946186787552305,26.027553063851816,0.05069163591833785,22.248837876319886,216,30.182042837142944,4051.1142003536224
srcnn,online,div2k,4,blur,0.5,142,2002,0.041903651422924466,26.478715260823567,0.05080532907741144,22.259998238086702,216,30.09043288230896,4081.2046332359314
srcnn,online,div2k,4,blur,0.5,143,2016,0.0432424227948542,25.877009144535773,0.052199205488432196,22.15357909202576,216,30.470223903656006,4111.674857139587
srcnn,online,div2k,4,blur,0.5,144,2030,0.0440432890145867,25.98132536146376,0.05114250961923972,22.23631513118744,216,30.47209882736206,4142.1469559669495
srcnn,online,div2k,4,blur,0.5,145,2044,0.04422403899607835,26.196741457338685,0.052946575207170096,22.156163251399995,216,30.42726993560791,4172.574225902557
srcnn,online,div2k,4,blur,0.5,146,2058,0.04279083786187349,25.960370805528427,0.051743714953772724,22.191082465648652,216,31.252098083496094,4203.8263239860535
srcnn,online,div2k,4,blur,0.5,147,2072,0.04232296899512962,26.21838230556912,0.05045718528563157,22.272941291332245,216,31.133850812911987,4234.960174798965
srcnn,online,div2k,4,blur,0.5,148,2086,0.04482337556503437,25.742117281313295,0.05090180316474289,22.26126010417938,216,30.797311067581177,4265.757485866547
srcnn,online,div2k,4,blur,0.5,149,2100,0.041923600904367586,26.496645750822843,0.050963230582419784,22.258176589012145,216,30.61996603012085,4296.3774518966675
srcnn,online,div2k,4,blur,0.5,150,2114,0.04169635750629284,26.454338215015554,0.050659416965208946,22.284980154037477,216,30.25474214553833,4326.632194042206
srcnn,online,div2k,4,blur,0.5,151,2128,0.04237706076215814,26.29098023308648,0.051638250192627314,22.192853271961212,216,30.308492183685303,4356.940686225891
srcnn,online,div2k,4,blur,0.5,152,2142,0.04269549581739637,26.471801545884873,0.0523948616348207,22.204205489158632,216,30.42104697227478,4387.361733198166
srcnn,online,div2k,4,blur,0.5,153,2156,0.043466676440503865,25.928307709870516,0.051295905315782875,22.241110253334046,216,30.328130960464478,4417.68986415863
srcnn,online,div2k,4,blur,0.5,154,2170,0.04194238078263071,26.39156214396159,0.0512448989902623,22.254596078395842,216,29.984730005264282,4447.674594163895
srcnn,online,div2k,4,blur,0.5,155,2184,0.04282125306350214,25.927502455534757,0.051082921505440027,22.280248069763182,216,30.35881996154785,4478.0334141254425
srcnn,online,div2k,4,blur,0.5,156,2198,0.04750853625160677,24.74350109806767,0.05767165219876915,21.74874428510666,216,30.323856830596924,4508.357270956039
srcnn,online,div2k,4,blur,0.5,157,2212,0.04696614378028446,24.99373040375886,0.05373593245167285,22.04345622062683,216,30.28683090209961,4538.644101858139
srcnn,online,div2k,4,blur,0.5,158,2226,0.04772622400411853,25.1869379679362,0.05141349704936147,22.2201917886734,216,30.500586986541748,4569.144688844681
srcnn,online,div2k,4,blur,0.5,159,2240,0.042643580585718155,25.769830067952473,0.05209783117752522,22.15351536273956,216,30.741981983184814,4599.886670827866
srcnn,online,div2k,4,blur,0.5,160,2254,0.04245626415919374,26.10684910526982,0.05096796202706173,22.25910152196884,216,30.08445382118225,4629.971124649048
srcnn,online,div2k,4,blur,0.5,161,2268,0.042684693855267984,26.241283981888383,0.05063275241991505,22.276801025867464,216,30.249274015426636,4660.2203986644745
srcnn,online,div2k,4,blur,0.5,162,2282,0.04094020028909048,26.643547693888348,0.050691814883612095,22.26804597377777,216,30.51389718055725,4690.734295845032
srcnn,online,div2k,4,blur,0.5,163,2296,0.04159480595478305,26.367847513269496,0.050429942971095446,22.28528038263321,216,30.179494857788086,4720.91379070282
srcnn,online,div2k,4,blur,0.5,164,2310,0.041895112574652386,26.577372374358,0.051303650625050067,22.25562241077423,216,30.37173891067505,4751.285529613495
srcnn,online,div2k,4,blur,0.5,165,2324,0.04256057753055184,26.18080344023528,0.0505299009848386,22.27792626619339,216,30.361550092697144,4781.647079706192
srcnn,online,div2k,4,blur,0.5,166,2338,0.042473721559400913,26.209032623856157,0.05019217486260459,22.304328083992004,216,30.38687801361084,4812.033957719803
srcnn,online,div2k,4,blur,0.5,167,2352,0.04568350977367825,25.73012415568034,0.050838833616580814,22.29548498392105,216,30.589275360107422,4842.62323307991
srcnn,online,div2k,4,blur,0.5,168,2366,0.04371887445449829,25.838007891619647,0.05122041496215388,22.243472516536713,216,31.157426118850708,4873.780659198761
srcnn,online,div2k,4,blur,0.5,169,2380,0.04488657111371005,25.492508782280815,0.05087712961249054,22.282031571865083,216,30.476651906967163,4904.257311105728
srcnn,online,div2k,4,blur,0.5,170,2394,0.03943784052023181,26.918295189186377,0.051403137331362814,22.223398530483244,216,30.292266845703125,4934.549577951431
srcnn,online,div2k,4,blur,0.5,171,2408,0.04317925746242205,26.105690285011573,0.050322031311225146,22.30835165977478,216,30.554484128952026,4965.104062080383
srcnn,online,div2k,4,blur,0.5,172,2422,0.04102196144285025,26.64739778306749,0.050464130169712004,22.28313002586365,216,30.47545599937439,4995.579518079758
srcnn,online,div2k,4,blur,0.5,173,2436,0.04171296885168111,26.567177878485786,0.05144925091881305,22.219503378868104,216,30.254759073257446,5025.834277153015
srcnn,online,div2k,4,blur,0.5,174,2450,0.044804177074520675,25.75679581253617,0.05089377558324486,22.270188200473786,216,30.2354998588562,5056.069777011871
srcnn,online,div2k,4,blur,0.5,175,2464,0.04084724587974725,26.45622663144712,0.05035547412699089,22.315691208839418,216,30.526674032211304,5086.596451044083
srcnn,online,div2k,4,blur,0.5,176,2478,0.04097259155026189,26.486602359347874,0.05037404481554404,22.320249056816102,216,30.46255397796631,5117.059005022049
srcnn,online,div2k,4,blur,0.5,177,2492,0.044254208673481586,25.924648002341943,0.05022830432280898,22.334580183029175,216,30.314270973205566,5147.3732759952545
srcnn,online,div2k,4,blur,0.5,178,2506,0.04249375699846833,26.164582782321506,0.05067827426828444,22.311632013320924,216,30.5865159034729,5177.959791898727
srcnn,online,div2k,4,blur,0.5,179,2520,0.04242677931432371,26.022454297101056,0.051621697889640925,22.213029205799103,216,30.630093812942505,5208.58988571167
srcnn,online,div2k,4,blur,0.5,180,2534,0.04498923680296651,25.724868774414062,0.05012642462970689,22.342952620983123,216,30.31188988685608,5238.901775598526
srcnn,online,div2k,4,blur,0.5,181,2548,0.044274634371201195,25.917427486843533,0.05025206728605554,22.322907781600954,216,30.21464705467224,5269.116422653198
srcnn,online,div2k,4,blur,0.5,182,2562,0.03975586951882751,26.995804256863064,0.050683839712291956,22.29606189727783,216,30.33945393562317,5299.455876588821
srcnn,online,div2k,4,blur,0.5,183,2576,0.041886647680291426,26.38861408940068,0.05071338631678372,22.26681042909622,216,30.108935832977295,5329.564812421799
srcnn,online,div2k,4,blur,0.5,184,2590,0.04391129011357272,25.756955182110822,0.05161766409873962,22.23661274909973,216,30.035644054412842,5359.600456476212
srcnn,online,div2k,4,blur,0.5,185,2604,0.04280425111452738,25.734899167661315,0.05095307060983032,22.30788869857788,216,30.298094034194946,5389.8985505104065
srcnn,online,div2k,4,blur,0.5,186,2618,0.04480079092361309,25.68946463973434,0.05088274565059692,22.276989686489106,216,30.231739044189453,5420.130289554596
srcnn,online,div2k,4,blur,0.5,187,2632,0.04158324458532863,26.45454074718334,0.051412548799999055,22.287227606773378,216,30.16997194290161,5450.300261497498
srcnn,online,div2k,4,blur,0.5,188,2646,0.04459522057462622,25.92856096338343,0.05171786454739049,22.212462413311005,216,30.48214888572693,5480.7824103832245
srcnn,online,div2k,4,blur,0.5,189,2660,0.045922696866371016,25.429646951180917,0.05076948232017457,22.327098989486693,216,30.530682802200317,5511.313093185425
srcnn,online,div2k,4,blur,0.5,190,2674,0.042640716665320925,26.054002196700484,0.05169489483814686,22.204094457626343,216,30.54083776473999,5541.853930950165
srcnn,online,div2k,4,blur,0.5,191,2688,0.043773832696455496,25.82606237905997,0.05031791423680261,22.322399187088013,216,31.364320039749146,5573.218250989914
srcnn,online,div2k,4,blur,0.5,192,2702,0.042321916255686015,26.068771715517396,0.05067307561403141,22.309416592121124,216,30.456587553024292,5603.674838542938
srcnn,online,div2k,4,blur,0.5,193,2716,0.04445908577353866,25.77478719640661,0.051557184546254575,22.296619153022768,216,30.455957889556885,5634.130796432495
srcnn,online,div2k,4,blur,0.5,194,2730,0.04416326943922926,25.805242750379776,0.05039208420785144,22.34201786518097,216,30.349996089935303,5664.48079252243
srcnn,online,div2k,4,blur,0.5,195,2744,0.04107970620195071,26.462731608638055,0.0500760221737437,22.368112576007842,216,30.307044982910156,5694.787837505341
srcnn,online,div2k,4,blur,0.5,196,2758,0.04561028643338769,25.48384701764142,0.049849730986170473,22.383824408054352,216,30.48259401321411,5725.270431518555
srcnn,online,div2k,4,blur,0.5,197,2772,0.04238773661631125,26.14701596012822,0.04994949024403468,22.35451364517212,216,30.2862868309021,5755.556718349457
srcnn,online,div2k,4,blur,0.5,198,2786,0.04264554464154773,26.35731958459925,0.050028881861362604,22.37013409137726,216,30.57281994819641,5786.129538297653
srcnn,online,div2k,4,blur,0.5,199,2800,0.04403212445753592,25.66848408734357,0.05055761932162568,22.33676779270172,216,30.422910928726196,5816.552449226379
srcnn,online,div2k,4,blur,0.5,200,2814,0.04372820368519536,26.216024257518626,0.050095052504912016,22.365095102787016,216,30.387043952941895,5846.939493179321
srcnn,online,div2k,4,blur,0.5,201,2828,0.04289737785304034,25.891721937391495,0.05067361140390858,22.309712481498718,216,30.34391212463379,5877.283405303955
srcnn,online,div2k,4,blur,0.5,202,2842,0.044601188627658064,25.772905561659073,0.05141051847022027,22.265488588809966,216,30.41799283027649,5907.701398134232
srcnn,online,div2k,4,blur,0.5,203,2856,0.04202187219979586,26.65868886311849,0.05147686384152621,22.257145285606384,216,30.16250705718994,5937.8639051914215
srcnn,online,div2k,4,blur,0.5,204,2870,0.044462620108215896,25.987610004566335,0.049788556282874194,22.372793662548066,216,30.32968497276306,5968.193590164185
srcnn,online,div2k,4,blur,0.5,205,2884,0.04192489054467943,26.26025616681134,0.04980028880527243,22.37026491165161,216,30.027129888534546,5998.220720052719
srcnn,online,div2k,4,blur,0.5,206,2898,0.03950362873298151,27.192847499140985,0.04975729899015278,22.38141847848892,216,30.25294589996338,6028.4736659526825
srcnn,online,div2k,4,blur,0.5,207,2912,0.04268272193493666,26.102356239601416,0.049717395938932894,22.424640011787414,216,30.135121822357178,6058.60878777504
srcnn,online,div2k,4,blur,0.5,208,2926,0.04200343070206819,26.20822892365632,0.0495635024853982,22.414158284664154,216,30.511180877685547,6089.119968652725
srcnn,online,div2k,4,blur,0.5,209,2940,0.04340596069340353,25.72156256216544,0.04977688976796344,22.405652689933778,216,30.784289121627808,6119.904257774353
srcnn,online,div2k,4,blur,0.5,210,2954,0.04336849006789702,25.89380560980903,0.04987406512955204,22.383883237838745,216,30.297729015350342,6150.201986789703
srcnn,online,div2k,4,blur,0.5,211,2968,0.04154490527731401,26.373161457203054,0.05021722188685089,22.398798286914825,216,30.491551399230957,6180.693538188934
srcnn,online,div2k,4,blur,0.5,212,2982,0.04165760055184364,26.41966085080747,0.04997395529644564,22.38661994934082,216,31.421663999557495,6212.115202188492
srcnn,online,div2k,4,blur,0.5,213,2996,0.0404023607433946,26.682310740152996,0.049370762333273886,22.434643614292145,216,31.053086042404175,6243.168288230896
srcnn,online,div2k,4,blur,0.5,214,3010,0.040031033740551385,26.775853333649813,0.04948211540468037,22.44264397621155,216,30.768900871276855,6273.937189102173
srcnn,online,div2k,4,blur,0.5,215,3024,0.04219001007300836,25.91065745883518,0.05033975928090513,22.403370869159698,216,30.7304949760437,6304.667684078217
srcnn,online,div2k,4,blur,0.5,216,3038,0.04238038620463124,26.205044781720197,0.05197287740884349,22.277277851104735,216,30.236773014068604,6334.904457092285
srcnn,online,div2k,4,blur,0.5,217,3052,0.043225509149056894,25.888475983231157,0.05541523010469973,22.0083135843277,216,30.587973833084106,6365.492430925369
srcnn,online,div2k,4,blur,0.5,218,3066,0.04622660963623612,25.20829900105794,0.051063935772981496,22.362396335601808,216,30.558104991912842,6396.050535917282
srcnn,online,div2k,4,blur,0.5,219,3080,0.04470146530204349,25.500612329553675,0.051219033857341854,22.330008459091186,216,30.230537176132202,6426.281073093414
srcnn,online,div2k,4,blur,0.5,220,3094,0.04407786867684788,25.920978475500036,0.04996054734801873,22.399819469451906,216,30.196670055389404,6456.477743148804
srcnn,online,div2k,4,blur,0.5,221,3108,0.04131322340280921,26.661844889322918,0.04948148834519088,22.418361556529998,216,30.146028995513916,6486.623772144318
srcnn,online,div2k,4,blur,0.5,222,3122,0.04164536283523948,26.3672120836046,0.049618689552880825,22.43698755502701,216,30.257391929626465,6516.881164073944
srcnn,online,div2k,4,blur,0.5,223,3136,0.04269988710681597,26.111844804551865,0.049639111896976826,22.427826404571533,216,30.343029260635376,6547.2241933345795
srcnn,online,div2k,4,blur,0.5,224,3150,0.04269338261198114,26.36616509049027,0.05121124734869227,22.346990740299226,216,28.377595901489258,6575.601789236069
srcnn,online,div2k,4,blur,0.5,225,3164,0.044203639306403975,25.773338741726345,0.051514322694856673,22.37001132965088,216,28.609778881072998,6604.211568117142
srcnn,online,div2k,4,blur,0.5,226,3178,0.04553831203116311,25.742365801775897,0.05023569719633088,22.36668541431427,216,28.207512140274048,6632.419080257416
srcnn,online,div2k,4,blur,0.5,227,3192,0.041954184157980814,26.173611605608905,0.049691011826507744,22.40056425333023,216,28.66659688949585,6661.085677146912
srcnn,online,div2k,4,blur,0.5,228,3206,0.04387211882405811,25.691962630660445,0.05012086818460375,22.361026346683502,216,28.19576621055603,6689.281443357468
srcnn,online,div2k,4,blur,0.5,229,3220,0.04340769667868261,26.1640646899188,0.049689986370503904,22.425438046455383,216,28.34122896194458,6717.622672319412
