arch,strategy,dataset,scale,degradation,deg_level,epoch,total_steps,train_loss,train_psnr,val_loss,val_psnr,subset_size,epoch_time,total_time
espcn,baseline,div2k,4,noise,0.5,0,45,0.21628988550768957,12.872230127122666,0.10264654331840575,17.51232135295868,720,33.617793798446655,33.617793798446655
espcn,baseline,div2k,4,noise,0.5,1,90,0.1079050029317538,17.191226768493653,0.07655943338759244,19.96368614435196,720,33.18954110145569,66.80733489990234
espcn,baseline,div2k,4,noise,0.5,2,135,0.08737712055444717,18.869808917575412,0.06909107975661755,20.814886474609374,720,32.98585295677185,99.7931878566742
espcn,baseline,div2k,4,noise,0.5,3,180,0.07697155185871654,19.98811230129666,0.06387565871700644,21.360928905010223,720,32.75581383705139,132.5490016937256
espcn,baseline,div2k,4,noise,0.5,4,225,0.07270364463329315,20.416771570841473,0.05968555919826031,21.88345617055893,720,33.01986479759216,165.56886649131775
espcn,baseline,div2k,4,noise,0.5,5,270,0.06828694765766462,21.055234400431313,0.0571461025159806,22.215342044830322,720,32.79115390777588,198.36002039909363
espcn,baseline,div2k,4,noise,0.5,6,315,0.0649060414897071,21.627373377482098,0.056704309908673166,22.3424293756485,720,32.93223214149475,231.29225254058838
espcn,baseline,div2k,4,noise,0.5,7,360,0.0632017846736643,21.840395567152235,0.05761450314894319,22.267756843566893,720,32.96241807937622,264.2546706199646
espcn,baseline,div2k,4,noise,0.5,8,405,0.06411082065767712,21.899452845255535,0.05806147581897676,22.276372456550597,720,32.73698401451111,296.9916546344757
espcn,baseline,div2k,4,noise,0.5,9,450,0.061214274664719896,22.258135477701824,0.05225456319749355,22.9358993768692,720,32.744112968444824,329.73576760292053
espcn,baseline,div2k,4,noise,0.5,10,495,0.059377761764658823,22.506248431735568,0.05100628479849547,23.097146368026735,720,32.68937635421753,362.42514395713806
espcn,baseline,div2k,4,noise,0.5,11,540,0.05808992601103253,22.71718610127767,0.051975153875537215,23.027612686157227,720,32.62530207633972,395.0504460334778
espcn,baseline,div2k,4,noise,0.5,12,585,0.057647717164622414,22.809094662136502,0.05007409362588078,23.241015338897704,720,32.709206104278564,427.75965213775635
espcn,baseline,div2k,4,noise,0.5,13,630,0.056010320203171836,23.078901502821182,0.04910280944313854,23.373248434066774,720,32.718698024749756,460.4783501625061
espcn,baseline,div2k,4,noise,0.5,14,675,0.055360185520516504,23.135696199205185,0.05186460227705538,23.053423857688905,720,32.75460910797119,493.2329592704773
espcn,baseline,div2k,4,noise,0.5,15,720,0.05622053974204593,23.08553263346354,0.04864166316110641,23.460070729255676,720,32.67414617538452,525.9071054458618
espcn,baseline,div2k,4,noise,0.5,16,765,0.05456640107764138,23.354283862643772,0.05078950158786029,23.233758687973022,720,32.70886492729187,558.6159703731537
espcn,baseline,div2k,4,noise,0.5,17,810,0.05353061705827713,23.454548687405058,0.047785851848311724,23.5566686630249,720,32.64052104949951,591.2564914226532
espcn,baseline,div2k,4,noise,0.5,18,855,0.05393249044815699,23.340755928887262,0.04725905631203205,23.649379539489747,720,32.81985402107239,624.0763454437256
espcn,baseline,div2k,4,noise,0.5,19,900,0.05392867566810714,23.42569151984321,0.047619554097764194,23.620251774787903,720,32.74063301086426,656.8169784545898
espcn,baseline,div2k,4,noise,0.5,20,945,0.052410978409979075,23.731199518839517,0.05017771879211068,23.368851590156556,720,32.69354295730591,689.5105214118958
espcn,baseline,div2k,4,noise,0.5,21,990,0.0531900775929292,23.571237521701388,0.04729241051245481,23.676641154289246,720,32.64561200141907,722.1561334133148
espcn,baseline,div2k,4,noise,0.5,22,1035,0.05216928902599546,23.70817099677192,0.04751245160587132,23.64679174423218,720,32.71183514595032,754.8679685592651
espcn,baseline,div2k,4,noise,0.5,23,1080,0.052198433130979535,23.70110274420844,0.046992251020856204,23.719899582862855,720,32.742064237594604,787.6100327968597
espcn,baseline,div2k,4,noise,0.5,24,1125,0.05171418819162581,23.881889555189346,0.04659128519706428,23.763153505325317,720,32.73745083808899,820.3474836349487
espcn,baseline,div2k,4,noise,0.5,25,1170,0.05149235063129001,23.859870444403754,0.04601463170256466,23.84710121154785,720,32.72447991371155,853.0719635486603
espcn,baseline,div2k,4,noise,0.5,26,1215,0.0511313560936186,23.870635986328125,0.04610623430926353,23.848066926002502,720,32.76614809036255,885.8381116390228
espcn,baseline,div2k,4,noise,0.5,27,1260,0.05148183496461974,23.93387688530816,0.04624425650108606,23.847589826583864,720,32.71465086936951,918.5527625083923
espcn,baseline,div2k,4,noise,0.5,28,1305,0.05126402990685569,23.877340359157987,0.0458430684870109,23.891441106796265,720,32.78826594352722,951.3410284519196
espcn,baseline,div2k,4,noise,0.5,29,1350,0.049471361604001785,24.107747311062283,0.046004216000437734,23.86825876235962,720,32.733022928237915,984.0740513801575
espcn,baseline,div2k,4,noise,0.5,30,1395,0.049781780027680925,24.049544440375435,0.04597251072991639,23.868315649032592,720,32.73653817176819,1016.8105895519257
espcn,baseline,div2k,4,noise,0.5,31,1440,0.05113802941309081,23.946694098578558,0.04556989129632712,23.933529591560365,720,32.75563907623291,1049.5662286281586
espcn,baseline,div2k,4,noise,0.5,32,1485,0.05143104170759519,23.93345455593533,0.04778951955959201,23.687993669509886,720,32.753973960876465,1082.320202589035
espcn,baseline,div2k,4,noise,0.5,33,1530,0.0502068220741219,24.12384685940213,0.04481220932211727,24.037769746780395,720,32.75207281112671,1115.0722754001617
espcn,baseline,div2k,4,noise,0.5,34,1575,0.051026558296547994,23.89969800313314,0.051198252476751804,23.27480113506317,720,32.86177611351013,1147.9340515136719
espcn,baseline,div2k,4,noise,0.5,35,1620,0.05171441949076123,23.904004711574977,0.04788860988337547,23.65556092262268,720,32.90786027908325,1180.8419117927551
espcn,baseline,div2k,4,noise,0.5,36,1665,0.04996681354112095,24.179394700792102,0.044493621308356525,24.09496738910675,720,32.93968105316162,1213.7815928459167
espcn,baseline,div2k,4,noise,0.5,37,1710,0.04854796785447332,24.337681028578018,0.047178452368825674,23.7425745010376,720,32.90831470489502,1246.6899075508118
espcn,baseline,div2k,4,noise,0.5,38,1755,0.04886267541183366,24.35040783352322,0.04504771064966917,24.021212005615233,720,33.64246606826782,1280.3323736190796
espcn,baseline,div2k,4,noise,0.5,39,1800,0.049532799919446306,24.182723193698457,0.045158822019584474,23.981149363517762,720,35.90782117843628,1316.2401947975159
espcn,baseline,div2k,4,noise,0.5,40,1845,0.04953562600745095,24.192025672064887,0.045452019991353156,23.97080044746399,720,39.69057297706604,1355.930767774582
espcn,baseline,div2k,4,noise,0.5,41,1890,0.05093875196244982,23.98323919508192,0.044995421264320615,24.039043736457824,720,37.260799169540405,1393.1915669441223
espcn,baseline,div2k,4,noise,0.5,42,1935,0.050270859897136685,24.14438862270779,0.044149836502037944,24.152661204338074,720,39.726598024368286,1432.9181649684906
espcn,baseline,div2k,4,noise,0.5,43,1980,0.048530508991744783,24.470214335123696,0.04431947276461869,24.138904929161072,720,38.12517976760864,1471.0433447360992
espcn,baseline,div2k,4,noise,0.5,44,2025,0.049477806025081214,24.280040486653647,0.04443195112980902,24.130434036254883,720,36.81253004074097,1507.8558747768402
espcn,baseline,div2k,4,noise,0.5,45,2070,0.04727197637160619,24.607408905029295,0.04431360757444054,24.118737196922304,720,39.218090295791626,1547.0739650726318
espcn,baseline,div2k,4,noise,0.5,46,2115,0.04873840022418234,24.361842770046657,0.043859480507671834,24.187255930900573,720,38.3737690448761,1585.447734117508
espcn,baseline,div2k,4,noise,0.5,47,2160,0.04790299857656161,24.527235751681857,0.04447663961909711,24.10802674293518,720,36.88539695739746,1622.3331310749054
espcn,baseline,div2k,4,noise,0.5,48,2205,0.04785094890329573,24.526501337687176,0.04364375630393624,24.227825617790224,720,40.3029842376709,1662.6361153125763
espcn,baseline,div2k,4,noise,0.5,49,2250,0.048148185676998564,24.4656069861518,0.04677256848663092,23.822289657592773,720,37.827836751937866,1700.4639520645142
espcn,baseline,div2k,4,noise,0.5,50,2295,0.051034717510143913,24.093027793036565,0.043999477103352544,24.214747834205628,720,38.476269006729126,1738.9402210712433
espcn,baseline,div2k,4,noise,0.5,51,2340,0.049934082726637526,24.252852121988933,0.04630872558336705,23.93640730381012,720,39.686726808547974,1778.6269478797913
espcn,baseline,div2k,4,noise,0.5,52,2385,0.047242439538240436,24.603327348497178,0.04349203654564917,24.251624155044556,720,37.24383997917175,1815.870787858963
espcn,baseline,div2k,4,noise,0.5,53,2430,0.046200509948862926,24.82835456000434,0.04398197238333523,24.175966811180114,720,39.14158010482788,1855.012367963791
espcn,baseline,div2k,4,noise,0.5,54,2475,0.045690420518318814,24.931712510850694,0.044738795072771606,24.058117866516113,720,38.87578868865967,1893.8881566524506
espcn,baseline,div2k,4,noise,0.5,55,2520,0.04619767136043972,24.89174444410536,0.044362265965901315,24.134231567382812,720,37.264694929122925,1931.1528515815735
espcn,baseline,div2k,4,noise,0.5,56,2565,0.04729995826880137,24.775122112698025,0.04322085790336132,24.28678846359253,720,40.06946301460266,1971.2223145961761
espcn,baseline,div2k,4,noise,0.5,57,2610,0.04871669155028131,24.47668079800076,0.04381225612014532,24.216059422492982,720,38.80617904663086,2010.028493642807
espcn,baseline,div2k,4,noise,0.5,58,2655,0.047163603454828264,24.76153687371148,0.043290233402512965,24.285143399238585,720,38.23820734024048,2048.2667009830475
espcn,baseline,div2k,4,noise,0.5,59,2700,0.047554710590177116,24.725375917222763,0.044673279672861096,24.126430058479308,720,40.589266777038574,2088.855967760086
espcn,baseline,div2k,4,noise,0.5,60,2745,0.04553428060478634,24.995929294162327,0.04365366732235998,24.236878037452698,720,37.51672291755676,2126.372690677643
espcn,baseline,div2k,4,noise,0.5,61,2790,0.047876727001534565,24.739096281263564,0.0433275134768337,24.282426738739012,720,39.92247176170349,2166.2951624393463
espcn,baseline,div2k,4,noise,0.5,62,2835,0.0469997387793329,24.728328450520834,0.04327296537812799,24.279887104034422,720,39.239378929138184,2205.5345413684845
espcn,baseline,div2k,4,noise,0.5,63,2880,0.047640552868445714,24.65472255282932,0.043834051210433246,24.221365666389467,720,37.63619089126587,2243.1707322597504
espcn,baseline,div2k,4,noise,0.5,64,2925,0.04670149236917496,24.76755256652832,0.04307083629537374,24.308410501480104,720,41.0846529006958,2284.255385160446
espcn,baseline,div2k,4,noise,0.5,65,2970,0.04640234775013394,24.900345102945963,0.04383090664632618,24.209643125534058,720,38.39445400238037,2322.6498391628265
espcn,baseline,div2k,4,noise,0.5,66,3015,0.046853292319509715,24.79780977037218,0.04576153501402587,23.987295627593994,720,38.508898973464966,2361.1587381362915
espcn,baseline,div2k,4,noise,0.5,67,3060,0.049405191755957076,24.33930146959093,0.045892053423449396,23.98116147518158,720,40.7585232257843,2401.917261362076
espcn,baseline,div2k,4,noise,0.5,68,3105,0.047283122771316105,24.789239756266277,0.04320079784374684,24.309547305107117,720,38.0303258895874,2439.947587251663
espcn,baseline,div2k,4,noise,0.5,69,3150,0.04703598560558425,24.811773766411676,0.044097683671861884,24.204097819328307,720,40.22146391868591,2480.169051170349
espcn,baseline,div2k,4,noise,0.5,70,3195,0.046282842506965,24.87670856051975,0.043196735950186846,24.305836486816407,720,39.56788873672485,2519.736939907074
espcn,baseline,div2k,4,noise,0.5,71,3240,0.04608169901702139,24.946345138549805,0.043859830242581666,24.214592623710633,720,37.7548463344574,2557.4917862415314
espcn,baseline,div2k,4,noise,0.5,72,3285,0.047133974730968475,24.877693515353734,0.04342140522785485,24.2939519405365,720,41.2266571521759,2598.7184433937073
espcn,baseline,div2k,4,noise,0.5,73,3330,0.04773072989450561,24.775730895996094,0.047905510291457176,23.726201367378234,720,36.32950806617737,2635.0479514598846
espcn,baseline,div2k,4,noise,0.5,74,3375,0.048331838018364374,24.68985260857476,0.04611739842221141,23.977751421928406,720,34.74072813987732,2669.788679599762
espcn,baseline,div2k,4,noise,0.5,75,3420,0.04852004175384839,24.554634009467232,0.04367178282700479,24.26391706466675,720,36.086915016174316,2705.8755946159363
espcn,baseline,div2k,4,noise,0.5,76,3465,0.04593526456091139,25.022987577650284,0.04325468696188182,24.292015886306764,720,35.88300013542175,2741.758594751358
espcn,baseline,div2k,4,noise,0.5,77,3510,0.04702300901214282,24.853811264038086,0.04272501273080707,24.362005639076234,720,36.018194913864136,2777.776789665222
espcn,baseline,div2k,4,noise,0.5,78,3555,0.04622836973932054,24.926350826687283,0.0427334921900183,24.378312182426452,720,36.16969084739685,2813.946480512619
espcn,baseline,div2k,4,noise,0.5,79,3600,0.04609187667568525,24.887693447536893,0.04289375946391374,24.343193554878233,720,36.18390893936157,2850.1303894519806
espcn,baseline,div2k,4,noise,0.5,80,3645,0.04499054898818334,25.198663626776803,0.04317292426712811,24.30886354446411,720,36.04919719696045,2886.179586648941
espcn,baseline,div2k,4,noise,0.5,81,3690,0.04597895484831598,25.087362882826064,0.04244759036228061,24.39619927406311,720,35.98785400390625,2922.1674406528473
espcn,baseline,div2k,4,noise,0.5,82,3735,0.04528926805489593,25.241534508599177,0.043812801619060336,24.224019718170165,720,36.12054920196533,2958.2879898548126
espcn,baseline,div2k,4,noise,0.5,83,3780,0.045274333986971116,25.073114522298177,0.04334296695888042,24.270225620269777,720,36.311487913131714,2994.5994777679443
espcn,baseline,div2k,4,noise,0.5,84,3825,0.04556977392898665,25.143453725179036,0.04329107557423413,24.293376660346986,720,36.368332862854004,3030.9678106307983
espcn,baseline,div2k,4,noise,0.5,85,3870,0.04601902775466442,25.004780790540906,0.04275216106325388,24.346470046043397,720,36.600805044174194,3067.5686156749725
espcn,baseline,div2k,4,noise,0.5,86,3915,0.04701591423816151,24.78048341539171,0.04247662327252329,24.405875062942506,720,36.4993200302124,3104.067935705185
espcn,baseline,div2k,4,noise,0.5,87,3960,0.04645055482784907,24.86675181918674,0.043204857199452815,24.309129238128662,720,36.57158398628235,3140.6395196914673
espcn,baseline,div2k,4,noise,0.5,88,4005,0.04661141534646352,24.90592753092448,0.04268280782271176,24.387169313430785,720,36.70049810409546,3177.3400177955627
espcn,baseline,div2k,4,noise,0.5,89,4050,0.04564653527405527,25.141829766167536,0.0426154040498659,24.370680332183838,720,36.71291375160217,3214.052931547165
espcn,baseline,div2k,4,noise,0.5,90,4095,0.0450821891013119,25.199736489189995,0.0438737589167431,24.224279379844667,720,36.94955921173096,3251.002490758896
espcn,baseline,div2k,4,noise,0.5,91,4140,0.046650216728448865,24.906565772162544,0.04268774762749672,24.362908816337587,720,36.997199058532715,3287.9996898174286
espcn,baseline,div2k,4,noise,0.5,92,4185,0.045857128749291105,25.09839850531684,0.04265300068072975,24.36579575538635,720,37.09731888771057,3325.097008705139
espcn,baseline,div2k,4,noise,0.5,93,4230,0.04579161496626006,25.08864296807183,0.04226798210293055,24.428235936164857,720,37.13768196105957,3362.2346906661987
espcn,baseline,div2k,4,noise,0.5,94,4275,0.045073407226138645,25.210840691460504,0.04354006221983582,24.279758954048155,720,37.17038178443909,3399.405072450638
espcn,baseline,div2k,4,noise,0.5,95,4320,0.045247481597794424,25.188696416219077,0.04250203943811357,24.39536669254303,720,37.2193558216095,3436.6244282722473
espcn,baseline,div2k,4,noise,0.5,96,4365,0.04568325537774298,25.030554156833226,0.04266457573976368,24.38513684272766,720,37.04925799369812,3473.6736862659454
espcn,baseline,div2k,4,noise,0.5,97,4410,0.04458887270755238,25.29515609741211,0.04277612278237939,24.337906742095946,720,38.52959895133972,3512.203285217285
espcn,baseline,div2k,4,noise,0.5,98,4455,0.046804743177360955,24.993350897894967,0.04552806306164712,24.058890676498415,720,37.40065598487854,3549.6039412021637
espcn,baseline,div2k,4,noise,0.5,99,4500,0.046447384274668164,25.019421513875326,0.0440418167039752,24.22312014102936,720,37.17029309272766,3586.7742342948914
espcn,baseline,div2k,4,noise,0.5,100,4545,0.046090537144078146,24.99287787543403,0.04251143441069871,24.400794887542723,720,38.25928330421448,3625.033517599106
espcn,baseline,div2k,4,noise,0.5,101,4590,0.04701036802596516,24.953528213500977,0.04244887705426663,24.42939622402191,720,36.66635179519653,3661.6998693943024
espcn,baseline,div2k,4,noise,0.5,102,4635,0.04514326113793585,25.179654439290363,0.04231592526193708,24.424243092536926,720,37.77519106864929,3699.4750604629517
espcn,baseline,div2k,4,noise,0.5,103,4680,0.04681521016690466,24.946429697672524,0.04291910084430128,24.359545755386353,720,37.540732860565186,3737.015793323517
espcn,baseline,div2k,4,noise,0.5,104,4725,0.04600273461805449,25.05383326212565,0.04262243343982845,24.3980149269104,720,36.357234954833984,3773.373028278351
espcn,baseline,div2k,4,noise,0.5,105,4770,0.04424034555753072,25.33378372192383,0.04231095430441201,24.407951045036317,720,38.33955502510071,3811.7125833034515
espcn,baseline,div2k,4,noise,0.5,106,4815,0.04625178592072593,25.027650705973308,0.042104863887652756,24.452536463737488,720,37.306828022003174,3849.0194113254547
espcn,baseline,div2k,4,noise,0.5,107,4860,0.04468568141261737,25.356794145372177,0.04254668047651648,24.391867852211,720,36.8862190246582,3885.905630350113
espcn,baseline,div2k,4,noise,0.5,108,4905,0.046766641322109434,24.919877539740668,0.04220078270882368,24.450732135772704,720,38.292609214782715,3924.1982395648956
espcn,baseline,div2k,4,noise,0.5,109,4950,0.04535508958829774,25.16982676188151,0.04216410368680954,24.43900647163391,720,36.88311219215393,3961.0813517570496
espcn,baseline,div2k,4,noise,0.5,110,4995,0.04630816727876663,24.99638646443685,0.04214093324262649,24.455145001411438,720,36.64492106437683,3997.7262728214264
espcn,baseline,div2k,4,noise,0.5,111,5040,0.04514659916361173,25.247911071777345,0.042356590181589125,24.428646183013917,720,37.65990686416626,4035.3861796855927
espcn,stagewise,div2k,4,noise,0.5,0,14,0.32779197615605815,10.441424122563115,0.23213645396754146,10.921517544984818,216,15.81932806968689,15.81932806968689
espcn,stagewise,div2k,4,noise,0.5,1,28,0.21429298928490392,12.216806729634603,0.1487811162136495,14.618134891986847,216,16.751736879348755,32.571064949035645
espcn,stagewise,div2k,4,noise,0.5,2,42,0.16022751618314673,14.27210913764106,0.11547953812405468,16.668277752399444,216,16.59848976135254,49.169554710388184
espcn,stagewise,div2k,4,noise,0.5,3,56,0.13152253241450698,15.746564723827221,0.09870293196290732,18.002151489257812,216,16.472634315490723,65.6421890258789
espcn,stagewise,div2k,4,noise,0.5,4,70,0.11023882748904051,17.260914519981103,0.08799084238708019,18.8678519487381,216,16.550787925720215,82.19297695159912
espcn,stagewise,div2k,4,noise,0.5,5,84,0.1031277847510797,17.83416564376266,0.08386561614461244,19.260444843769072,216,16.745357036590576,98.9383339881897
espcn,stagewise,div2k,4,noise,0.5,6,98,0.09517123191444962,18.209103266398113,0.0761298534926027,20.015170407295226,216,16.774774074554443,115.71310806274414
espcn,stagewise,div2k,4,noise,0.5,7,112,0.08459546279024195,19.166621738009983,0.07294012187048793,20.339266633987428,216,16.84039616584778,132.55350422859192
espcn,stagewise,div2k,4,noise,0.5,8,126,0.08359987095550254,19.2839065834328,0.07098992196843028,20.53666489124298,216,16.95791530609131,149.51141953468323
espcn,stagewise,div2k,4,noise,0.5,9,140,0.07708105444908142,19.99891902782299,0.06784687316976487,20.860635101795197,216,16.855185985565186,166.3666055202484
espcn,stagewise,div2k,4,noise,0.5,10,154,0.07651573778302581,20.13693724738227,0.06681942879222333,20.993309903144837,216,16.9133083820343,183.27991390228271
espcn,stagewise,div2k,4,noise,0.5,11,168,0.07372769520238594,20.441266801622177,0.06535071888938546,21.152784132957457,216,17.066485166549683,200.3463990688324
espcn,stagewise,div2k,4,noise,0.5,12,182,0.07595102571778828,20.392026124177157,0.06540764961391687,21.196022164821624,216,17.165232181549072,217.51163125038147
espcn,stagewise,div2k,4,noise,0.5,13,196,0.07126060790485805,20.736099313806605,0.06262870226055384,21.4954213142395,216,17.22001004219055,234.73164129257202
espcn,stagewise,div2k,4,noise,0.5,14,210,0.06958154837290446,20.963908937242294,0.06176184490323067,21.614393532276154,216,17.082152843475342,251.81379413604736
espcn,stagewise,div2k,4,noise,0.5,15,224,0.07139486902289921,20.71733531245479,0.066986949974671,21.137553644180297,216,17.200468063354492,269.01426219940186
espcn,stagewise,div2k,4,noise,0.5,16,238,0.06881231621459678,21.049023098415798,0.059777233842760326,21.866895627975463,216,16.86917781829834,285.8834400177002
espcn,stagewise,div2k,4,noise,0.5,17,252,0.067165472165302,21.29102254796911,0.05861478517763317,22.006488251686097,216,17.091751098632812,302.975191116333
espcn,stagewise,div2k,4,noise,0.5,18,266,0.06719297129246923,21.284726955272532,0.05980393220670521,21.920354175567628,216,16.867123126983643,319.84231424331665
espcn,stagewise,div2k,4,noise,0.5,19,280,0.06723132122445989,21.320747940628618,0.06077640848234296,21.77050428390503,216,16.686137914657593,336.52845215797424
espcn,stagewise,div2k,4,noise,0.5,20,294,0.06296395262082417,21.814534929063583,0.05634435540996492,22.265295815467834,216,16.783055782318115,353.31150794029236
espcn,stagewise,div2k,4,noise,0.5,21,308,0.06493212586199795,21.753088845147026,0.05965012512169778,21.977708435058595,216,16.65430212020874,369.9658100605011
espcn,stagewise,div2k,4,noise,0.5,22,322,0.06309479999321478,22.005056381225586,0.05663494218606502,22.34633274078369,216,16.307716131210327,386.2735261917114
espcn,stagewise,div2k,4,noise,0.5,23,336,0.06032400743828879,22.297886742485893,0.05889481850899756,22.07771518230438,216,16.52089500427246,402.7944211959839
espcn,stagewise,div2k,4,noise,0.5,24,350,0.0609164880933585,22.21223477964048,0.06257498082704842,21.696281266212463,216,16.562507152557373,419.35692834854126
espcn,stagewise,div2k,4,noise,0.5,25,364,0.062202395388373626,21.965045505099827,0.05418538006488234,22.62817871570587,216,16.361287832260132,435.7182161808014
espcn,stagewise,div2k,4,noise,0.5,26,378,0.05832798806605516,22.599240479645907,0.053425626992247996,22.723044443130494,216,16.413042783737183,452.1312589645386
espcn,stagewise,div2k,4,noise,0.5,27,392,0.058480554432780656,22.52001373856156,0.053417631261982026,22.7388525724411,216,16.499461889266968,468.63072085380554
espcn,stagewise,div2k,4,noise,0.5,28,406,0.05591877825834133,22.809252703631365,0.05571383759379387,22.500130581855775,216,16.432537078857422,485.06325793266296
espcn,stagewise,div2k,4,noise,0.5,29,420,0.058413756252438935,22.810338620786315,0.052744247927330436,22.828795433044434,216,16.28556489944458,501.34882283210754
espcn,stagewise,div2k,4,noise,0.5,30,434,0.059335656464099884,22.49503411187066,0.05284037566743791,22.855513477325438,216,16.264065980911255,517.6128888130188
espcn,stagewise,div2k,4,noise,0.5,31,448,0.05651634683211645,22.874376579567237,0.052123627881519495,22.93926956653595,216,16.191676139831543,533.8045649528503
espcn,stagewise,div2k,4,noise,0.5,32,462,0.055515363812446594,22.958300767121493,0.0521240766858682,22.92036943435669,216,16.228981971740723,550.0335469245911
espcn,stagewise,div2k,4,noise,0.5,33,476,0.056685366564326815,22.89105161031087,0.05267418993171304,22.903685545921327,216,16.21417784690857,566.2477247714996
espcn,stagewise,div2k,4,noise,0.5,34,490,0.05502041705228664,23.148634875262225,0.05082623150665313,23.102266573905943,216,16.211766004562378,582.459490776062
espcn,stagewise,div2k,4,noise,0.5,35,504,0.05493831800089942,23.195318151403356,0.05525304216425866,22.624163007736207,216,16.28826403617859,598.7477548122406
espcn,stagewise,div2k,4,noise,0.5,36,518,0.05601104997374393,23.19473252473054,0.05056077654007822,23.139046001434327,216,16.44183588027954,615.1895906925201
espcn,stagewise,div2k,4,noise,0.5,37,532,0.057505793317600536,22.718217213948567,0.051779155735857785,23.027813768386842,216,16.45927381515503,631.6488645076752
espcn,stagewise,div2k,4,noise,0.5,38,546,0.05531484675076273,23.210752345897532,0.05294186933897436,22.92955391407013,216,16.773271799087524,648.4221363067627
espcn,stagewise,div2k,4,noise,0.5,39,560,0.054029912032462935,23.32521918967918,0.0510379103012383,23.12263617515564,216,16.872175931930542,665.2943122386932
espcn,stagewise,div2k,4,noise,0.5,40,574,0.05505738352183943,23.045044510452836,0.050817345664836464,23.180934143066406,216,16.75278902053833,682.0471012592316
espcn,stagewise,div2k,4,noise,0.5,41,588,0.055075035602958115,23.1607182820638,0.049930210993625226,23.25848798751831,216,16.798884868621826,698.8459861278534
espcn,stagewise,div2k,4,noise,0.5,42,602,0.05568460761396973,23.02983163904261,0.05040989532135427,23.205513215065004,216,16.90890598297119,715.7548921108246
espcn,stagewise,div2k,4,noise,0.5,43,616,0.05346093326807022,23.495831101029008,0.049926757672801615,23.260650515556335,216,17.107383966445923,732.8622760772705
espcn,stagewise,div2k,4,noise,0.5,44,630,0.05393942114379671,23.430087901927806,0.04926684114616364,23.36755859851837,216,17.212210178375244,750.0744862556458
espcn,stagewise,div2k,4,noise,0.5,45,644,0.05253841893540488,23.520056547941984,0.0488888455554843,23.37052776813507,216,17.179625988006592,767.2541122436523
espcn,stagewise,div2k,4,noise,0.5,46,658,0.053647702628815616,23.468336670487016,0.04946723310276866,23.355636048316956,216,17.127397298812866,784.3815095424652
espcn,stagewise,div2k,4,noise,0.5,47,672,0.052361620797051325,23.78020773993598,0.04881754142697901,23.43769962787628,216,16.991647005081177,801.3731565475464
espcn,stagewise,div2k,4,noise,0.5,48,686,0.05047989691849108,23.86997025101273,0.048442171420902014,23.464599800109863,216,16.967878103256226,818.3410346508026
espcn,stagewise,div2k,4,noise,0.5,49,700,0.05045029617570065,23.822486171015985,0.05137713358271867,23.098973560333253,216,17.04502582550049,835.3860604763031
espcn,stagewise,div2k,4,noise,0.5,50,714,0.05056265465639256,23.86037791216815,0.04860540246590972,23.45899455547333,216,16.778652906417847,852.164713382721
espcn,stagewise,div2k,4,noise,0.5,51,728,0.05434073507785797,23.32930239924678,0.04892524881288409,23.44421257972717,216,16.8574059009552,869.0221192836761
espcn,stagewise,div2k,4,noise,0.5,52,742,0.05171450379270094,23.725517908732098,0.04797580747399479,23.5562344789505,216,16.688933849334717,885.7110531330109
espcn,stagewise,div2k,4,noise,0.5,53,756,0.0481205775781914,24.208383348253037,0.04776958185248077,23.57644624710083,216,16.745691061019897,902.4567441940308
espcn,stagewise,div2k,4,noise,0.5,54,770,0.052783185685122455,23.49955403363263,0.0546053382800892,22.764023637771608,216,16.585795164108276,919.042539358139
espcn,stagewise,div2k,4,noise,0.5,55,784,0.053209422087227856,23.563548194037544,0.048772013676352796,23.47150127887726,216,16.30651593208313,935.3490552902222
espcn,stagewise,div2k,4,noise,0.5,56,798,0.050851987191924346,23.826363528216326,0.049106415803544225,23.39753427505493,216,16.459186792373657,951.8082420825958
espcn,stagewise,div2k,4,noise,0.5,57,812,0.05167814288978224,23.56414582994249,0.048217073339037596,23.519370794296265,216,16.294419050216675,968.1026611328125
espcn,stagewise,div2k,4,noise,0.5,58,826,0.049803114185730614,24.11385401973018,0.05150543118361384,23.158035540580748,216,16.35176110267639,984.4544222354889
espcn,stagewise,div2k,4,noise,0.5,59,840,0.05250918451282713,23.628012904414422,0.05049372212961316,23.249270629882812,216,16.292102098464966,1000.7465243339539
espcn,stagewise,div2k,4,noise,0.5,60,854,0.05156729811871493,23.910307001184535,0.04773292725440115,23.609379363059997,216,16.40080499649048,1017.1473293304443
espcn,stagewise,div2k,4,noise,0.5,61,868,0.04974319813428102,24.114908571596498,0.047440985101275146,23.639593982696532,216,16.27439284324646,1033.4217221736908
espcn,stagewise,div2k,4,noise,0.5,62,882,0.04941033130442655,23.92422428837529,0.04890806931070983,23.465959739685058,216,16.378064155578613,1049.7997863292694
espcn,stagewise,div2k,4,noise,0.5,63,896,0.05231094277567334,23.585456283004195,0.0598189803538844,22.281498432159424,216,16.21108102798462,1066.010867357254
espcn,stagewise,div2k,4,noise,0.5,64,910,0.05324111023434886,23.662867581402814,0.05237136879004538,23.026131200790406,216,16.235639095306396,1082.2465064525604
espcn,stagewise,div2k,4,noise,0.5,65,924,0.05261169263610133,23.627021648265696,0.04929576329886913,23.436745977401735,216,16.262323141098022,1098.5088295936584
espcn,stagewise,div2k,4,noise,0.5,66,938,0.0516506419689567,23.76937710797345,0.04732457958161831,23.684952521324156,216,16.27876877784729,1114.7875983715057
espcn,stagewise,div2k,4,noise,0.5,67,952,0.053181448192508134,23.527367768464266,0.046995516237802806,23.713613939285278,216,16.20736002922058,1130.9949584007263
espcn,stagewise,div2k,4,noise,0.5,68,966,0.05058215489542043,23.986385981241863,0.04647173387929797,23.77677810192108,216,16.447110891342163,1147.4420692920685
espcn,stagewise,div2k,4,noise,0.5,69,980,0.04843787407433545,24.206305115311235,0.046430331142619255,23.78190083503723,216,16.425086975097656,1163.8671562671661
espcn,stagewise,div2k,4,noise,0.5,70,994,0.048989302306263534,24.010255884241175,0.046323853195644915,23.785882997512818,216,16.50177001953125,1180.3689262866974
espcn,stagewise,div2k,4,noise,0.5,71,1008,0.05071113341384464,23.829541312323677,0.046972787380218504,23.716869115829468,216,16.635939836502075,1197.0048661231995
espcn,stagewise,div2k,4,noise,0.5,72,1022,0.04759390252055945,24.474636925591362,0.046002979204058644,23.83863275051117,216,16.694516897201538,1213.699383020401
espcn,stagewise,div2k,4,noise,0.5,73,1036,0.048711169925000936,24.30676453201859,0.04716334245167673,23.712332820892335,216,16.794731855392456,1230.4941148757935
espcn,stagewise,div2k,4,noise,0.5,74,1050,0.051778321188909036,23.81062345151548,0.04789745139423758,23.647241497039794,216,16.815707206726074,1247.3098220825195
espcn,stagewise,div2k,4,noise,0.5,75,1064,0.05143402199502344,23.87516544483326,0.04673483443912119,23.805313897132873,216,16.819647073745728,1264.1294691562653
espcn,stagewise,div2k,4,noise,0.5,76,1078,0.04810597706172201,24.466402689615887,0.046472242241725324,23.79337074756622,216,16.977204084396362,1281.1066732406616
espcn,stagewise,div2k,4,noise,0.5,77,1092,0.04908835639556249,24.184072423864293,0.04627852640114725,23.813727974891663,216,17.05332612991333,1298.159999370575
espcn,stagewise,div2k,4,noise,0.5,78,1106,0.048412402194959146,24.300690756903755,0.046008738013915716,23.85465443134308,216,17.007442951202393,1315.1674423217773
espcn,stagewise,div2k,4,noise,0.5,79,1120,0.050611019134521484,23.855440704910844,0.04821035303175449,23.589671993255614,216,17.246796131134033,1332.4142384529114
espcn,stagewise,div2k,4,noise,0.5,80,1134,0.048150324159198336,24.373116811116535,0.051345412130467595,23.25890803337097,216,17.055114030838013,1349.4693524837494
espcn,stagewise,div2k,4,noise,0.5,81,1148,0.05647316575050354,23.030151084617334,0.046780622401274743,23.797929692268372,216,16.98712682723999,1366.4564793109894
espcn,stagewise,div2k,4,noise,0.5,82,1162,0.049500728095019306,24.269602175112123,0.046434276597574355,23.81657464504242,216,16.999351024627686,1383.455830335617
espcn,stagewise,div2k,4,noise,0.5,83,1176,0.04718663626246982,24.589653227064346,0.04561130932997912,23.894803047180176,216,16.926759243011475,1400.3825895786285
espcn,stagewise,div2k,4,noise,0.5,84,1190,0.04845116618606779,24.372501020078307,0.0470521321054548,23.78425943851471,216,16.965091943740845,1417.3476815223694
espcn,stagewise,div2k,4,noise,0.5,85,1204,0.04686863113332678,24.556481255425346,0.04584089342970401,23.89381875991821,216,17.104103088378906,1434.4517846107483
espcn,stagewise,div2k,4,noise,0.5,86,1218,0.04698919394501933,24.647513142338507,0.04703821516595781,23.73657989501953,216,17.079869031906128,1451.5316536426544
espcn,stagewise,div2k,4,noise,0.5,87,1232,0.048720198372999825,24.1830115141692,0.046810543187893926,23.74864282608032,216,16.908759117126465,1468.4404127597809
espcn,stagewise,div2k,4,noise,0.5,88,1246,0.04906896474184813,24.236448923746746,0.05456629670225084,22.813801217079163,216,17.199954986572266,1485.6403677463531
espcn,stagewise,div2k,4,noise,0.5,89,1260,0.05121756593386332,23.966072506374783,0.052957441098988055,23.007778763771057,216,17.016589879989624,1502.6569576263428
espcn,stagewise,div2k,4,noise,0.5,90,1274,0.04988169904660295,24.014571083916557,0.046423818729817865,23.82883393764496,216,17.099387168884277,1519.756344795227
espcn,stagewise,div2k,4,noise,0.5,91,1288,0.049210975843447226,24.14342293915925,0.04573026350699365,23.908693528175355,216,16.939531087875366,1536.6958758831024
espcn,stagewise,div2k,4,noise,0.5,92,1302,0.046997871387887885,24.53301281399197,0.047131982445716855,23.735863971710206,216,16.97411799430847,1553.669993877411
espcn,stagewise,div2k,4,noise,0.5,93,1316,0.05050388640827603,24.03414252952293,0.04776746379211545,23.65163927078247,216,17.118180990219116,1570.78817486763
espcn,stagewise,div2k,4,noise,0.5,94,1330,0.046742745847613724,24.56450123257107,0.04739867802709341,23.719318175315856,216,16.95769691467285,1587.7458717823029
espcn,stagewise,div2k,4,noise,0.5,95,1344,0.04747598397511023,24.443230664288556,0.04540482508018613,23.91407628059387,216,17.120476007461548,1604.8663477897644
espcn,stagewise,div2k,4,noise,0.5,96,1358,0.04675029742496985,24.584979516488534,0.048837527190335094,23.572176098823547,216,17.04835605621338,1621.9147038459778
espcn,stagewise,div2k,4,noise,0.5,97,1372,0.0535995383505468,23.515296512179905,0.04765911924187094,23.66413571834564,216,17.034931182861328,1638.949635028839
espcn,stagewise,div2k,4,noise,0.5,98,1386,0.05004323577439344,24.19893533212167,0.04606073023751378,23.893491768836974,216,16.860058069229126,1655.8096930980682
espcn,stagewise,div2k,4,noise,0.5,99,1400,0.04736161673510516,24.51175986395942,0.04530999294947833,23.985355186462403,216,17.082439184188843,1672.892132282257
espcn,stagewise,div2k,4,noise,0.5,100,1414,0.04820765127186422,24.354520585801865,0.048147932183928786,23.60484645366669,216,17.140655040740967,1690.032787322998
espcn,stagewise,div2k,4,noise,0.5,101,1428,0.04965955791649995,24.167610239099574,0.04541602302342653,23.9483873128891,216,17.090606927871704,1707.1233942508698
espcn,stagewise,div2k,4,noise,0.5,102,1442,0.04866942639152209,24.329617394341362,0.044912801729515194,24.02535252571106,216,17.05587410926819,1724.179268360138
espcn,stagewise,div2k,4,noise,0.5,103,1456,0.04558873217966822,24.926785080521196,0.044880274380557236,24.033205699920654,216,17.112672090530396,1741.2919404506683
espcn,stagewise,div2k,4,noise,0.5,104,1470,0.04808108149855225,24.4369994269477,0.04570374586619437,23.928703117370606,216,17.0890691280365,1758.3810095787048
espcn,stagewise,div2k,4,noise,0.5,105,1484,0.04815828331090786,24.343219191939742,0.04589727809652686,23.97900562286377,216,16.994991779327393,1775.3760013580322
espcn,stagewise,div2k,4,noise,0.5,106,1498,0.04603674621493728,24.638495763142902,0.04598940198775381,23.925458002090455,216,17.36439085006714,1792.7403922080994
espcn,stagewise,div2k,4,noise,0.5,107,1512,0.048010328577624425,24.42754300435384,0.04538994359318167,23.991797709465025,216,17.24534296989441,1809.9857351779938
espcn,stagewise,div2k,4,noise,0.5,108,1526,0.04573465966516071,24.74938413831923,0.044737463863566515,24.064597821235658,216,17.209509134292603,1827.1952443122864
espcn,stagewise,div2k,4,noise,0.5,109,1540,0.04631512584509673,24.633254863597728,0.04554654434323311,23.959423184394836,216,17.313934087753296,1844.5091784000397
espcn,stagewise,div2k,4,noise,0.5,110,1554,0.047945210365233595,24.426104227701824,0.045332817803137006,23.966816449165343,216,17.32028102874756,1861.8294594287872
espcn,stagewise,div2k,4,noise,0.5,111,1568,0.04667341957489649,24.653476503160263,0.04473034567199648,24.0549578666687,216,17.428460597991943,1879.2579200267792
espcn,stagewise,div2k,4,noise,0.5,112,1582,0.048279927836524114,24.342687677454066,0.04578035322483629,23.9680588722229,216,17.37308382987976,1896.631003856659
espcn,stagewise,div2k,4,noise,0.5,113,1596,0.046654598856413806,24.601006189982098,0.045615131175145505,23.92313997745514,216,17.405295848846436,1914.0362997055054
espcn,stagewise,div2k,4,noise,0.5,114,1610,0.048537420453848665,24.35541414331507,0.04490235082339496,24.042268800735474,216,17.69957661628723,1931.7358763217926
espcn,stagewise,div2k,4,noise,0.5,115,1624,0.0472164178888003,24.45878099512171,0.04444930600002408,24.09462583065033,216,17.182120084762573,1948.9179964065552
espcn,stagewise,div2k,4,noise,0.5,116,1638,0.04681868630426901,24.59762262415003,0.04611218043137342,23.885706663131714,216,17.195058822631836,1966.113055229187
espcn,stagewise,div2k,4,noise,0.5,117,1652,0.04501179881669857,25.111468844943577,0.044793581799604,24.046103477478027,216,17.121888160705566,1983.2349433898926
espcn,stagewise,div2k,4,noise,0.5,118,1666,0.04524848141052105,24.982774663854528,0.04484930511098355,24.03564417362213,216,17.0112521648407,2000.2461955547333
espcn,stagewise,div2k,4,noise,0.5,119,1680,0.05566443254550298,23.347371843126083,0.04493089546449482,24.022395610809326,216,17.013455152511597,2017.2596507072449
espcn,stagewise,div2k,4,noise,0.5,120,1694,0.05763204202607826,22.963251961602104,0.04435235282871872,24.115546560287477,216,17.0988609790802,2034.358511686325
espcn,stagewise,div2k,4,noise,0.5,121,1708,0.05928441578591311,22.465067545572918,0.04440711117349565,24.138427710533144,216,17.273021936416626,2051.6315336227417
espcn,stagewise,div2k,4,noise,0.5,122,1722,0.057891264005943584,22.586287675080477,0.04481243707705289,24.09766697883606,216,17.25698208808899,2068.8885157108307
espcn,stagewise,div2k,4,noise,0.5,123,1736,0.056240128422224964,22.880480660332573,0.04426724531222135,24.165899014472963,216,17.050541877746582,2085.9390575885773
espcn,stagewise,div2k,4,noise,0.5,124,1750,0.05832624311248461,22.579939241762514,0.045080681075342,24.084813046455384,216,17.306582927703857,2103.245640516281
espcn,stagewise,div2k,4,noise,0.5,125,1764,0.059408395654625364,22.554871735749423,0.04557434618473053,24.029471278190613,216,17.075502157211304,2120.3211426734924
espcn,stagewise,div2k,4,noise,0.5,126,1778,0.0590132343824263,22.55120355111581,0.04477647270541638,24.11473171710968,216,17.11826992034912,2137.4394125938416
espcn,stagewise,div2k,4,noise,0.5,127,1792,0.057099954673537505,22.905841686107493,0.04482471332885325,24.11546907424927,216,16.979811906814575,2154.419224500656
espcn,stagewise,div2k,4,noise,0.5,128,1806,0.058216156231032476,22.57351486771195,0.04597362303175032,23.965632581710814,216,17.11609387397766,2171.535318374634
espcn,stagewise,div2k,4,noise,0.5,129,1820,0.05288025212508661,23.395823302092374,0.04734515508171171,23.82132432460785,216,16.78404188156128,2188.319360256195
espcn,stagewise,div2k,4,noise,0.5,130,1834,0.053999426740187186,23.23669970477069,0.04894670816138387,23.573386335372923,216,17.009496212005615,2205.3288564682007
espcn,stagewise,div2k,4,noise,0.5,131,1848,0.05597695018406267,23.046444574991863,0.044442618265748024,24.140427780151366,216,16.83816695213318,2222.167023420334
espcn,stagewise,div2k,4,noise,0.5,132,1862,0.05692095074940611,22.78670529966001,0.04588786999229342,24.00255479812622,216,16.13867712020874,2238.3057005405426
espcn,stagewise,div2k,4,noise,0.5,133,1876,0.057825560647028464,22.692619606300635,0.04500228203833103,24.086394739151,216,15.668843030929565,2253.974543571472
espcn,stagewise,div2k,4,noise,0.5,134,1890,0.056861204405625664,22.935244101065177,0.04767789049074054,23.751444387435914,216,15.69996428489685,2269.674507856369
espcn,stagewise,div2k,4,noise,0.5,135,1904,0.05768433213233948,22.758758968777126,0.048751233727671206,23.613705468177795,216,16.59679102897644,2286.2712988853455
espcn,stagewise,div2k,4,noise,0.5,136,1918,0.056595858876351955,22.814552730984158,0.04435849168803543,24.18700067996979,216,16.520832061767578,2302.792130947113
espcn,stagewise,div2k,4,noise,0.5,137,1932,0.05901814942006712,22.645754637541593,0.04559749208856374,24.04125757217407,216,16.249395847320557,2319.0415267944336
espcn,stagewise,div2k,4,noise,0.5,138,1946,0.05821116572176969,22.589223367196542,0.044854661962017414,24.116524624824525,216,17.278955936431885,2336.3204827308655
espcn,stagewise,div2k,4,noise,0.5,139,1960,0.056094896462228566,22.950763278537327,0.04476304796990007,24.142557191848756,216,17.206357955932617,2353.526840686798
espcn,stagewise,div2k,4,noise,0.5,140,1974,0.059948261413309306,22.43541929456923,0.04803203826304525,23.701782321929933,216,17.26579213142395,2370.792632818222
espcn,stagewise,div2k,4,noise,0.5,141,1988,0.058545787577275875,22.576733200638383,0.04644682086072862,23.953284096717834,216,17.350515842437744,2388.14314866066
espcn,stagewise,div2k,4,noise,0.5,142,2002,0.05969202780613193,22.427284876505535,0.04483659607358277,24.157398796081544,216,17.25572395324707,2405.398872613907
espcn,stagewise,div2k,4,noise,0.5,143,2016,0.05980133982720198,22.495632454201026,0.0451071243500337,24.079040265083314,216,17.14462399482727,2422.543496608734
espcn,stagewise,div2k,4,noise,0.5,144,2030,0.05736149447383704,22.86634756017614,0.04496282150503248,24.115675806999207,216,17.32158899307251,2439.8650856018066
espcn,stagewise,div2k,4,noise,0.5,145,2044,0.0555972579728674,23.025524563259548,0.04518040455877781,24.12493908405304,216,17.295469760894775,2457.1605553627014
espcn,stagewise,div2k,4,noise,0.5,146,2058,0.05593481439131277,23.073998345269096,0.04432008005678654,24.204452323913575,216,17.166388034820557,2474.326943397522
espcn,stagewise,div2k,4,noise,0.5,147,2072,0.05681937960562883,22.886503290247035,0.0440007844241336,24.257797646522523,216,17.25181484222412,2491.578758239746
espcn,stagewise,div2k,4,noise,0.5,148,2086,0.055674371895966704,23.07267047740795,0.04822739597875625,23.70279676914215,216,17.46743679046631,2509.0461950302124
espcn,stagewise,div2k,4,noise,0.5,149,2100,0.05598705979409041,22.97815188655147,0.04461950354743749,24.17695379257202,216,17.2165629863739,2526.2627580165863
espcn,stagewise,div2k,4,noise,0.5,150,2114,0.055703832043541804,23.09188750938133,0.044425460323691365,24.193221712112425,216,17.397854804992676,2543.660612821579
espcn,stagewise,div2k,4,noise,0.5,151,2128,0.05952290969866293,22.384833936338072,0.04400400822050869,24.27478952407837,216,17.260617971420288,2560.9212307929993
espcn,stagewise,div2k,4,noise,0.5,152,2142,0.058453789049828495,22.593398482711226,0.043975808168761434,24.248299717903137,216,17.200273036956787,2578.121503829956
espcn,stagewise,div2k,4,noise,0.5,153,2156,0.054360371772889736,23.147672653198242,0.04417253204155713,24.23596556186676,216,17.24541211128235,2595.3669159412384
espcn,stagewise,div2k,4,noise,0.5,154,2170,0.05783862703376346,22.69588710643627,0.04454290084540844,24.21567084789276,216,17.329646110534668,2612.696562051773
espcn,stagewise,div2k,4,noise,0.5,155,2184,0.054246718960779684,23.226181030273438,0.044323786115273836,24.21337010860443,216,17.289793014526367,2629.9863550662994
espcn,stagewise,div2k,4,noise,0.5,156,2198,0.054834553213031205,23.03517574734158,0.044234601338393985,24.22468285560608,216,17.098949193954468,2647.085304260254
espcn,stagewise,div2k,4,noise,0.5,157,2212,0.05729757663276461,22.92435857984755,0.044311731960624455,24.210577249526978,216,17.28146719932556,2664.3667714595795
espcn,stagewise,div2k,4,noise,0.5,158,2226,0.055324907104174294,23.066945535165292,0.04400571337901056,24.25700454711914,216,17.136457920074463,2681.503229379654
espcn,stagewise,div2k,4,noise,0.5,159,2240,0.054017590151892766,23.338429768880207,0.0437764574540779,24.265154314041137,216,17.14133882522583,2698.6445682048798
espcn,stagewise,div2k,4,noise,0.5,160,2254,0.054518839689316576,23.206588603832103,0.0438257590867579,24.27185809612274,216,17.14167809486389,2715.7862462997437
espcn,stagewise,div2k,4,noise,0.5,161,2268,0.059786672669428366,22.38563452826606,0.04390328964218497,24.26968958377838,216,17.359453916549683,2733.1457002162933
espcn,stagewise,div2k,4,noise,0.5,162,2282,0.05777755407271562,22.760609379521124,0.04406756826210767,24.244806146621706,216,17.186214923858643,2750.331915140152
espcn,stagewise,div2k,4,noise,0.5,163,2296,0.05647761319522505,22.96758128978588,0.0473419550806284,23.892838621139525,216,17.31466579437256,2767.6465809345245
espcn,stagewise,div2k,4,noise,0.5,164,2310,0.05677330162790087,22.947247399224175,0.044436299125663936,24.21908462047577,216,17.665549993515015,2785.3121309280396
espcn,stagewise,div2k,4,noise,0.5,165,2324,0.05732821921507517,22.74458906385634,0.04428549779113382,24.225445556640626,216,17.345025062561035,2802.6571559906006
espcn,stagewise,div2k,4,noise,0.5,166,2338,0.05350128561258316,23.36907888341833,0.046142651909030975,24.015921068191528,216,17.36378502845764,2820.0209410190582
espcn,static,div2k,4,noise,0.5,0,60,0.10809822181860605,17.396963437398274,0.08859677207656205,18.76794731616974,240,17.04620122909546,17.04620122909546
espcn,static,div2k,4,noise,0.5,1,75,0.09443549215793609,18.415328725179037,0.08192806341685355,19.435854184627534,240,17.225539207458496,34.271740436553955
espcn,static,div2k,4,noise,0.5,2,90,0.08759079774220785,19.075266901652018,0.07624445795081555,19.97348654270172,240,16.98341989517212,51.255160331726074
espcn,static,div2k,4,noise,0.5,3,105,0.08252862095832825,19.478747177124024,0.07193594467826188,20.390008091926575,240,17.203097820281982,68.45825815200806
espcn,static,div2k,4,noise,0.5,4,120,0.07746923466523488,20.09629987080892,0.06993971457704902,20.5841117978096,240,17.338754177093506,85.79701232910156
espcn,static,div2k,4,noise,0.5,5,135,0.07463262081146241,20.28121821085612,0.06696508801542222,20.905109238624572,240,17.143261909484863,102.94027423858643
espcn,static,div2k,4,noise,0.5,6,150,0.07170413931210835,20.568035507202147,0.06983016319572925,20.71247684955597,240,17.02653694152832,119.96681118011475
espcn,static,div2k,4,noise,0.5,7,165,0.0723497266570727,20.57629674275716,0.06393993366509676,21.253701090812683,240,17.102845907211304,137.06965708732605
espcn,static,div2k,4,noise,0.5,8,180,0.06732201228539149,21.196752293904623,0.06611274839378893,21.118518900871276,240,17.040637016296387,154.11029410362244
espcn,static,div2k,4,noise,0.5,9,195,0.06839952170848847,20.99895731608073,0.061265644570812586,21.59327689409256,240,17.01673698425293,171.12703108787537
espcn,static,div2k,4,noise,0.5,10,210,0.06739551027615866,21.146045811971028,0.0610202853102237,21.648351979255676,240,16.9913010597229,188.11833214759827
espcn,static,div2k,4,noise,0.5,11,225,0.06714211478829384,21.171754201253254,0.059529825067147615,21.839838004112245,240,16.955601930618286,205.07393407821655
espcn,static,div2k,4,noise,0.5,12,240,0.060192515949408214,22.16069132486979,0.061448797257617115,21.689199888706206,240,16.948933839797974,222.02286791801453
espcn,static,div2k,4,noise,0.5,13,255,0.06597064112623532,21.570378875732423,0.06128709432668984,21.739760541915892,240,16.853984117507935,238.87685203552246
espcn,static,div2k,4,noise,0.5,14,270,0.060458190242449444,22.337020619710287,0.05805481714196503,22.06274116039276,240,16.91822910308838,255.79508113861084
espcn,static,div2k,4,noise,0.5,15,285,0.06214092100660006,21.925757598876952,0.0569097532890737,22.205675745010375,240,16.970975875854492,272.76605701446533
espcn,static,div2k,4,noise,0.5,16,300,0.05946722527345021,22.158462142944337,0.055182355991564694,22.403375363349916,240,16.940491914749146,289.7065489292145
espcn,static,div2k,4,noise,0.5,17,315,0.05912796532114347,22.540987014770508,0.05757065652869642,22.16038661003113,240,16.929643154144287,306.63619208335876
espcn,static,div2k,4,noise,0.5,18,330,0.06178305248419444,22.010689290364585,0.05487061981111765,22.476972031593323,240,16.78624200820923,323.422434091568
espcn,static,div2k,4,noise,0.5,19,345,0.061646163711945215,22.233790969848634,0.06122198030352592,21.86480450630188,240,16.8562228679657,340.2786569595337
espcn,static,div2k,4,noise,0.5,20,360,0.060438018292188644,22.37231585184733,0.057471668370999394,22.199760603904725,240,16.856099128723145,357.13475608825684
espcn,static,div2k,4,noise,0.5,21,375,0.05770401159922282,22.632683436075848,0.056034830817952755,22.407951760292054,240,16.915043830871582,374.0497999191284
espcn,static,div2k,4,noise,0.5,22,390,0.054640688747167585,23.131128056844076,0.056049287086352706,22.378587985038756,240,16.803330183029175,390.8531301021576
espcn,static,div2k,4,noise,0.5,23,405,0.05658306777477264,23.02437553405762,0.05290122665464878,22.763123416900633,240,16.75975012779236,407.61288022994995
espcn,static,div2k,4,noise,0.5,24,420,0.05925017893314362,22.592825571695965,0.053342347010038794,22.707466769218446,240,16.737420797348022,424.350301027298
espcn,static,div2k,4,noise,0.5,25,435,0.056476135800282164,22.92600835164388,0.05275177096482366,22.821018052101135,240,16.855149030685425,441.2054500579834
espcn,static,div2k,4,noise,0.5,26,450,0.058618471523125965,22.86339454650879,0.05529470699839294,22.566062498092652,240,16.916785955429077,458.1222360134125
espcn,static,div2k,4,noise,0.5,27,465,0.053741040825843814,23.369019571940104,0.051205004355870186,23.009247970581054,240,16.97301721572876,475.09525322914124
espcn,static,div2k,4,noise,0.5,28,480,0.054267183691263196,23.269842274983723,0.05080883135087788,23.059844899177552,240,17.044956922531128,492.14021015167236
espcn,static,div2k,4,noise,0.5,29,495,0.05341914693514506,23.17237943013509,0.051831572270020845,22.955431056022643,240,17.147527933120728,509.2877380847931
espcn,static,div2k,4,noise,0.5,30,510,0.05218044643600782,23.422975413004558,0.052928059827536345,22.811843752861023,240,17.2898268699646,526.5775649547577
espcn,static,div2k,4,noise,0.5,31,525,0.05314245546857516,23.596364212036132,0.05111406792420894,23.04266667366028,240,17.28471279144287,543.8622777462006
espcn,static,div2k,4,noise,0.5,32,540,0.053159163395563765,23.494512049357095,0.05343956579454243,22.825245547294617,240,17.299663066864014,561.1619408130646
espcn,static,div2k,4,noise,0.5,33,555,0.05359636296828588,23.42733039855957,0.050204131612554194,23.174638676643372,240,17.29806423187256,578.4600050449371
espcn,static,div2k,4,noise,0.5,34,570,0.05244867652654648,23.81046346028646,0.04934869627468288,23.26048364639282,240,17.560909032821655,596.0209140777588
espcn,static,div2k,4,noise,0.5,35,585,0.05158264512817065,23.551166534423828,0.05124467276036739,23.019921231269837,240,17.596227884292603,613.6171419620514
espcn,static,div2k,4,noise,0.5,36,600,0.052071370432774225,23.708716201782227,0.04909802190959454,23.31339054107666,240,17.685856103897095,631.3029980659485
espcn,static,div2k,4,noise,0.5,37,615,0.04896609609325727,24.08663991292318,0.04946289714425802,23.263183283805848,240,17.706488132476807,649.0094861984253
espcn,static,div2k,4,noise,0.5,38,630,0.0525591567158699,23.514883677164715,0.049085341044701636,23.322782588005065,240,17.834980010986328,666.8444662094116
espcn,static,div2k,4,noise,0.5,39,645,0.048785791049400964,24.163309224446614,0.0497618853347376,23.245091056823732,240,17.867610216140747,684.7120764255524
espcn,static,div2k,4,noise,0.5,40,660,0.051644763847192125,23.799073791503908,0.04980626811739057,23.284618973731995,240,18.070531129837036,702.7826075553894
espcn,static,div2k,4,noise,0.5,41,675,0.0505352221429348,23.921512603759766,0.04879770583938807,23.38134002685547,240,18.012301206588745,720.7949087619781
espcn,static,div2k,4,noise,0.5,42,690,0.05145710210005442,23.856607945760093,0.048669912945479156,23.39160809516907,240,17.991795301437378,738.7867040634155
espcn,static,div2k,4,noise,0.5,43,705,0.04926469127337138,24.290865834554037,0.04926048535853624,23.308646893501283,240,17.94557285308838,756.7322769165039
espcn,static,div2k,4,noise,0.5,44,720,0.05055801197886467,24.155271021525063,0.04975975817069411,23.299228501319885,240,17.69699788093567,774.4292747974396
espcn,static,div2k,4,noise,0.5,45,735,0.04898007983962695,24.23524309794108,0.04785252115689218,23.503733682632447,240,17.67953085899353,792.1088056564331
espcn,static,div2k,4,noise,0.5,46,750,0.04692413931091626,24.541477584838866,0.04815241233445704,23.470495533943176,240,17.67083215713501,809.7796378135681
espcn,static,div2k,4,noise,0.5,47,765,0.04801047866543134,24.42962710062663,0.04739202745258808,23.558649277687074,240,17.68309211730957,827.4627299308777
espcn,static,div2k,4,noise,0.5,48,780,0.04800106237332026,24.54515151977539,0.048572163889184596,23.44672474861145,240,17.461163997650146,844.9238939285278
espcn,static,div2k,4,noise,0.5,49,795,0.05332862014571826,23.538573837280275,0.048012106330133975,23.516013836860658,240,17.448317766189575,862.3722116947174
espcn,static,div2k,4,noise,0.5,50,810,0.050466062128543855,24.030056762695313,0.04731773131061345,23.60330216884613,240,17.67465591430664,880.046867609024
espcn,static,div2k,4,noise,0.5,51,825,0.04913887729247411,24.226277160644532,0.047201925329864024,23.603801488876343,240,17.620803117752075,897.6676707267761
espcn,static,div2k,4,noise,0.5,52,840,0.048696600397427875,24.312077967325845,0.0482574261026457,23.523206663131713,240,17.699787855148315,915.3674585819244
espcn,static,div2k,4,noise,0.5,53,855,0.04920844435691833,24.2404909769694,0.05010969636496156,23.27813878059387,240,17.57643175125122,932.9438903331757
espcn,static,div2k,4,noise,0.5,54,870,0.04766137897968292,24.609386189778647,0.05228198179975152,23.027131032943725,240,17.41216778755188,950.3560581207275
espcn,static,div2k,4,noise,0.5,55,885,0.04872601057092349,24.360269165039064,0.04947929696645588,23.354649686813353,240,17.493388175964355,967.8494462966919
espcn,static,div2k,4,noise,0.5,56,900,0.048689842224121094,24.331394704182944,0.046977007482200864,23.64043288230896,240,17.666343927383423,985.5157902240753
espcn,static,div2k,4,noise,0.5,57,915,0.04548627411325772,24.78759485880534,0.046568413730710745,23.710708236694337,240,17.573671102523804,1003.0894613265991
espcn,static,div2k,4,noise,0.5,58,930,0.04603423128525416,24.81857770284017,0.04673852864652872,23.6868323802948,240,17.561903953552246,1020.6513652801514
espcn,static,div2k,4,noise,0.5,59,945,0.04789306446909904,24.513878504435223,0.04740029121749103,23.594310569763184,240,17.327842235565186,1037.9792075157166
espcn,static,div2k,4,noise,0.5,60,960,0.05061012009779612,24.16158955891927,0.05033684999216348,23.263693308830263,240,17.53949999809265,1055.5187075138092
espcn,static,div2k,4,noise,0.5,61,975,0.04958726316690445,24.52292798360189,0.04739653046708554,23.621649312973023,240,17.318880081176758,1072.837587594986
espcn,static,div2k,4,noise,0.5,62,990,0.04714990183711052,24.64658203125,0.047107426123693584,23.65995590686798,240,17.230338096618652,1090.0679256916046
espcn,static,div2k,4,noise,0.5,63,1005,0.04696746543049812,24.477440388997397,0.04961739736609161,23.34853003025055,240,17.382586002349854,1107.4505116939545
espcn,static,div2k,4,noise,0.5,64,1020,0.04822290490070979,24.52907346089681,0.046656311373226345,23.706792211532594,240,17.288345098495483,1124.73885679245
espcn,static,div2k,4,noise,0.5,65,1035,0.04572040513157845,24.833508682250976,0.04853805301245302,23.506806397438048,240,17.266616821289062,1142.005473613739
espcn,static,div2k,4,noise,0.5,66,1050,0.05221330200632413,23.94725341796875,0.046808208781294526,23.704444670677184,240,17.09659433364868,1159.1020679473877
espcn,static,div2k,4,noise,0.5,67,1065,0.04865799024701119,24.473352177937826,0.04601324200630188,23.819320845603944,240,17.161009073257446,1176.2630770206451
espcn,static,div2k,4,noise,0.5,68,1080,0.04776069074869156,24.47931811014811,0.04698960832320154,23.705760502815245,240,17.03394627571106,1193.2970232963562
espcn,static,div2k,4,noise,0.5,69,1095,0.04726719607909521,24.61814282735189,0.04644836606457829,23.765747690200804,240,17.14829683303833,1210.4453201293945
espcn,static,div2k,4,noise,0.5,70,1110,0.047449006140232085,24.515788269042968,0.045845930883660915,23.8303031206131,240,17.144129037857056,1227.5894491672516
espcn,static,div2k,4,noise,0.5,71,1125,0.04642525166273117,24.785065841674804,0.04882740823086351,23.489437055587768,240,17.071290969848633,1244.6607401371002
espcn,static,div2k,4,noise,0.5,72,1140,0.045951499789953235,24.729114786783853,0.04629465288016945,23.760052227973937,240,17.22451686859131,1261.8852570056915
espcn,static,div2k,4,noise,0.5,73,1155,0.046451372156540556,24.726807149251304,0.04579852728638798,23.84170091152191,240,17.233571767807007,1279.1188287734985
espcn,static,div2k,4,noise,0.5,74,1170,0.04857024773955345,24.47160186767578,0.046211962960660456,23.80085983276367,240,17.202392101287842,1296.3212208747864
espcn,static,div2k,4,noise,0.5,75,1185,0.043030886352062224,25.153186162312824,0.04549162890762091,23.87182765007019,240,17.077577114105225,1313.3987979888916
espcn,static,div2k,4,noise,0.5,76,1200,0.04478591357668241,24.998414611816408,0.045621605846099554,23.897738337516785,240,17.13315987586975,1330.5319578647614
espcn,static,div2k,4,noise,0.5,77,1215,0.047960805644591646,24.529329554239908,0.04744238916318864,23.59171211719513,240,16.97151470184326,1347.5034725666046
espcn,static,div2k,4,noise,0.5,78,1230,0.04866765638192495,24.497870635986327,0.04573528927285224,23.86262764930725,240,17.11579990386963,1364.6192724704742
espcn,static,div2k,4,noise,0.5,79,1245,0.04811061521371206,24.468116505940756,0.04777397799771279,23.62244532108307,240,17.2281551361084,1381.8474276065826
espcn,static,div2k,4,noise,0.5,80,1260,0.04574061582485835,24.76803970336914,0.04725854750722647,23.696889567375184,240,17.20391607284546,1399.051343679428
espcn,static,div2k,4,noise,0.5,81,1275,0.04606686880191167,24.898669306437174,0.04542639127466828,23.903135347366334,240,17.296972036361694,1416.3483157157898
espcn,static,div2k,4,noise,0.5,82,1290,0.04499677444497744,24.94731305440267,0.04557805550284684,23.894866824150085,240,17.179441928863525,1433.5277576446533
espcn,static,div2k,4,noise,0.5,83,1305,0.04683605308334033,24.664067459106445,0.04797150727827102,23.58958978652954,240,17.185237884521484,1450.7129955291748
espcn,static,div2k,4,noise,0.5,84,1320,0.04644345243771871,24.922982533772785,0.04569422339554876,23.87727310657501,240,17.182212114334106,1467.895207643509
espcn,static,div2k,4,noise,0.5,85,1335,0.04652139668663343,24.75341911315918,0.04554471210576594,23.921308207511903,240,17.230693817138672,1485.1259014606476
espcn,static,div2k,4,noise,0.5,86,1350,0.045163575063149136,24.975023778279624,0.046102017629891634,23.82608630657196,240,17.211727142333984,1502.3376286029816
espcn,static,div2k,4,noise,0.5,87,1365,0.046177734682957335,24.615223821004232,0.04639192149043083,23.801779770851134,240,17.472105979919434,1519.809734582901
espcn,static,div2k,4,noise,0.5,88,1380,0.04592599670092265,24.840447107950848,0.0453355283010751,23.925020599365233,240,17.359365940093994,1537.169100522995
espcn,static,div2k,4,noise,0.5,89,1395,0.04778602495789528,24.754885101318358,0.04514455876778811,23.974271726608276,240,17.491512060165405,1554.6606125831604
espcn,static,div2k,4,noise,0.5,90,1410,0.04926914845903715,24.499702326456706,0.051376880472525956,23.1927401304245,240,17.429816961288452,1572.0904295444489
espcn,static,div2k,4,noise,0.5,91,1425,0.049487439543008806,24.238428115844727,0.04587925144005567,23.868468499183656,240,17.391121864318848,1589.4815514087677
espcn,static,div2k,4,noise,0.5,92,1440,0.044359928866227465,25.21563720703125,0.04548110347241163,23.9391859292984,240,17.265431880950928,1606.7469832897186
espcn,static,div2k,4,noise,0.5,93,1455,0.04463840276002884,25.040481440226237,0.04578636190854013,23.868845200538637,240,17.41618299484253,1624.1631662845612
espcn,static,div2k,4,noise,0.5,94,1470,0.04542170936862628,24.9688663482666,0.044631567155011,24.0255539894104,240,17.451794862747192,1641.6149611473083
espcn,static,div2k,4,noise,0.5,95,1485,0.04186651979883512,25.554088846842447,0.04559822513256222,23.898311138153076,240,17.396385669708252,1659.0113468170166
espcn,static,div2k,4,noise,0.5,96,1500,0.042465083797772724,25.511332702636718,0.045105335465632376,23.95290014743805,240,17.708293914794922,1676.7196407318115
espcn,static,div2k,4,noise,0.5,97,1515,0.04328741505742073,25.27312978108724,0.04524036210495978,23.9498722076416,240,17.37514877319336,1694.0947895050049
espcn,static,div2k,4,noise,0.5,98,1530,0.043681174516677856,25.246353912353516,0.044616353092715146,24.02164821624756,240,17.507601022720337,1711.6023905277252
espcn,static,div2k,4,noise,0.5,99,1545,0.0455930233001709,25.0231019337972,0.045890132221393286,23.913760375976562,240,17.645339012145996,1729.2477295398712
espcn,static,div2k,4,noise,0.5,100,1560,0.04557356884082158,25.012435531616212,0.05816220762208104,22.49328899383545,240,17.644649982452393,1746.8923795223236
espcn,static,div2k,4,noise,0.5,101,1575,0.05142702882488569,24.17700080871582,0.048915261030197145,23.571788239479066,240,17.561436891555786,1764.4538164138794
espcn,static,div2k,4,noise,0.5,102,1590,0.04476593310634295,25.10837173461914,0.045364377181977035,23.919072413444518,240,17.64413595199585,1782.0979523658752
espcn,static,div2k,4,noise,0.5,103,1605,0.04595377718408902,24.845082092285157,0.046597800264135,23.785583019256592,240,17.5699782371521,1799.6679306030273
espcn,static,div2k,4,noise,0.5,104,1620,0.04329914003610611,25.483294169108074,0.04466675501316786,24.02713782787323,240,17.972272157669067,1817.6402027606964
espcn,static,div2k,4,noise,0.5,105,1635,0.04506340697407722,24.991754404703777,0.044699867931194605,24.008591055870056,240,17.876914024353027,1835.5171167850494
espcn,static,div2k,4,noise,0.5,106,1650,0.04331673656900724,25.424064127604165,0.04445760168600828,24.040038871765137,240,17.79097604751587,1853.3080928325653
espcn,static,div2k,4,noise,0.5,107,1665,0.04181466872493426,25.652028274536132,0.04433508263900876,24.055703711509704,240,17.83315086364746,1871.1412436962128
espcn,static,div2k,4,noise,0.5,108,1680,0.04304876153667768,25.367200088500976,0.04446695987135172,24.047677564620972,240,17.93355107307434,1889.074794769287
espcn,static,div2k,4,noise,0.5,109,1695,0.05093307917316755,23.931594594319662,0.04499686961062253,23.987610697746277,240,18.377477884292603,1907.4522726535797
espcn,static,div2k,4,noise,0.5,110,1710,0.0516439879933993,23.84131736755371,0.04592118761502206,23.895158791542052,240,18.36949396133423,1925.821766614914
espcn,static,div2k,4,noise,0.5,111,1725,0.053976121048132576,23.52863375345866,0.047567326575517654,23.70449800491333,240,18.381829977035522,1944.2035965919495
espcn,static,div2k,4,noise,0.5,112,1740,0.05172050818800926,23.90643056233724,0.04448615466244519,24.09405391216278,240,18.4587299823761,1962.6623265743256
espcn,static,div2k,4,noise,0.5,113,1755,0.050098865479230884,24.04128786722819,0.04414017307572067,24.13691771030426,240,18.473382234573364,1981.135708808899
espcn,static,div2k,4,noise,0.5,114,1770,0.049653476228316624,24.342924880981446,0.044247017917223276,24.133504700660705,240,18.48165488243103,1999.61736369133
espcn,static,div2k,4,noise,0.5,115,1785,0.05108875979979833,24.06401392618815,0.04836868345737457,23.5777090549469,240,18.47114086151123,2018.0885045528412
espcn,static,div2k,4,noise,0.5,116,1800,0.05125121350089709,23.971196619669595,0.05123916168231517,23.287204241752626,240,18.402103662490845,2036.490608215332
espcn,static,div2k,4,noise,0.5,117,1815,0.054370514551798504,23.691211573282878,0.05608621060382575,22.698120975494383,240,18.39884901046753,2054.8894572257996
espcn,static,div2k,4,noise,0.5,118,1830,0.05203786045312882,23.88082898457845,0.04499890559818596,24.07008852958679,240,18.380568027496338,2073.270025253296
espcn,static,div2k,4,noise,0.5,119,1845,0.051592695713043216,24.014323806762697,0.04738693819381297,23.745456552505495,240,18.328203201293945,2091.59822845459
espcn,static,div2k,4,noise,0.5,120,1860,0.04936900188525518,24.38081448872884,0.04437731290236115,24.12459580898285,240,18.293637990951538,2109.8918664455414
espcn,static,div2k,4,noise,0.5,121,1875,0.05357520505785942,23.758392969767254,0.04465253227390349,24.093364357948303,240,18.362425088882446,2128.254291534424
espcn,static,div2k,4,noise,0.5,122,1890,0.05006575634082158,24.06609255472819,0.0453374306904152,24.063713431358337,240,18.32262921333313,2146.576920747757
espcn,static,div2k,4,noise,0.5,123,1905,0.04988738025228182,24.097512181599935,0.046288404543884096,23.890859150886534,240,18.429533004760742,2165.0064537525177
espcn,static,div2k,4,noise,0.5,124,1920,0.04935883780320485,24.393244171142577,0.044363406905904415,24.115313911437987,240,18.480581760406494,2183.487035512924
espcn,static,div2k,4,noise,0.5,125,1935,0.05055825238426526,24.21241569519043,0.04463631336111575,24.104469466209412,240,18.3216450214386,2201.808680534363
espcn,static,div2k,4,noise,0.5,126,1950,0.04961519166827202,24.286912409464517,0.04412766043096781,24.150807213783263,240,18.445950984954834,2220.2546315193176
espcn,static,div2k,4,noise,0.5,127,1965,0.04710995430747668,24.56687151590983,0.045952429086901246,23.964365696907045,240,18.433072090148926,2238.6877036094666
espcn,static,div2k,4,noise,0.5,128,1980,0.049138360967238746,24.3300532023112,0.04497870816849172,24.065097880363464,240,18.381314754486084,2257.0690183639526
espcn,static,div2k,4,noise,0.5,129,1995,0.049697627872228624,24.327220662434897,0.04392888473812491,24.20985953807831,240,18.313480138778687,2275.3824985027313
espcn,static,div2k,4,noise,0.5,130,2010,0.05134623646736145,23.880447896321616,0.044603291992098094,24.09338035583496,240,18.347737789154053,2293.7302362918854
espcn,static,div2k,4,noise,0.5,131,2025,0.04870394095778465,24.458004633585613,0.04592526366468519,23.919988107681274,240,18.40573287010193,2312.1359691619873
espcn,static,div2k,4,noise,0.5,132,2040,0.05152430136998495,23.863854344685873,0.045924754510633645,23.94590585231781,240,18.334511756896973,2330.4704809188843
espcn,static,div2k,4,noise,0.5,133,2055,0.050268632173538205,24.273362986246745,0.04507628420833498,24.06489543914795,240,18.40652585029602,2348.8770067691803
espcn,static,div2k,4,noise,0.5,134,2070,0.05092992807428042,24.09061164855957,0.0449691349407658,24.04945306777954,240,18.397438049316406,2367.2744448184967
espcn,static,div2k,4,noise,0.5,135,2085,0.04884083221356074,24.330220794677736,0.04395266189239919,24.18797266483307,240,18.437079191207886,2385.7115240097046
espcn,static,div2k,4,noise,0.5,136,2100,0.04933415005604426,24.407209396362305,0.04492987471166998,24.064263463020325,240,18.42299175262451,2404.134515762329
espcn,static,div2k,4,noise,0.5,137,2115,0.05336552957693736,23.73502820332845,0.04385430433321744,24.21296145915985,240,18.39786982536316,2422.5323855876923
espcn,static,div2k,4,noise,0.5,138,2130,0.05050481284658114,24.136707178751628,0.04384707503486425,24.2304297208786,240,18.443308115005493,2440.9756937026978
espcn,static,div2k,4,noise,0.5,139,2145,0.04997728789846102,24.18208541870117,0.04410093179903925,24.176719546318054,240,18.36645221710205,2459.3421459198
espcn,static,div2k,4,noise,0.5,140,2160,0.04942139834165573,24.379727172851563,0.04459498377982527,24.10572295188904,240,18.486182928085327,2477.828328847885
espcn,static,div2k,4,noise,0.5,141,2175,0.05173056523005168,23.884343083699545,0.04504029434174299,24.110918974876405,240,18.513277769088745,2496.341606616974
espcn,static,div2k,4,noise,0.5,142,2190,0.05174526299039523,23.921598943074546,0.04762825584039092,23.801322531700134,240,18.405818939208984,2514.747425556183
espcn,static,div2k,4,noise,0.5,143,2205,0.049728144456942874,24.212240727742515,0.04364540264941752,24.24498598575592,240,18.444414138793945,2533.191839694977
espcn,static,div2k,4,noise,0.5,144,2220,0.050594848891099296,24.109231185913085,0.045917638158425686,23.922446155548094,240,18.449088096618652,2551.6409277915955
espcn,static,div2k,4,noise,0.5,145,2235,0.04766202246149381,24.615369669596355,0.04445663832593709,24.116848015785216,240,18.43835687637329,2570.0792846679688
espcn,static,div2k,4,noise,0.5,146,2250,0.050939015795787176,24.031597646077476,0.04463017804082483,24.129139447212218,240,18.43139410018921,2588.510678768158
espcn,static,div2k,4,noise,0.5,147,2265,0.04973963499069214,24.26997489929199,0.04565880035515875,24.00009152889252,240,18.4302921295166,2606.9409708976746
espcn,static,div2k,4,noise,0.5,148,2280,0.048998990158240004,24.428835423787437,0.04779853404033929,23.740847301483154,240,18.43923807144165,2625.380208969116
espcn,static,div2k,4,noise,0.5,149,2295,0.05352260644237201,23.64825159708659,0.05263362859841436,23.074455308914185,240,18.409794807434082,2643.7900037765503
espcn,static,div2k,4,noise,0.5,150,2310,0.05257932245731354,23.921603520711262,0.044553889567032455,24.141671061515808,240,18.433675050735474,2662.2236788272858
espcn,static,div2k,4,noise,0.5,151,2325,0.048768501232067746,24.320984395345054,0.043917998834513125,24.212211227416994,240,18.60671615600586,2680.8303949832916
espcn,static,div2k,4,noise,0.5,152,2340,0.04984889601667722,24.17300491333008,0.04456539552193135,24.127364349365234,240,18.09028196334839,2698.92067694664
espcn,static,div2k,4,noise,0.5,153,2355,0.0504618339240551,24.254889297485352,0.0436939200386405,24.24839789867401,240,17.658540725708008,2716.579217672348
espcn,static,div2k,4,noise,0.5,154,2370,0.048913566023111345,24.376616287231446,0.04406890799291432,24.198061895370483,240,17.8928861618042,2734.472103834152
espcn,static,div2k,4,noise,0.5,155,2385,0.05153372685114543,23.941326904296876,0.04352815384045243,24.257610726356507,240,17.90835928916931,2752.3804631233215
espcn,static,div2k,4,noise,0.5,156,2400,0.04909542699654897,24.316531244913737,0.04396365135908127,24.192937994003294,240,18.14017391204834,2770.52063703537
espcn,static,div2k,4,noise,0.5,157,2415,0.05056887194514274,24.18283920288086,0.04430256639607251,24.169774293899536,240,18.04477286338806,2788.565409898758
espcn,static,div2k,4,noise,0.5,158,2430,0.05168553541103999,24.003437678019207,0.04442425023298711,24.17355375289917,240,17.730563163757324,2806.2959730625153
espcn,static,div2k,4,noise,0.5,159,2445,0.050199311474959055,24.18011131286621,0.0459764412837103,23.971197628974913,240,17.61751103401184,2823.913484096527
espcn,static,div2k,4,noise,0.5,160,2460,0.05161702061692874,24.044723129272462,0.04354691356420517,24.271487760543824,240,17.416599988937378,2841.3300840854645
espcn,static,div2k,4,noise,0.5,161,2475,0.051710418860117596,24.124442672729494,0.044319234788417816,24.194379138946534,240,17.423920154571533,2858.754004240036
espcn,static,div2k,4,noise,0.5,162,2490,0.04931595747669538,24.25588404337565,0.04413488872814923,24.186277747154236,240,17.112387895584106,2875.86639213562
espcn,static,div2k,4,noise,0.5,163,2505,0.051664027074972786,24.038136545817057,0.04362736735492945,24.27356686592102,240,17.269524097442627,2893.1359162330627
espcn,static,div2k,4,noise,0.5,164,2520,0.04941431929667791,24.439677937825522,0.04349059609230608,24.28211615085602,240,17.26867413520813,2910.404590368271
espcn,static,div2k,4,noise,0.5,165,2535,0.046766341229279834,24.71315155029297,0.043707771017216145,24.232501363754274,240,17.6023371219635,2928.0069274902344
espcn,static,div2k,4,noise,0.5,166,2550,0.04934262658158938,24.355499903361004,0.0432444587117061,24.297544407844544,240,17.774627923965454,2945.7815554142
espcn,static,div2k,4,noise,0.5,167,2565,0.04806072687109311,24.497113545735676,0.043642316665500405,24.26422004699707,240,18.063268661499023,2963.844824075699
espcn,static,div2k,4,noise,0.5,168,2580,0.04709392488002777,24.886381149291992,0.043270028010010717,24.2979097366333,240,18.086233854293823,2981.9310579299927
espcn,static,div2k,4,noise,0.5,169,2595,0.04740784366925557,24.81588821411133,0.0434406619053334,24.269596529006957,240,17.87299919128418,2999.804057121277
espcn,static,div2k,4,noise,0.5,170,2610,0.049243572851022085,24.44443562825521,0.04405846795998514,24.209387278556825,240,17.653950929641724,3017.4580080509186
espcn,static,div2k,4,noise,0.5,171,2625,0.04740993281205495,24.66987787882487,0.04501470280811191,24.067120933532713,240,17.034437894821167,3034.4924459457397
espcn,static,div2k,4,noise,0.5,172,2640,0.0473239151140054,24.731016540527342,0.043509388249367474,24.277276396751404,240,16.38862919807434,3050.881075143814
espcn,static,div2k,4,noise,0.5,173,2655,0.0503044272462527,24.117523829142254,0.04474046237301081,24.115307545661928,240,16.10500693321228,3066.9860820770264
espcn,static,div2k,4,noise,0.5,174,2670,0.049739614874124524,24.387423197428387,0.04460959918797016,24.136081767082214,240,16.339853763580322,3083.3259358406067
espcn,static,div2k,4,noise,0.5,175,2685,0.04787657012542089,24.554591369628906,0.04606208663899451,23.913408493995668,240,16.41825580596924,3099.744191646576
espcn,static,div2k,4,noise,0.5,176,2700,0.046826158712307615,24.764339192708334,0.0431877471273765,24.310025763511657,240,16.378223180770874,3116.122414827347
espcn,static,div2k,4,noise,0.5,177,2715,0.04788523564736048,24.592304102579753,0.04322220403701067,24.302290177345277,240,17.984390258789062,3134.106805086136
espcn,static,div2k,4,noise,0.5,178,2730,0.04518867085377375,25.085449981689454,0.043788026063703,24.232584500312804,240,18.696040868759155,3152.802845954895
espcn,static,div2k,4,noise,0.5,179,2745,0.04891958087682724,24.478116607666017,0.04452388435602188,24.14377589225769,240,18.785817861557007,3171.588663816452
espcn,static,div2k,4,noise,0.5,180,2760,0.04848890577753385,24.649142456054687,0.0444980877218768,24.140756940841676,240,19.575762033462524,3191.1644258499146
espcn,static,div2k,4,noise,0.5,181,2775,0.048012339820464454,24.680493927001955,0.043525714939460156,24.261379456520082,240,20.505839109420776,3211.6702649593353
espcn,static,div2k,4,noise,0.5,182,2790,0.048570819199085236,24.57424125671387,0.04359550608787686,24.22816083431244,240,20.18945002555847,3231.859714984894
espcn,static,div2k,4,noise,0.5,183,2805,0.04791511024037997,24.693588892618816,0.04324629697948694,24.29797751903534,240,18.149059772491455,3250.0087747573853
espcn,static,div2k,4,noise,0.5,184,2820,0.048250340421994525,24.57569808959961,0.0464106745319441,23.91721816062927,240,18.1687490940094,3268.1775238513947
espcn,static,div2k,4,noise,0.5,185,2835,0.05371794452269872,23.697226079305015,0.048207883792929354,23.67774999141693,240,17.995907068252563,3286.173430919647
espcn,static,div2k,4,noise,0.5,186,2850,0.04888379896680514,24.458927408854166,0.0446096129482612,24.150790691375732,240,18.43209409713745,3304.6055250167847
espcn,static,div2k,4,noise,0.5,187,2865,0.049246861537297563,24.25052833557129,0.043925602361559866,24.21013741493225,240,19.874818801879883,3324.4803438186646
espcn,static,div2k,4,noise,0.5,188,2880,0.04921473463376363,24.44023920694987,0.04318974995985627,24.331370377540587,240,20.78939199447632,3345.269735813141
espcn,static,div2k,4,noise,0.5,189,2895,0.04711336965362231,24.833685811360677,0.04318481853697449,24.324976110458373,240,18.68822717666626,3363.957962989807
espcn,static,div2k,4,noise,0.5,190,2910,0.048202471683422725,24.82243512471517,0.04291745622176677,24.34009666442871,240,18.869942903518677,3382.827905893326
espcn,static,div2k,4,noise,0.5,191,2925,0.04969845389326413,24.358897527058918,0.043054613983258605,24.330011940002443,240,18.94359517097473,3401.7715010643005
espcn,static,div2k,4,noise,0.5,192,2940,0.0476691002647082,24.70161107381185,0.04312392701394856,24.324211215972902,240,19.63963270187378,3421.4111337661743
espcn,static,div2k,4,noise,0.5,193,2955,0.04842121650775274,24.550782521565754,0.04322698542382568,24.31215634346008,240,20.303752899169922,3441.7148866653442
espcn,static,div2k,4,noise,0.5,194,2970,0.049295139809449516,24.411072794596354,0.04386068724561483,24.247917532920837,240,19.986020803451538,3461.700907468796
espcn,static,div2k,4,noise,0.5,195,2985,0.047450878222783405,24.71621754964193,0.043229834828525784,24.30930197238922,240,18.352458000183105,3480.053365468979
espcn,static,div2k,4,noise,0.5,196,3000,0.04666734412312508,24.932865142822266,0.04346351891290397,24.275196313858032,240,18.088823080062866,3498.1421885490417
espcn,static,div2k,4,noise,0.5,197,3015,0.05195626989006996,24.12726732889811,0.04328790330328047,24.32416820526123,240,18.01712417602539,3516.159312725067
espcn,static,div2k,4,noise,0.5,198,3030,0.051083915680646894,24.20299555460612,0.044620813149958846,24.13147439956665,240,19.332942247390747,3535.492254972458
espcn,static,div2k,4,noise,0.5,199,3045,0.049999993791182834,24.31191151936849,0.044251379230991005,24.179228758811952,240,20.07867407798767,3555.5709290504456
espcn,static,div2k,4,noise,0.5,200,3060,0.04729237804810206,24.682897822062174,0.043112465436570345,24.31208393573761,240,20.086760759353638,3575.657689809799
espcn,static,div2k,4,noise,0.5,201,3075,0.0494251290957133,24.46881841023763,0.04314436961431056,24.33633029460907,240,18.93140983581543,3594.5890996456146
espcn,static,div2k,4,noise,0.5,202,3090,0.04846775780121485,24.445978927612305,0.04318939794320613,24.323403811454774,240,19.005563020706177,3613.594662666321
espcn,static,div2k,4,noise,0.5,203,3105,0.04758690098921458,24.729888661702475,0.04299886787775904,24.349595308303833,240,18.817800283432007,3632.412462949753
espcn,static,div2k,4,noise,0.5,204,3120,0.04596474568049113,25.058341598510744,0.043255461379885674,24.29909679889679,240,19.609894037246704,3652.0223569869995
espcn,static,div2k,4,noise,0.5,205,3135,0.04803061286608378,24.621261088053384,0.04375451342202723,24.23353214263916,240,20.332148790359497,3672.354505777359
espcn,static,div2k,4,noise,0.5,206,3150,0.049014905095100404,24.39818344116211,0.04302463289350271,24.336272740364073,240,19.69748878479004,3692.051994562149
espcn,static,div2k,4,noise,0.5,207,3165,0.046880682557821275,24.743009567260742,0.043951701885089275,24.2189261674881,240,18.12296772003174,3710.174962282181
espcn,static,div2k,4,noise,0.5,208,3180,0.04945506826043129,24.384972508748373,0.045103734475560486,24.085706186294555,240,18.020156860351562,3728.1951191425323
espcn,static,div2k,4,noise,0.5,209,3195,0.051482728620370226,24.061454900105794,0.04342736261896789,24.313675904273985,240,18.034221649169922,3746.2293407917023
espcn,static,div2k,4,noise,0.5,210,3210,0.04870930016040802,24.538626352945965,0.04319699252955615,24.335107350349425,240,19.38200306892395,3765.611343860626
espcn,static,div2k,4,noise,0.5,211,3225,0.04853258728981018,24.571036783854165,0.04350115926936269,24.277240061759947,240,20.774861097335815,3786.386204957962
espcn,static,div2k,4,noise,0.5,212,3240,0.0456312857568264,24.98750597635905,0.04326579011976719,24.30615258216858,240,20.064942121505737,3806.451147079468
espcn,static,div2k,4,noise,0.5,213,3255,0.0449574443201224,25.069755045572915,0.0430035522673279,24.334333419799805,240,19.025593042373657,3825.4767401218414
espcn,static,div2k,4,noise,0.5,214,3270,0.04643727367122968,24.938785298665366,0.04300756289158016,24.322320055961608,240,19.07600212097168,3844.552742242813
espcn,static,div2k,4,noise,0.5,215,3285,0.048854419589042665,24.53016408284505,0.04411795441992581,24.20421004295349,240,18.835692644119263,3863.3884348869324
espcn,static,div2k,4,noise,0.5,216,3300,0.04682319983839989,24.851426060994466,0.0428329003509134,24.359506916999816,240,19.045454025268555,3882.433888912201
espcn,static,div2k,4,noise,0.5,217,3315,0.050264248996973036,24.32110087076823,0.04312108238227665,24.33236155509949,240,19.755988836288452,3902.1898777484894
espcn,static,div2k,4,noise,0.5,218,3330,0.04839310745398204,24.528691864013673,0.04330937364138663,24.308898591995238,240,19.98670482635498,3922.1765825748444
espcn,static,div2k,4,noise,0.5,219,3345,0.048797413955132166,24.530816396077473,0.04415628148708493,24.256503295898437,240,18.573791980743408,3940.7503745555878
espcn,static,div2k,4,noise,0.5,220,3360,0.05109576781590779,24.087475204467772,0.04367075196933001,24.2608243227005,240,18.121543169021606,3958.8719177246094
espcn,static,div2k,4,noise,0.5,221,3375,0.05085266555349032,24.2104918162028,0.043188223126344384,24.316121673583986,240,18.06887912750244,3976.940796852112
espcn,static,div2k,4,noise,0.5,222,3390,0.05003262211879094,24.276841100056966,0.044918236299417914,24.110704708099366,240,19.159491062164307,3996.100287914276
espcn,static,div2k,4,noise,0.5,223,3405,0.0514662745098273,23.986456680297852,0.04510047372896224,24.100181317329408,240,20.28502869606018,4016.3853166103363
espcn,static,div2k,4,noise,0.5,224,3420,0.04963850577672323,24.422124989827473,0.04291837306227535,24.369768381118774,240,20.724594831466675,4037.109911441803
espcn,static,div2k,4,noise,0.5,225,3435,0.04836457595229149,24.51585998535156,0.043290727050043644,24.329259037971497,240,19.15659475326538,4056.2665061950684
espcn,static,div2k,4,noise,0.5,226,3450,0.046497903764247894,24.926624552408853,0.04319334274623543,24.330388379096984,240,18.774455070495605,4075.040961265564
espcn,static,div2k,4,noise,0.5,227,3465,0.04896122887730599,24.39616101582845,0.04492332502268255,24.08138518333435,240,18.52412700653076,4093.5650882720947
espcn,static,div2k,4,noise,0.5,228,3480,0.047719539453585945,24.5517147064209,0.04301063483580947,24.34945216178894,240,19.185920000076294,4112.751008272171
espcn,static,div2k,4,noise,0.5,229,3495,0.047087342292070386,24.623878224690756,0.043144361861050126,24.326172733306883,240,20.02505135536194,4132.776059627533
espcn,static,div2k,4,noise,0.5,230,3510,0.04908972879250844,24.345236841837565,0.04301524385809898,24.355032801628113,240,19.40047287940979,4152.176532506943
espcn,static,div2k,4,noise,0.5,231,3525,0.05014834155639013,24.328381220499676,0.042799745104275644,24.38280894756317,240,17.9544780254364,4170.131010532379
espcn,static,div2k,4,noise,0.5,232,3540,0.04954411784807841,24.406124114990234,0.04345973264425993,24.288139367103575,240,17.970309257507324,4188.1013197898865
espcn,static,div2k,4,noise,0.5,233,3555,0.048681125541528064,24.44646110534668,0.042846787441521886,24.387457942962648,240,17.88898515701294,4205.990304946899
espcn,static,div2k,4,noise,0.5,234,3570,0.04787422567605972,24.697643534342447,0.04300697729922831,24.36288974285126,240,19.98974609375,4225.980051040649
espcn,static,div2k,4,noise,0.5,235,3585,0.05105553890268008,24.082608286539713,0.043182799872010943,24.343170714378356,240,19.25802206993103,4245.23807311058
espcn,static,div2k,4,noise,0.5,236,3600,0.049989184737205504,24.439891179402668,0.0435910570435226,24.307938671112062,240,20.463083028793335,4265.701156139374
espcn,static,div2k,4,noise,0.5,237,3615,0.04817823246121407,24.646801376342772,0.0429533721646294,24.3745078086853,240,18.75020718574524,4284.451363325119
espcn,static,div2k,4,noise,0.5,238,3630,0.05105822657545408,24.160145823160807,0.05172392763197422,23.172071051597595,240,18.800971031188965,4303.252334356308
espcn,static,div2k,4,noise,0.5,239,3645,0.05501421590646108,23.617923100789387,0.04545023024547845,24.076337122917174,240,18.574190139770508,4321.8265244960785
espcn,static,div2k,4,noise,0.5,240,3660,0.05216265792647998,24.016134643554686,0.04563300958834589,24.042776131629942,240,19.08072304725647,4340.907247543335
espcn,static,div2k,4,noise,0.5,241,3675,0.05155610864361127,24.084588114420573,0.044560373504646124,24.167491817474364,240,19.86013674736023,4360.767384290695
espcn,static,div2k,4,noise,0.5,242,3690,0.050184790541728336,24.132716369628906,0.04330564788542688,24.35019016265869,240,20.011718273162842,4380.779102563858
espcn,static,div2k,4,noise,0.5,243,3705,0.04848060334722201,24.64365208943685,0.04301210828125477,24.36965537071228,240,18.064972162246704,4398.844074726105
espcn,static,div2k,4,noise,0.5,244,3720,0.04892029638091723,24.390700912475587,0.04273443114943802,24.39430775642395,240,17.893205881118774,4416.7372806072235
espcn,static,div2k,4,noise,0.5,245,3735,0.0477667527894179,24.64943161010742,0.04272681984584779,24.398726773262023,240,17.940754890441895,4434.678035497665
espcn,static,div2k,4,noise,0.5,246,3750,0.04787382359306017,24.621887969970704,0.042901125340722504,24.375379776954652,240,18.95587182044983,4453.633907318115
espcn,static,div2k,4,noise,0.5,247,3765,0.04867500712474187,24.477358245849608,0.04373472195584327,24.269596886634826,240,20.22106122970581,4473.854968547821
espcn,static,div2k,4,noise,0.5,248,3780,0.048801058034102125,24.447562154134115,0.04419264905154705,24.206335496902465,240,19.875041961669922,4493.730010509491
espcn,static,div2k,4,noise,0.5,249,3795,0.04792108113567035,24.720805231730143,0.04328464930877089,24.35755066871643,240,16.936954736709595,4510.666965246201
espcn,static,div2k,4,noise,0.5,250,3810,0.04878868237137794,24.471140162150064,0.04345412217080593,24.30709056854248,240,17.02156400680542,4527.688529253006
espcn,static,div2k,4,noise,0.5,251,3825,0.04901356746753057,24.399798583984374,0.04261435423977673,24.418026995658874,240,16.84821128845215,4544.536740541458
espcn,static,div2k,4,noise,0.5,252,3840,0.045947298407554626,25.040543874104817,0.04344027400948107,24.293115401268004,240,16.792874097824097,4561.329614639282
espcn,static,div2k,4,noise,0.5,253,3855,0.04671886066595713,24.825933837890624,0.04437322702724487,24.172814822196962,240,17.333404064178467,4578.663018703461
espcn,static,div2k,4,noise,0.5,254,3870,0.04804846147696177,24.76627998352051,0.042840973916463555,24.399890637397768,240,17.06269598007202,4595.725714683533
espcn,static,div2k,4,noise,0.5,255,3885,0.04703010270992915,24.717189915974934,0.04373394751455635,24.285055732727052,240,17.029820203781128,4612.755534887314
espcn,static,div2k,4,noise,0.5,256,3900,0.05047385568420092,24.23901112874349,0.04316213380079716,24.3418386220932,240,16.95539665222168,4629.7109315395355
espcn,static,div2k,4,noise,0.5,257,3915,0.04680950616796811,24.986164983113607,0.04284897453617305,24.37618432044983,240,16.93020486831665,4646.641136407852
espcn,static,div2k,4,noise,0.5,258,3930,0.04688830822706223,24.781737899780275,0.043127019237726924,24.34119610786438,240,16.894973754882812,4663.536110162735
espcn,static,div2k,4,noise,0.5,259,3945,0.04747880846261978,24.811356099446616,0.042671271855942904,24.393752121925353,240,17.117833852767944,4680.653944015503
espcn,static,div2k,4,noise,0.5,260,3960,0.05156107917428017,24.133919143676756,0.042951458413153884,24.385037326812743,240,17.628443002700806,4698.282387018204
espcn,static,div2k,4,noise,0.5,261,3975,0.050788525491952896,24.16709187825521,0.04295413731597364,24.389559435844422,240,17.862867832183838,4716.145254850388
espcn,static,div2k,4,noise,0.5,262,3990,0.048106155296166735,24.55271797180176,0.043193988897837696,24.326300144195557,240,17.84701895713806,4733.992273807526
espcn,static,div2k,4,noise,0.5,263,4005,0.04792812193433444,24.558918507893882,0.04692367152310908,23.85897252559662,240,18.025224924087524,4752.017498731613
espcn,static,div2k,4,noise,0.5,264,4020,0.046563475579023364,24.970671717325846,0.04271145416423679,24.38195722103119,240,17.96713662147522,4769.984635353088
espcn,static,div2k,4,noise,0.5,265,4035,0.0452465442319711,25.207775115966797,0.042861778568476436,24.383667016029356,240,17.51282000541687,4787.497455358505
espcn,static,div2k,4,noise,0.5,266,4050,0.04926647171378136,24.61502024332682,0.044757565925829114,24.123482418060302,240,17.468846082687378,4804.966301441193
espcn,online,div2k,4,noise,0.5,0,14,0.28831812187477396,11.130095411230016,0.20532104782760144,12.106717848777771,216,15.904587745666504,15.904587745666504
espcn,online,div2k,4,noise,0.5,1,28,0.1886133192865937,13.056466137921369,0.13345952257514,15.581142342090606,216,16.4237642288208,32.328351974487305
espcn,online,div2k,4,noise,0.5,2,42,0.14772429896725547,14.929883674339012,0.10899619571864605,17.12241997718811,216,16.6464581489563,48.9748101234436
espcn,online,div2k,4,noise,0.5,3,56,0.12580754856268564,16.19900350217466,0.09156191661022603,18.531447517871857,216,16.609702825546265,65.58451294898987
espcn,online,div2k,4,noise,0.5,4,70,0.10497860803648278,17.669054879082573,0.08399213845841587,19.249296152591704,216,16.675565242767334,82.2600781917572
espcn,online,div2k,4,noise,0.5,5,84,0.0957977330243146,18.287405720463507,0.07681843219324946,19.957901585102082,216,16.768391132354736,99.02846932411194
espcn,online,div2k,4,noise,0.5,6,98,0.0844276241130299,19.439853880140518,0.0732670166529715,20.258800709247588,216,16.943729877471924,115.97219920158386
espcn,online,div2k,4,noise,0.5,7,112,0.08218695609657853,19.38439510486744,0.07629995648749173,20.098710310459136,216,17.034210920333862,133.00641012191772
espcn,online,div2k,4,noise,0.5,8,126,0.07943695838804599,19.90277353922526,0.06734577459283173,20.901807856559753,216,16.880434036254883,149.8868441581726
espcn,online,div2k,4,noise,0.5,9,140,0.07585642624784399,20.27018144395616,0.06731307366862893,20.951756966114043,216,17.035691022872925,166.92253518104553
espcn,online,div2k,4,noise,0.5,10,154,0.07540734884915529,20.209479014078777,0.06589253507554531,21.137071239948273,216,17.106030702590942,184.02856588363647
espcn,online,div2k,4,noise,0.5,11,168,0.07081551849842072,20.724252418235498,0.0630816931836307,21.408121824264526,216,17.010202169418335,201.0387680530548
espcn,online,div2k,4,noise,0.5,12,182,0.07084383594769018,20.931894655580873,0.061350288521498444,21.618758869171142,216,17.148921012878418,218.18768906593323
espcn,online,div2k,4,noise,0.5,13,196,0.06834273454215792,20.999027534767432,0.061740518035367134,21.61295690536499,216,17.04068398475647,235.2283730506897
espcn,online,div2k,4,noise,0.5,14,210,0.07190851425683056,20.698737109148944,0.059480882110074164,21.854043114185334,216,17.14889907836914,252.37727212905884
espcn,online,div2k,4,noise,0.5,15,224,0.06444304602013694,21.568472473709672,0.05951688219793141,21.891679179668426,216,16.964743852615356,269.3420159816742
espcn,online,div2k,4,noise,0.5,16,238,0.064871644532239,21.55525737338596,0.05911211925558746,21.948082971572877,216,16.753095149993896,286.0951111316681
espcn,online,div2k,4,noise,0.5,17,252,0.0647415629139653,21.632238741274232,0.05695115393027663,22.188646411895753,216,17.048194646835327,303.1433057785034
espcn,online,div2k,4,noise,0.5,18,266,0.06125698100637506,22.059264854148584,0.05720165250822902,22.17845070362091,216,16.94947123527527,320.0927770137787
espcn,online,div2k,4,noise,0.5,19,280,0.06041520102708428,22.292305911028826,0.0557416507974267,22.353927063941956,216,16.79383397102356,336.88661098480225
espcn,online,div2k,4,noise,0.5,20,294,0.06150782384254314,21.94731373257107,0.05531870028935373,22.430481553077698,216,16.876502990722656,353.7631139755249
espcn,online,div2k,4,noise,0.5,21,308,0.05953616359167629,22.22508819014938,0.056254132906906305,22.370764899253846,216,16.805752992630005,370.5688669681549
espcn,online,div2k,4,noise,0.5,22,322,0.06074591836443654,22.288035640010126,0.05519110418390483,22.48363423347473,216,16.57286500930786,387.14173197746277
espcn,online,div2k,4,noise,0.5,23,336,0.060538527038362294,22.14427926805284,0.05463281697593629,22.564764499664307,216,16.54041600227356,403.6821479797363
espcn,online,div2k,4,noise,0.5,24,350,0.06098063262524428,22.306749273229528,0.055433835042640565,22.46149387359619,216,16.425639152526855,420.1077871322632
espcn,online,div2k,4,noise,0.5,25,364,0.056297699748365966,22.85497185035988,0.052828014036640523,22.75003581047058,216,16.534221172332764,436.64200830459595
espcn,online,div2k,4,noise,0.5,26,378,0.057243425950959874,22.773683547973633,0.05288827074691653,22.785882902145385,216,16.5242600440979,453.16626834869385
espcn,online,div2k,4,noise,0.5,27,392,0.058500007070876936,22.533862643771702,0.05548359458334744,22.51347599029541,216,16.502726793289185,469.66899514198303
espcn,online,div2k,4,noise,0.5,28,406,0.058985778165084345,22.411750581529404,0.05262268744409084,22.85754475593567,216,16.556325912475586,486.2253210544586
espcn,online,div2k,4,noise,0.5,29,420,0.058580689408161024,22.553562729446977,0.052888310863636434,22.833054995536806,216,16.459802865982056,502.6851239204407
espcn,online,div2k,4,noise,0.5,30,434,0.05531099162719868,23.003411681563765,0.05119854419026524,23.02648742198944,216,16.365511894226074,519.0506358146667
espcn,online,div2k,4,noise,0.5,31,448,0.0540016547397331,23.233156698721427,0.052172051183879374,22.893100357055665,216,16.401368141174316,535.4520039558411
espcn,online,div2k,4,noise,0.5,32,462,0.055556055434324125,23.020982883594655,0.052142932848073545,22.955052781105042,216,16.39965796470642,551.8516619205475
espcn,online,div2k,4,noise,0.5,33,476,0.0547807729906506,23.241379773175275,0.054925133218057455,22.6073077917099,216,16.364737033843994,568.2163989543915
espcn,online,div2k,4,noise,0.5,34,490,0.055270611963890215,22.98677557486075,0.05525414790026843,22.597155451774597,216,16.32321000099182,584.5396089553833
espcn,online,div2k,4,noise,0.5,35,504,0.05666131664205481,23.01397450764974,0.05660169862676412,22.483101272583006,216,16.276705026626587,600.8163139820099
espcn,online,div2k,4,noise,0.5,36,518,0.05490916732836653,23.20001079418041,0.052881976775825026,22.902773022651672,216,16.294639825820923,617.1109538078308
espcn,online,div2k,4,noise,0.5,37,532,0.055688921776082784,23.046713016651296,0.050327172270044684,23.175836849212647,216,16.245784997940063,633.3567388057709
espcn,online,div2k,4,noise,0.5,38,546,0.05494350498473203,23.132129386619287,0.05044739947188646,23.172130465507507,216,16.463510036468506,649.8202488422394
espcn,online,div2k,4,noise,0.5,39,560,0.05573407229450014,23.1888550652398,0.05370578202418983,22.85872964859009,216,16.315486192703247,666.1357350349426
espcn,online,div2k,4,noise,0.5,40,574,0.05542525897423426,23.022599396882235,0.049936363263987,23.264333510398863,216,16.51487636566162,682.6506114006042
espcn,online,div2k,4,noise,0.5,41,588,0.05251311621180287,23.695293426513672,0.050247658882290124,23.218408513069154,216,16.55012083053589,699.2007322311401
espcn,online,div2k,4,noise,0.5,42,602,0.05322221114679619,23.450551492196542,0.05734227388165891,22.459537816047668,216,16.67859196662903,715.8793241977692
espcn,online,div2k,4,noise,0.5,43,616,0.05392438366457268,23.38287028559932,0.0514338550157845,23.115891909599306,216,16.613983392715454,732.4933075904846
espcn,online,div2k,4,noise,0.5,44,630,0.054993391312934736,23.098494635687935,0.049550901539623736,23.32442674636841,216,16.74848484992981,749.2417924404144
espcn,online,div2k,4,noise,0.5,45,644,0.05297002651625209,23.366249296400284,0.04870522965211421,23.425200963020323,216,17.021517038345337,766.2633094787598
espcn,online,div2k,4,noise,0.5,46,658,0.05072293016645643,23.796404944525825,0.04851969229057431,23.44651117324829,216,16.953302145004272,783.216611623764
espcn,online,div2k,4,noise,0.5,47,672,0.05264663723883806,23.458267635769314,0.049534549843519925,23.32015993595123,216,16.926916122436523,800.1435277462006
espcn,online,div2k,4,noise,0.5,48,686,0.05009034772713979,24.001739855165834,0.05230894638225436,23.00292212963104,216,16.896974086761475,817.040501832962
espcn,online,div2k,4,noise,0.5,49,700,0.054230348103576236,23.349189546373154,0.05102701399009675,23.17599685192108,216,17.102593183517456,834.1430950164795
espcn,online,div2k,4,noise,0.5,50,714,0.051348955267005496,23.88470381277579,0.04793627909384668,23.532063126564026,216,17.22458815574646,851.367683172226
espcn,online,div2k,4,noise,0.5,51,728,0.04985343651087196,23.905913529572665,0.048164058057591316,23.507215571403503,216,17.148485898971558,868.5161690711975
espcn,online,div2k,4,noise,0.5,52,742,0.05077307643713774,23.866705082080983,0.05189935362432152,23.139780616760255,216,17.101921796798706,885.6180908679962
espcn,online,div2k,4,noise,0.5,53,756,0.05181722977647075,23.81302840621383,0.05264462220948189,22.97591106891632,216,17.07259178161621,902.6906826496124
espcn,online,div2k,4,noise,0.5,54,770,0.053263487915198006,23.4256569897687,0.04839707093778998,23.481129336357117,216,16.934614896774292,919.6252975463867
espcn,online,div2k,4,noise,0.5,55,784,0.051778868668609195,23.595588825367116,0.04989541745744645,23.295081114768983,216,16.995723962783813,936.6210215091705
espcn,online,div2k,4,noise,0.5,56,798,0.05112646189000872,23.826448793764467,0.048019565735012294,23.552413654327392,216,17.004228830337524,953.625250339508
espcn,online,div2k,4,noise,0.5,57,812,0.05187402693209825,23.71482976277669,0.047656832612119615,23.58050513267517,216,16.911112785339355,970.5363631248474
espcn,online,div2k,4,noise,0.5,58,826,0.049193926707462025,23.96144563180429,0.047289072955027225,23.63894429206848,216,16.796288013458252,987.3326511383057
espcn,online,div2k,4,noise,0.5,59,840,0.04828577999163557,24.295935171621817,0.04785913843661547,23.5566175699234,216,16.636070013046265,1003.9687211513519
espcn,online,div2k,4,noise,0.5,60,854,0.05041795334330312,23.82193296926993,0.04866627254523337,23.471082854270936,216,16.781550884246826,1020.7502720355988
espcn,online,div2k,4,noise,0.5,61,868,0.05110977921220991,23.759918636745876,0.04771275501698256,23.62070515155792,216,16.705781936645508,1037.4560539722443
espcn,online,div2k,4,noise,0.5,62,882,0.04843869556983312,24.311806148952908,0.04677494242787361,23.706113576889038,216,16.591132164001465,1054.0471861362457
espcn,online,div2k,4,noise,0.5,63,896,0.051008591773333375,23.82865086308232,0.04681345713324845,23.697914814949037,216,16.600768089294434,1070.6479542255402
espcn,online,div2k,4,noise,0.5,64,910,0.048444484532983216,24.224448380646884,0.047220271173864604,23.65359835624695,216,16.509313106536865,1087.157267332077
espcn,online,div2k,4,noise,0.5,65,924,0.048592396908336215,24.22147892139576,0.04705727368127555,23.688020515441895,216,16.523579120635986,1103.680846452713
espcn,online,div2k,4,noise,0.5,66,938,0.050500546064641744,24.02166606761791,0.047423670347779986,23.6810133934021,216,17.42465376853943,1121.1055002212524
espcn,online,div2k,4,noise,0.5,67,952,0.05083068156683886,23.842386104442454,0.04940622677095234,23.37619893550873,216,14.665472030639648,1135.770972251892
espcn,online,div2k,4,noise,0.5,68,966,0.048629862566788994,24.182352843108,0.048637474328279494,23.514692401885988,216,14.139292001724243,1149.9102642536163
espcn,online,div2k,4,noise,0.5,69,980,0.0495982334293701,24.104989793565537,0.048208462563343345,23.531050705909728,216,14.104079246520996,1164.0143435001373
espcn,online,div2k,4,noise,0.5,70,994,0.049458416247809375,24.173676384819878,0.046840965491719545,23.725486636161804,216,14.148914813995361,1178.1632583141327
espcn,online,div2k,4,noise,0.5,71,1008,0.05101389782848181,23.819981045193142,0.04646897111088037,23.763696479797364,216,14.152915954589844,1192.3161742687225
espcn,online,div2k,4,noise,0.5,72,1022,0.04872163771479218,24.231921443232782,0.04630740580614656,23.78948256969452,216,14.12807321548462,1206.4442474842072
espcn,online,div2k,4,noise,0.5,73,1036,0.04974405177765422,24.118709564208984,0.04962088882457465,23.37210884094238,216,14.111151218414307,1220.5553987026215
espcn,online,div2k,4,noise,0.5,74,1050,0.049753834665925416,24.063183607878507,0.0501717833802104,23.317990612983703,216,14.176937341690063,1234.7323360443115
espcn,online,div2k,4,noise,0.5,75,1064,0.05007070772073887,24.04520684701425,0.05253018471412361,23.079855513572692,216,14.152981042861938,1248.8853170871735
espcn,online,div2k,4,noise,0.5,76,1078,0.04925413829860864,24.115886688232422,0.04722301091533154,23.696781206130982,216,14.108597040176392,1262.9939141273499
espcn,online,div2k,4,noise,0.5,77,1092,0.05054759316974216,23.954854046856916,0.04807554129511118,23.581678318977357,216,14.12333607673645,1277.1172502040863
espcn,online,div2k,4,noise,0.5,78,1106,0.04970162527428733,24.109332331904657,0.05162354935891926,23.144008922576905,216,14.12394404411316,1291.2411942481995
espcn,online,div2k,4,noise,0.5,79,1120,0.05136795066021107,23.905367250795717,0.04764448599889874,23.63862931728363,216,14.157217025756836,1305.3984112739563
espcn,online,div2k,4,noise,0.5,80,1134,0.050954196602106094,23.935996656064635,0.04855271640699357,23.53719139099121,216,14.100621700286865,1319.4990329742432
espcn,online,div2k,4,noise,0.5,81,1148,0.04988165296338223,24.036450492011177,0.04852007173467428,23.537689685821533,216,14.00956106185913,1333.5085940361023
espcn,online,div2k,4,noise,0.5,82,1162,0.04734854331171071,24.31865946451823,0.0464457435766235,23.786983799934386,216,14.067336320877075,1347.5759303569794
espcn,online,div2k,4,noise,0.5,83,1176,0.0490016073540405,24.16164963333695,0.046268190769478676,23.813721561431883,216,14.056648969650269,1361.6325793266296
espcn,online,div2k,4,noise,0.5,84,1190,0.046467902759710945,24.385547214084202,0.04588262273464352,23.85518102645874,216,14.037126302719116,1375.6697056293488
espcn,online,div2k,4,noise,0.5,85,1204,0.046228327271011144,24.6562117823848,0.045827361894771455,23.867656230926514,216,14.026005029678345,1389.695710659027
espcn,online,div2k,4,noise,0.5,86,1218,0.04593012068006727,24.733786053127712,0.045699089486151936,23.873785853385925,216,14.00588607788086,1403.701596736908
espcn,online,div2k,4,noise,0.5,87,1232,0.0495046004652977,24.166485327261466,0.047326269862242046,23.663552856445314,216,14.069579124450684,1417.7711758613586
espcn,online,div2k,4,noise,0.5,88,1246,0.05027546361088753,24.023265414767796,0.04684564066119492,23.76165189743042,216,14.056819200515747,1431.8279950618744
espcn,online,div2k,4,noise,0.5,89,1260,0.05135351350461995,23.87302299782082,0.04582612393423915,23.872178816795348,216,14.030189037322998,1445.8581840991974
espcn,online,div2k,4,noise,0.5,90,1274,0.05036822568487238,23.964070991233545,0.047651721606962384,23.650274538993834,216,14.060601234436035,1459.9187853336334
espcn,online,div2k,4,noise,0.5,91,1288,0.04908923087296663,24.35210602371781,0.05038390257395804,23.29467144012451,216,14.002343893051147,1473.9211292266846
espcn,online,div2k,4,noise,0.5,92,1302,0.04904010491790595,24.18422607139305,0.046365240053273735,23.834285020828247,216,14.043009042739868,1487.9641382694244
espcn,online,div2k,4,noise,0.5,93,1316,0.04843521863222122,24.301763746473526,0.048354621976614,23.546614789962767,216,14.123293161392212,1502.0874314308167
espcn,online,div2k,4,noise,0.5,94,1330,0.04786456928209022,24.390835797345197,0.0471246192464605,23.736508584022523,216,14.16373085975647,1516.2511622905731
espcn,online,div2k,4,noise,0.5,95,1344,0.04793019854912051,24.31869160687482,0.04638398459646851,23.847917461395262,216,14.15270709991455,1530.4038693904877
espcn,online,div2k,4,noise,0.5,96,1358,0.049582547335713,24.23252515439634,0.04897004177328199,23.515139555931093,216,14.150856971740723,1544.5547263622284
espcn,online,div2k,4,noise,0.5,97,1372,0.04817302938964632,24.384301644784433,0.04567064605653286,23.914585089683534,216,14.08919095993042,1558.6439173221588
espcn,online,div2k,4,noise,0.5,98,1386,0.04791637579048121,24.39552158779568,0.046068158280104396,23.871833205223083,216,14.012859106063843,1572.6567764282227
espcn,online,div2k,4,noise,0.5,99,1400,0.04643585726066872,24.6439331902398,0.04530560453422368,23.965522933006287,216,14.08345913887024,1586.740235567093
espcn,online,div2k,4,noise,0.5,100,1414,0.047029635282578294,24.646190643310547,0.04587069044355303,23.898560285568237,216,14.072444915771484,1600.8126804828644
espcn,online,div2k,4,noise,0.5,101,1428,0.04690876285786982,24.509266323513454,0.044916509790346025,24.01386890411377,216,14.086348056793213,1614.8990285396576
espcn,online,div2k,4,noise,0.5,102,1442,0.048652662309231584,24.21799271195023,0.04623655625618994,23.85345253944397,216,14.07163691520691,1628.9706654548645
espcn,online,div2k,4,noise,0.5,103,1456,0.04717791384017026,24.54567817405418,0.045481352997012434,23.94502353668213,216,14.112390041351318,1643.0830554962158
espcn,online,div2k,4,noise,0.5,104,1470,0.04712952976977384,24.531388600667317,0.04530924779828638,23.969445657730102,216,14.051115989685059,1657.1341714859009
espcn,online,div2k,4,noise,0.5,105,1484,0.046463133560286626,24.666599414966726,0.04479198800399899,24.024139881134033,216,14.05722689628601,1671.191398382187
espcn,online,div2k,4,noise,0.5,106,1498,0.047102827302835604,24.47449677078812,0.045123933744616804,23.991288471221925,216,14.086732149124146,1685.278130531311
espcn,online,div2k,4,noise,0.5,107,1512,0.046551918128022444,24.624336101390696,0.045003885333426294,23.997823572158815,216,14.107285976409912,1699.385416507721
espcn,online,div2k,4,noise,0.5,108,1526,0.04650947851715265,24.771975764521844,0.048056731629185376,23.62282748222351,216,13.997149229049683,1713.3825657367706
espcn,online,div2k,4,noise,0.5,109,1540,0.05083912031518088,23.959737141927082,0.04524916694499552,23.97925434112549,216,14.056267023086548,1727.4388327598572
espcn,online,div2k,4,noise,0.5,110,1554,0.04677705549531513,24.63800599839952,0.044871059525758025,24.029499769210815,216,14.061905860900879,1741.500738620758
espcn,online,div2k,4,noise,0.5,111,1568,0.047364501627507036,24.62918394583243,0.04483556828927249,24.03226833343506,216,14.0333571434021,1755.5340957641602
espcn,online,div2k,4,noise,0.5,112,1582,0.04813358146283361,24.387868386727792,0.045120712858624755,24.01458361148834,216,14.059834957122803,1769.593930721283
espcn,online,div2k,4,noise,0.5,113,1596,0.048014106021987066,24.444963384557653,0.045439009577967225,23.982642650604248,216,14.099047183990479,1783.6929779052734
espcn,online,div2k,4,noise,0.5,114,1610,0.04593787963191668,24.734162577876337,0.04459117732476443,24.070442700386046,216,14.04898715019226,1797.7419650554657
espcn,online,div2k,4,noise,0.5,115,1624,0.049233596909929206,24.21351220872667,0.0453906936571002,23.979383087158205,216,14.068815231323242,1811.810780286789
espcn,online,div2k,4,noise,0.5,116,1638,0.04536468356295868,24.79711546721282,0.0467274920316413,23.821664786338808,216,14.108888626098633,1825.9196689128876
espcn,online,div2k,4,noise,0.5,117,1652,0.046942646994634914,24.643516540527344,0.045512038259767,23.953382062911988,216,14.108465909957886,1840.0281348228455
espcn,online,div2k,4,noise,0.5,118,1666,0.048493620560125066,24.279535081651474,0.04497904777526855,24.017684507369996,216,14.036494016647339,1854.0646288394928
espcn,online,div2k,4,noise,0.5,119,1680,0.046709882026469265,24.743512754087096,0.04458639870863408,24.068810296058654,216,14.04231309890747,1868.1069419384003
espcn,online,div2k,4,noise,0.5,120,1694,0.04671441266934077,24.561518280594438,0.04617620054632425,23.86036546230316,216,14.054506778717041,1882.1614487171173
espcn,online,div2k,4,noise,0.5,121,1708,0.0462943937767435,24.66080602010091,0.04436499250587076,24.10629835128784,216,14.08936595916748,1896.2508146762848
espcn,online,div2k,4,noise,0.5,122,1722,0.04630393300343443,24.61664072672526,0.04422952926252037,24.117562913894652,216,14.059651136398315,1910.310465812683
espcn,online,div2k,4,noise,0.5,123,1736,0.04597902794679006,24.73157416449653,0.04454998029395938,24.07917718887329,216,14.066903829574585,1924.3773696422577
espcn,online,div2k,4,noise,0.5,124,1750,0.04498204657876933,25.029183635005243,0.04855743341613561,23.607312989234924,216,14.037200927734375,1938.414570569992
espcn,online,div2k,4,noise,0.5,125,1764,0.049213123266343715,24.267359839545357,0.04480365803465247,24.053068447113038,216,14.138883113861084,1952.5534536838531
espcn,online,div2k,4,noise,0.5,126,1778,0.04662068381353661,24.72270824291088,0.04433883456513286,24.099965977668763,216,14.025075912475586,1966.5785295963287
espcn,online,div2k,4,noise,0.5,127,1792,0.0441822757323583,25.08314076176396,0.04603993371129036,23.876174664497377,216,14.016985893249512,1980.5955154895782
espcn,online,div2k,4,noise,0.5,128,1806,0.0448770999080605,24.960525371410228,0.04506183343473822,23.996242690086365,216,14.084035873413086,1994.6795513629913
espcn,online,div2k,4,noise,0.5,129,1820,0.045619725767109126,24.87270920364945,0.04692781281191856,23.79479229450226,216,14.129137754440308,2008.8086891174316
espcn,online,div2k,4,noise,0.5,130,1834,0.04798555594903452,24.46619330512153,0.046849397383630274,23.828471899032593,216,14.053795099258423,2022.86248421669
espcn,online,div2k,4,noise,0.5,131,1848,0.04750479730191054,24.59688440958659,0.04500979168806225,24.043247318267824,216,14.065624713897705,2036.9281089305878
espcn,online,div2k,4,noise,0.5,132,1862,0.046519116670997056,24.775862517180265,0.045172536326572296,24.022162365913392,216,14.107099771499634,2051.0352087020874
espcn,online,div2k,4,noise,0.5,133,1876,0.04693461237130342,24.503645013879847,0.0446947964373976,24.08964161872864,216,14.037614107131958,2065.0728228092194
espcn,online,div2k,4,noise,0.5,134,1890,0.04603813919756147,24.786878727100515,0.046263999701477584,23.878368401527403,216,14.06640100479126,2079.1392238140106
espcn,online,div2k,4,noise,0.5,135,1904,0.046130359172821045,24.850799207334166,0.05543985315598547,22.848943948745728,216,14.04412293434143,2093.183346748352
espcn,online,div2k,4,noise,0.5,136,1918,0.05169322051935726,23.99138563650626,0.05409988465253264,22.938488483428955,216,14.109167098999023,2107.292513847351
espcn,online,div2k,4,noise,0.5,137,1932,0.0508878156542778,24.08156719914189,0.04983172216452658,23.4559517621994,216,14.056740999221802,2121.349254846573
